/*!40101 SET NAMES utf8 */;
/*!40014 SET FOREIGN_KEY_CHECKS=0 */;
/*!40101 SET SQL_MODE='NO_AUTO_VALUE_ON_ZERO' */;
/*!40111 SET SQL_NOTES=0 */;
DROP TABLE IF EXISTS addresses;
CREATE TABLE `addresses` (
  `id` int NOT NULL,
  `ownerId` int DEFAULT NULL,
  `countryCode` varchar(255) NOT NULL,
  `administrativeArea` varchar(255) DEFAULT NULL,
  `locality` varchar(255) DEFAULT NULL,
  `dependentLocality` varchar(255) DEFAULT NULL,
  `postalCode` varchar(255) DEFAULT NULL,
  `sortingCode` varchar(255) DEFAULT NULL,
  `addressLine1` varchar(255) DEFAULT NULL,
  `addressLine2` varchar(255) DEFAULT NULL,
  `organization` varchar(255) DEFAULT NULL,
  `organizationTaxId` varchar(255) DEFAULT NULL,
  `fullName` varchar(255) DEFAULT NULL,
  `firstName` varchar(255) DEFAULT NULL,
  `lastName` varchar(255) DEFAULT NULL,
  `latitude` varchar(255) DEFAULT NULL,
  `longitude` varchar(255) DEFAULT NULL,
  `dateCreated` datetime NOT NULL,
  `dateUpdated` datetime NOT NULL,
  PRIMARY KEY (`id`),
  KEY `fk_ghrxsjrrvfpfepllsvbyalweebdsjrpbumno` (`ownerId`),
  CONSTRAINT `fk_ghrxsjrrvfpfepllsvbyalweebdsjrpbumno` FOREIGN KEY (`ownerId`) REFERENCES `elements` (`id`) ON DELETE CASCADE,
  CONSTRAINT `fk_ieahdykyntfagwqpyzhasmrgcohcshkuvpio` FOREIGN KEY (`id`) REFERENCES `elements` (`id`) ON DELETE CASCADE
) ENGINE=InnoDB DEFAULT CHARSET=utf8mb3;

DROP TABLE IF EXISTS announcements;
CREATE TABLE `announcements` (
  `id` int NOT NULL AUTO_INCREMENT,
  `userId` int NOT NULL,
  `pluginId` int DEFAULT NULL,
  `heading` varchar(255) NOT NULL,
  `body` text NOT NULL,
  `unread` tinyint(1) NOT NULL DEFAULT '1',
  `dateRead` datetime DEFAULT NULL,
  `dateCreated` datetime NOT NULL,
  PRIMARY KEY (`id`),
  KEY `idx_bpbgauegvaajuilweomshrzyahsodgmhdapd` (`userId`,`unread`,`dateRead`,`dateCreated`),
  KEY `idx_forcumardujnlmnragjwogpstcfiwtrwmswp` (`dateRead`),
  KEY `fk_kxqnwcegeanwfkgwrxdtmmfasyuqbkvstfqm` (`pluginId`),
  CONSTRAINT `fk_kxqnwcegeanwfkgwrxdtmmfasyuqbkvstfqm` FOREIGN KEY (`pluginId`) REFERENCES `plugins` (`id`) ON DELETE CASCADE,
  CONSTRAINT `fk_thfulztnelirxtaaidpmzidhgordjyluaele` FOREIGN KEY (`userId`) REFERENCES `users` (`id`) ON DELETE CASCADE
) ENGINE=InnoDB DEFAULT CHARSET=utf8mb3;

DROP TABLE IF EXISTS assetindexdata;
CREATE TABLE `assetindexdata` (
  `id` int NOT NULL AUTO_INCREMENT,
  `sessionId` int NOT NULL,
  `volumeId` int NOT NULL,
  `uri` text,
  `size` bigint unsigned DEFAULT NULL,
  `timestamp` datetime DEFAULT NULL,
  `isDir` tinyint(1) DEFAULT '0',
  `recordId` int DEFAULT NULL,
  `isSkipped` tinyint(1) DEFAULT '0',
  `inProgress` tinyint(1) DEFAULT '0',
  `completed` tinyint(1) DEFAULT '0',
  `dateCreated` datetime NOT NULL,
  `dateUpdated` datetime NOT NULL,
  `uid` char(36) NOT NULL DEFAULT '0',
  PRIMARY KEY (`id`),
  KEY `idx_herbfetxbmujhbeltnqekclakzclwefhkbph` (`sessionId`,`volumeId`),
  KEY `idx_cpszvfsbwtbwuhqlvayxtbiejwfuhddjaurt` (`volumeId`),
  CONSTRAINT `fk_addjncftjmshtpjvfwmwtvcwgyiiazopumto` FOREIGN KEY (`sessionId`) REFERENCES `assetindexingsessions` (`id`) ON DELETE CASCADE,
  CONSTRAINT `fk_agiuesnkkwziiojdccrsgbfcnvbmcliaggko` FOREIGN KEY (`volumeId`) REFERENCES `volumes` (`id`) ON DELETE CASCADE
) ENGINE=InnoDB DEFAULT CHARSET=utf8mb3;

DROP TABLE IF EXISTS assetindexingsessions;
CREATE TABLE `assetindexingsessions` (
  `id` int NOT NULL AUTO_INCREMENT,
  `indexedVolumes` text,
  `totalEntries` int DEFAULT NULL,
  `processedEntries` int NOT NULL DEFAULT '0',
  `cacheRemoteImages` tinyint(1) DEFAULT NULL,
  `listEmptyFolders` tinyint(1) DEFAULT '0',
  `isCli` tinyint(1) DEFAULT '0',
  `actionRequired` tinyint(1) DEFAULT '0',
  `processIfRootEmpty` tinyint(1) DEFAULT '0',
  `dateCreated` datetime NOT NULL,
  `dateUpdated` datetime NOT NULL,
  `uid` char(36) NOT NULL DEFAULT '0',
  PRIMARY KEY (`id`)
) ENGINE=InnoDB DEFAULT CHARSET=utf8mb3;

DROP TABLE IF EXISTS assets;
CREATE TABLE `assets` (
  `id` int NOT NULL,
  `volumeId` int DEFAULT NULL,
  `folderId` int NOT NULL,
  `uploaderId` int DEFAULT NULL,
  `filename` varchar(255) NOT NULL,
  `kind` varchar(50) NOT NULL DEFAULT 'unknown',
  `alt` text,
  `width` int unsigned DEFAULT NULL,
  `height` int unsigned DEFAULT NULL,
  `size` bigint unsigned DEFAULT NULL,
  `focalPoint` varchar(13) DEFAULT NULL,
  `deletedWithVolume` tinyint(1) DEFAULT NULL,
  `keptFile` tinyint(1) DEFAULT NULL,
  `dateModified` datetime DEFAULT NULL,
  `dateCreated` datetime NOT NULL,
  `dateUpdated` datetime NOT NULL,
  PRIMARY KEY (`id`),
  KEY `idx_chibwbkemlotgpadhhnokpkbtfaecsbgbroa` (`filename`,`folderId`),
  KEY `idx_bawubvggeaciwoyuhvrcfvfuysvhbbxqyyqd` (`folderId`),
  KEY `idx_beisuazodwmhdfchauqjajylfvtpfugrxrfg` (`volumeId`),
  KEY `fk_upwlgfpjpzzcdmjksbosbrpizmfunvkhkzpx` (`uploaderId`),
  CONSTRAINT `fk_jqhyvcalydawkpskdqlxahcvjspdgnirsslo` FOREIGN KEY (`id`) REFERENCES `elements` (`id`) ON DELETE CASCADE,
  CONSTRAINT `fk_kefalxuqivwocuzwkiywwmjdievvqmfetlke` FOREIGN KEY (`volumeId`) REFERENCES `volumes` (`id`) ON DELETE CASCADE,
  CONSTRAINT `fk_pbhczpvnqhbudntkkzgvfghfyckudkkggejb` FOREIGN KEY (`folderId`) REFERENCES `volumefolders` (`id`) ON DELETE CASCADE,
  CONSTRAINT `fk_upwlgfpjpzzcdmjksbosbrpizmfunvkhkzpx` FOREIGN KEY (`uploaderId`) REFERENCES `users` (`id`) ON DELETE SET NULL
) ENGINE=InnoDB DEFAULT CHARSET=utf8mb3;

DROP TABLE IF EXISTS categories;
CREATE TABLE `categories` (
  `id` int NOT NULL,
  `groupId` int NOT NULL,
  `parentId` int DEFAULT NULL,
  `deletedWithGroup` tinyint(1) DEFAULT NULL,
  `dateCreated` datetime NOT NULL,
  `dateUpdated` datetime NOT NULL,
  PRIMARY KEY (`id`),
  KEY `idx_uhdskgptdynisokqrifgdaaqofqsaixhhlfp` (`groupId`),
  KEY `fk_snrhnlrexuhwjdokmvuvtfkzubmoorpgzyyj` (`parentId`),
  CONSTRAINT `fk_lziwiplblrhjwnjmmszyyzrzopnyfvjdglgy` FOREIGN KEY (`id`) REFERENCES `elements` (`id`) ON DELETE CASCADE,
  CONSTRAINT `fk_rowrrkmnooazefzulelbsfhoksegnojbofge` FOREIGN KEY (`groupId`) REFERENCES `categorygroups` (`id`) ON DELETE CASCADE,
  CONSTRAINT `fk_snrhnlrexuhwjdokmvuvtfkzubmoorpgzyyj` FOREIGN KEY (`parentId`) REFERENCES `categories` (`id`) ON DELETE SET NULL
) ENGINE=InnoDB DEFAULT CHARSET=utf8mb3;

DROP TABLE IF EXISTS categorygroups;
CREATE TABLE `categorygroups` (
  `id` int NOT NULL AUTO_INCREMENT,
  `structureId` int NOT NULL,
  `fieldLayoutId` int DEFAULT NULL,
  `name` varchar(255) NOT NULL,
  `handle` varchar(255) NOT NULL,
  `defaultPlacement` enum('beginning','end') NOT NULL DEFAULT 'end',
  `dateCreated` datetime NOT NULL,
  `dateUpdated` datetime NOT NULL,
  `dateDeleted` datetime DEFAULT NULL,
  `uid` char(36) NOT NULL DEFAULT '0',
  PRIMARY KEY (`id`),
  KEY `idx_tudephngcuviugslaninplkfrudcrzdcqdjw` (`name`),
  KEY `idx_yfczggzzirxjfbzbwdkibddsejesmsjbuxah` (`handle`),
  KEY `idx_tyctgxftfrpjgunkgiviohikttqizwyjxguq` (`structureId`),
  KEY `idx_cozudeifwgtgmfyndpdguwbeyyuqetcxnovl` (`fieldLayoutId`),
  KEY `idx_tvsqkzwvktqrvsluxkdjltbilnkbnpqeoqiq` (`dateDeleted`),
  CONSTRAINT `fk_jrvqjtgqsuroxyecbihxybihjibxiivlwegt` FOREIGN KEY (`fieldLayoutId`) REFERENCES `fieldlayouts` (`id`) ON DELETE SET NULL,
  CONSTRAINT `fk_oitpcrgqzscuppwcaqldczfocfndgftavaqu` FOREIGN KEY (`structureId`) REFERENCES `structures` (`id`) ON DELETE CASCADE
) ENGINE=InnoDB AUTO_INCREMENT=3 DEFAULT CHARSET=utf8mb3;

DROP TABLE IF EXISTS categorygroups_sites;
CREATE TABLE `categorygroups_sites` (
  `id` int NOT NULL AUTO_INCREMENT,
  `groupId` int NOT NULL,
  `siteId` int NOT NULL,
  `hasUrls` tinyint(1) NOT NULL DEFAULT '1',
  `uriFormat` text,
  `template` varchar(500) DEFAULT NULL,
  `dateCreated` datetime NOT NULL,
  `dateUpdated` datetime NOT NULL,
  `uid` char(36) NOT NULL DEFAULT '0',
  PRIMARY KEY (`id`),
  UNIQUE KEY `idx_tlguxaifkghbasjzaegksuduuiurorjqyzgn` (`groupId`,`siteId`),
  KEY `idx_ihatymvolbmceyknmstxwpffkfesjxblvjyc` (`siteId`),
  CONSTRAINT `fk_fkuqwizhexdhpvmkkqpjtturylsdbbuxickg` FOREIGN KEY (`groupId`) REFERENCES `categorygroups` (`id`) ON DELETE CASCADE,
  CONSTRAINT `fk_spymvapnqmvuqjgayzonmxcaendsgdunyoqi` FOREIGN KEY (`siteId`) REFERENCES `sites` (`id`) ON DELETE CASCADE ON UPDATE CASCADE
) ENGINE=InnoDB AUTO_INCREMENT=3 DEFAULT CHARSET=utf8mb3;

DROP TABLE IF EXISTS changedattributes;
CREATE TABLE `changedattributes` (
  `elementId` int NOT NULL,
  `siteId` int NOT NULL,
  `attribute` varchar(255) NOT NULL,
  `dateUpdated` datetime NOT NULL,
  `propagated` tinyint(1) NOT NULL,
  `userId` int DEFAULT NULL,
  PRIMARY KEY (`elementId`,`siteId`,`attribute`),
  KEY `idx_xaxrucqscklwtnxumfebwwamrriaibrvcjni` (`elementId`,`siteId`,`dateUpdated`),
  KEY `fk_jbhrpuasoudomoeigujnocosajwjhacrprql` (`siteId`),
  KEY `fk_sqateelfijcdyqacmwrpxsqplckhqodsixwt` (`userId`),
  CONSTRAINT `fk_jbhrpuasoudomoeigujnocosajwjhacrprql` FOREIGN KEY (`siteId`) REFERENCES `sites` (`id`) ON DELETE CASCADE ON UPDATE CASCADE,
  CONSTRAINT `fk_racmgxiomajiwjfakxdogklivlnfkioljkpu` FOREIGN KEY (`elementId`) REFERENCES `elements` (`id`) ON DELETE CASCADE ON UPDATE CASCADE,
  CONSTRAINT `fk_sqateelfijcdyqacmwrpxsqplckhqodsixwt` FOREIGN KEY (`userId`) REFERENCES `users` (`id`) ON DELETE SET NULL ON UPDATE CASCADE
) ENGINE=InnoDB DEFAULT CHARSET=utf8mb3;

DROP TABLE IF EXISTS changedfields;
CREATE TABLE `changedfields` (
  `elementId` int NOT NULL,
  `siteId` int NOT NULL,
  `fieldId` int NOT NULL,
  `dateUpdated` datetime NOT NULL,
  `propagated` tinyint(1) NOT NULL,
  `userId` int DEFAULT NULL,
  PRIMARY KEY (`elementId`,`siteId`,`fieldId`),
  KEY `idx_qeykfzipcvretpsighqyzffsvmvpuwcdwuin` (`elementId`,`siteId`,`dateUpdated`),
  KEY `fk_zxlmvatxwzhdjhbsvkpdhmjksygdrivqvieu` (`siteId`),
  KEY `fk_qyzhvgwdniakqqdhfcobpcbvvwkxwelybemx` (`fieldId`),
  KEY `fk_tedewdzyhlreqwcwgyeiidgiiewbydemqjgu` (`userId`),
  CONSTRAINT `fk_bvzdojubktwfszrwsefjybxroroduzoulosr` FOREIGN KEY (`elementId`) REFERENCES `elements` (`id`) ON DELETE CASCADE ON UPDATE CASCADE,
  CONSTRAINT `fk_qyzhvgwdniakqqdhfcobpcbvvwkxwelybemx` FOREIGN KEY (`fieldId`) REFERENCES `fields` (`id`) ON DELETE CASCADE ON UPDATE CASCADE,
  CONSTRAINT `fk_tedewdzyhlreqwcwgyeiidgiiewbydemqjgu` FOREIGN KEY (`userId`) REFERENCES `users` (`id`) ON DELETE SET NULL ON UPDATE CASCADE,
  CONSTRAINT `fk_zxlmvatxwzhdjhbsvkpdhmjksygdrivqvieu` FOREIGN KEY (`siteId`) REFERENCES `sites` (`id`) ON DELETE CASCADE ON UPDATE CASCADE
) ENGINE=InnoDB DEFAULT CHARSET=utf8mb3;

DROP TABLE IF EXISTS content;
CREATE TABLE `content` (
  `id` int NOT NULL AUTO_INCREMENT,
  `elementId` int NOT NULL,
  `siteId` int NOT NULL,
  `title` varchar(255) DEFAULT NULL,
  `dateCreated` datetime NOT NULL,
  `dateUpdated` datetime NOT NULL,
  `uid` char(36) NOT NULL DEFAULT '0',
  `field_body_ivhuqfnz` text,
  `field_price_qjselyjq` int DEFAULT NULL,
  `field_description_wncjpcso` text,
  `field_relatedproducts_wrirorpm` text,
  PRIMARY KEY (`id`),
  UNIQUE KEY `idx_jitzevssotbkrokjbafjcjvakeenubijrizi` (`elementId`,`siteId`),
  KEY `idx_hntxzwmxttzrduyixqxoqazhiqkfvdyieegl` (`siteId`),
  KEY `idx_ufyggghojciyisyodgwvilzmtaqypzmlfaam` (`title`),
  CONSTRAINT `fk_xebihdxnnbpkvugzgdlrcsupjxeybgsjwuhv` FOREIGN KEY (`siteId`) REFERENCES `sites` (`id`) ON DELETE CASCADE ON UPDATE CASCADE,
  CONSTRAINT `fk_xgdyxojqrmavorwzcdspnytiwwipmtzbpwoy` FOREIGN KEY (`elementId`) REFERENCES `elements` (`id`) ON DELETE CASCADE
) ENGINE=InnoDB AUTO_INCREMENT=125 DEFAULT CHARSET=utf8mb3;

DROP TABLE IF EXISTS craftidtokens;
CREATE TABLE `craftidtokens` (
  `id` int NOT NULL AUTO_INCREMENT,
  `userId` int NOT NULL,
  `accessToken` text NOT NULL,
  `expiryDate` datetime DEFAULT NULL,
  `dateCreated` datetime NOT NULL,
  `dateUpdated` datetime NOT NULL,
  `uid` char(36) NOT NULL DEFAULT '0',
  PRIMARY KEY (`id`),
  KEY `fk_jvucsbywdhlopwhrcipahpnykhuyxuauezjx` (`userId`),
  CONSTRAINT `fk_jvucsbywdhlopwhrcipahpnykhuyxuauezjx` FOREIGN KEY (`userId`) REFERENCES `users` (`id`) ON DELETE CASCADE
) ENGINE=InnoDB DEFAULT CHARSET=utf8mb3;

DROP TABLE IF EXISTS deprecationerrors;
CREATE TABLE `deprecationerrors` (
  `id` int NOT NULL AUTO_INCREMENT,
  `key` varchar(255) NOT NULL,
  `fingerprint` varchar(255) NOT NULL,
  `lastOccurrence` datetime NOT NULL,
  `file` varchar(255) NOT NULL,
  `line` smallint unsigned DEFAULT NULL,
  `message` text,
  `traces` text,
  `dateCreated` datetime NOT NULL,
  `dateUpdated` datetime NOT NULL,
  `uid` char(36) NOT NULL DEFAULT '0',
  PRIMARY KEY (`id`),
  UNIQUE KEY `idx_dgontdlskytebwkyqpnwdastugdfwoddlerm` (`key`,`fingerprint`)
) ENGINE=InnoDB DEFAULT CHARSET=utf8mb3;

DROP TABLE IF EXISTS drafts;
CREATE TABLE `drafts` (
  `id` int NOT NULL AUTO_INCREMENT,
  `canonicalId` int DEFAULT NULL,
  `creatorId` int DEFAULT NULL,
  `provisional` tinyint(1) NOT NULL DEFAULT '0',
  `name` varchar(255) NOT NULL,
  `notes` text,
  `trackChanges` tinyint(1) NOT NULL DEFAULT '0',
  `dateLastMerged` datetime DEFAULT NULL,
  `saved` tinyint(1) NOT NULL DEFAULT '1',
  PRIMARY KEY (`id`),
  KEY `idx_lmskhqveasmaqoactkmxwwznkvztuchnllmg` (`creatorId`,`provisional`),
  KEY `idx_pitanuofjxpsdmlaachiyolctbmqvulgpxda` (`saved`),
  KEY `fk_dtxeueahrwwbnwsyplqnbdqchkhjctmdgnqr` (`canonicalId`),
  CONSTRAINT `fk_dtxeueahrwwbnwsyplqnbdqchkhjctmdgnqr` FOREIGN KEY (`canonicalId`) REFERENCES `elements` (`id`) ON DELETE CASCADE,
  CONSTRAINT `fk_nnfgktgbwvlawqvjhlnzqnhiylcavxiaecur` FOREIGN KEY (`creatorId`) REFERENCES `users` (`id`) ON DELETE SET NULL
) ENGINE=InnoDB AUTO_INCREMENT=57 DEFAULT CHARSET=utf8mb3;

DROP TABLE IF EXISTS elementactivity;
CREATE TABLE `elementactivity` (
  `elementId` int NOT NULL,
  `userId` int NOT NULL,
  `siteId` int NOT NULL,
  `draftId` int DEFAULT NULL,
  `type` varchar(255) NOT NULL,
  `timestamp` datetime DEFAULT NULL,
  PRIMARY KEY (`elementId`,`userId`,`type`),
  KEY `idx_dlkpddcdhysjisbwklmxtklrmtryjazptafp` (`elementId`,`timestamp`,`userId`),
  KEY `fk_egdfizvzmvbbgdtlkqwpsmsfsmiinjggtpvg` (`userId`),
  KEY `fk_oorxgvgdnuswuwajzlzquhlsoilbzcoxaiqc` (`siteId`),
  KEY `fk_dtmllbyamxvjppqzjyngqxkuqpgbxoonvcmy` (`draftId`),
  CONSTRAINT `fk_dtmllbyamxvjppqzjyngqxkuqpgbxoonvcmy` FOREIGN KEY (`draftId`) REFERENCES `drafts` (`id`) ON DELETE CASCADE,
  CONSTRAINT `fk_egdfizvzmvbbgdtlkqwpsmsfsmiinjggtpvg` FOREIGN KEY (`userId`) REFERENCES `users` (`id`) ON DELETE CASCADE,
  CONSTRAINT `fk_eiwgljxtpdptzvujgqajxjuqwlsfdedslpnu` FOREIGN KEY (`elementId`) REFERENCES `elements` (`id`) ON DELETE CASCADE,
  CONSTRAINT `fk_oorxgvgdnuswuwajzlzquhlsoilbzcoxaiqc` FOREIGN KEY (`siteId`) REFERENCES `sites` (`id`) ON DELETE CASCADE
) ENGINE=InnoDB DEFAULT CHARSET=utf8mb3;

DROP TABLE IF EXISTS elements;
CREATE TABLE `elements` (
  `id` int NOT NULL AUTO_INCREMENT,
  `canonicalId` int DEFAULT NULL,
  `draftId` int DEFAULT NULL,
  `revisionId` int DEFAULT NULL,
  `fieldLayoutId` int DEFAULT NULL,
  `type` varchar(255) NOT NULL,
  `enabled` tinyint(1) NOT NULL DEFAULT '1',
  `archived` tinyint(1) NOT NULL DEFAULT '0',
  `dateCreated` datetime NOT NULL,
  `dateUpdated` datetime NOT NULL,
  `dateLastMerged` datetime DEFAULT NULL,
  `dateDeleted` datetime DEFAULT NULL,
  `uid` char(36) NOT NULL DEFAULT '0',
  PRIMARY KEY (`id`),
  KEY `idx_cdexlvssvfmvwkzeltietyfcxgxwldirmitj` (`dateDeleted`),
  KEY `idx_gvemjhtfzdoxoehnokumgqhxlrzcsgykieba` (`fieldLayoutId`),
  KEY `idx_vibmlcaustnswigxigohufocgeovjgxkyyrn` (`type`),
  KEY `idx_atpdmrfvkepdupdqubewwqlibkijyznuezyc` (`enabled`),
  KEY `idx_nqquixxjczvwrazlleqyzwyjdjwkwhuvrftx` (`canonicalId`),
  KEY `idx_iybinnlyaydyavezcdqnahhsbtcelmwlholo` (`archived`,`dateCreated`),
  KEY `idx_pdcqnbrxglvhieaihvcaxwaeikyxhwbxydvw` (`archived`,`dateDeleted`,`draftId`,`revisionId`,`canonicalId`),
  KEY `idx_hgrgwdvdiacjyybocgitcvwtfddlaszuxrod` (`archived`,`dateDeleted`,`draftId`,`revisionId`,`canonicalId`,`enabled`),
  KEY `fk_uwurttzgxguzmtotbggdybpqnrlqlrwbtcbd` (`draftId`),
  KEY `fk_hslhljiqfnmzwlizeliyomztgjkohzzwplkj` (`revisionId`),
  CONSTRAINT `fk_hslhljiqfnmzwlizeliyomztgjkohzzwplkj` FOREIGN KEY (`revisionId`) REFERENCES `revisions` (`id`) ON DELETE CASCADE,
  CONSTRAINT `fk_qavqdtxcdoiqaymvdmmpzhnkwymlbdfpejea` FOREIGN KEY (`canonicalId`) REFERENCES `elements` (`id`) ON DELETE SET NULL,
  CONSTRAINT `fk_uwurttzgxguzmtotbggdybpqnrlqlrwbtcbd` FOREIGN KEY (`draftId`) REFERENCES `drafts` (`id`) ON DELETE CASCADE,
  CONSTRAINT `fk_xtjzjsgeremdrwetzolevptbwiiybxquxziz` FOREIGN KEY (`fieldLayoutId`) REFERENCES `fieldlayouts` (`id`) ON DELETE SET NULL
) ENGINE=InnoDB AUTO_INCREMENT=125 DEFAULT CHARSET=utf8mb3;

DROP TABLE IF EXISTS elements_sites;
CREATE TABLE `elements_sites` (
  `id` int NOT NULL AUTO_INCREMENT,
  `elementId` int NOT NULL,
  `siteId` int NOT NULL,
  `slug` varchar(255) DEFAULT NULL,
  `uri` varchar(255) DEFAULT NULL,
  `enabled` tinyint(1) NOT NULL DEFAULT '1',
  `dateCreated` datetime NOT NULL,
  `dateUpdated` datetime NOT NULL,
  `uid` char(36) NOT NULL DEFAULT '0',
  PRIMARY KEY (`id`),
  UNIQUE KEY `idx_fjryzraeavifljttkkwmpsoiwwokogksnpes` (`elementId`,`siteId`),
  KEY `idx_uxqzysanudqzwomwskozivskkivxqjadduxg` (`siteId`),
  KEY `idx_nzrrkgfxyhobafwvovqykhsknvycionliyfu` (`slug`,`siteId`),
  KEY `idx_ogzlubbzplnnsrvrjfaaogwxxhueumfakljn` (`enabled`),
  KEY `idx_imiertwexwdkvyrntxgfiqbapetdiifvehjc` (`uri`,`siteId`),
  CONSTRAINT `fk_pgtixxgntbpzvlhullmghykgzeklvldikavu` FOREIGN KEY (`elementId`) REFERENCES `elements` (`id`) ON DELETE CASCADE,
  CONSTRAINT `fk_yiehzrjptavqnsyviwgqxhpdjnxjvhkahzax` FOREIGN KEY (`siteId`) REFERENCES `sites` (`id`) ON DELETE CASCADE ON UPDATE CASCADE
) ENGINE=InnoDB AUTO_INCREMENT=125 DEFAULT CHARSET=utf8mb3;

DROP TABLE IF EXISTS entries;
CREATE TABLE `entries` (
  `id` int NOT NULL,
  `sectionId` int NOT NULL,
  `parentId` int DEFAULT NULL,
  `typeId` int NOT NULL,
  `authorId` int DEFAULT NULL,
  `postDate` datetime DEFAULT NULL,
  `expiryDate` datetime DEFAULT NULL,
  `deletedWithEntryType` tinyint(1) DEFAULT NULL,
  `dateCreated` datetime NOT NULL,
  `dateUpdated` datetime NOT NULL,
  PRIMARY KEY (`id`),
  KEY `idx_dkurduidufeaqiwchiqvrcimdtbumzaptyug` (`postDate`),
  KEY `idx_dsoxtvfixkrhbchoplyhauydmtvuhdbboxqa` (`expiryDate`),
  KEY `idx_aqjbmvugljjdgeahtkhjeqqdoahmfdclxxqq` (`authorId`),
  KEY `idx_ffxrkhjwgdrfmjvvlocrfhhzzqeufdjhgufz` (`sectionId`),
  KEY `idx_krbyfsaeuvpskoltxtkztbpjpbjylprpphcy` (`typeId`),
  KEY `fk_zhfaliipwzntxzlhjqyvfnwqhypvhonexlkg` (`parentId`),
  CONSTRAINT `fk_rxiywycccikekkcluklqhpfmgqdwdlobthwp` FOREIGN KEY (`authorId`) REFERENCES `users` (`id`) ON DELETE SET NULL,
  CONSTRAINT `fk_tknebberhffpwlqxfnjtsendpttrcmicizzo` FOREIGN KEY (`sectionId`) REFERENCES `sections` (`id`) ON DELETE CASCADE,
  CONSTRAINT `fk_vbdocaukjoyibaykihscldqidadqmrrzzizv` FOREIGN KEY (`id`) REFERENCES `elements` (`id`) ON DELETE CASCADE,
  CONSTRAINT `fk_vlgxcljlbeuyoofwgluybldjpllehqhzupkr` FOREIGN KEY (`typeId`) REFERENCES `entrytypes` (`id`) ON DELETE CASCADE,
  CONSTRAINT `fk_zhfaliipwzntxzlhjqyvfnwqhypvhonexlkg` FOREIGN KEY (`parentId`) REFERENCES `entries` (`id`) ON DELETE SET NULL
) ENGINE=InnoDB DEFAULT CHARSET=utf8mb3;

DROP TABLE IF EXISTS entrytypes;
CREATE TABLE `entrytypes` (
  `id` int NOT NULL AUTO_INCREMENT,
  `sectionId` int NOT NULL,
  `fieldLayoutId` int DEFAULT NULL,
  `name` varchar(255) NOT NULL,
  `handle` varchar(255) NOT NULL,
  `hasTitleField` tinyint(1) NOT NULL DEFAULT '1',
  `titleTranslationMethod` varchar(255) NOT NULL DEFAULT 'site',
  `titleTranslationKeyFormat` text,
  `titleFormat` varchar(255) DEFAULT NULL,
  `slugTranslationMethod` varchar(255) NOT NULL DEFAULT 'site',
  `slugTranslationKeyFormat` text,
  `showStatusField` tinyint(1) DEFAULT '1',
  `sortOrder` smallint unsigned DEFAULT NULL,
  `dateCreated` datetime NOT NULL,
  `dateUpdated` datetime NOT NULL,
  `dateDeleted` datetime DEFAULT NULL,
  `uid` char(36) NOT NULL DEFAULT '0',
  PRIMARY KEY (`id`),
  KEY `idx_rwyljkbbzbkgrtgqudflvspyiilgwxuvmkfy` (`name`,`sectionId`),
  KEY `idx_tnglsnjxhxxnlnrbervxovcxgyivoasytilg` (`handle`,`sectionId`),
  KEY `idx_vysywbldelfgswflroelxuxmqxzfwfgounnn` (`sectionId`),
  KEY `idx_uypvmgovfrknwdfzzgyukberyvvuovlkfxsc` (`fieldLayoutId`),
  KEY `idx_tusxooshjyohhhbyxgmpsvunuesxmjqnnswk` (`dateDeleted`),
  CONSTRAINT `fk_hjpsdxrcibakbkzpygttlruywtdnpphwzpet` FOREIGN KEY (`fieldLayoutId`) REFERENCES `fieldlayouts` (`id`) ON DELETE SET NULL,
  CONSTRAINT `fk_svhwxlncsyubrfsuyjonvptiqhbghehztvdq` FOREIGN KEY (`sectionId`) REFERENCES `sections` (`id`) ON DELETE CASCADE
) ENGINE=InnoDB AUTO_INCREMENT=5 DEFAULT CHARSET=utf8mb3;

DROP TABLE IF EXISTS fieldgroups;
CREATE TABLE `fieldgroups` (
  `id` int NOT NULL AUTO_INCREMENT,
  `name` varchar(255) NOT NULL,
  `dateCreated` datetime NOT NULL,
  `dateUpdated` datetime NOT NULL,
  `dateDeleted` datetime DEFAULT NULL,
  `uid` char(36) NOT NULL DEFAULT '0',
  PRIMARY KEY (`id`),
  KEY `idx_jvoasgnejavxcewfhryprcvoteaqnrjrwgrh` (`name`),
  KEY `idx_pamiqpkvnnikodpiadhiyaedmcceqfdatfqf` (`dateDeleted`,`name`)
) ENGINE=InnoDB AUTO_INCREMENT=3 DEFAULT CHARSET=utf8mb3;

DROP TABLE IF EXISTS fieldlayoutfields;
CREATE TABLE `fieldlayoutfields` (
  `id` int NOT NULL AUTO_INCREMENT,
  `layoutId` int NOT NULL,
  `tabId` int NOT NULL,
  `fieldId` int NOT NULL,
  `required` tinyint(1) NOT NULL DEFAULT '0',
  `sortOrder` smallint unsigned DEFAULT NULL,
  `dateCreated` datetime NOT NULL,
  `dateUpdated` datetime NOT NULL,
  `uid` char(36) NOT NULL DEFAULT '0',
  PRIMARY KEY (`id`),
  UNIQUE KEY `idx_dkvnztsxzeefykocwjvqjnbymemffsyohath` (`layoutId`,`fieldId`),
  KEY `idx_lychvggswgxnxlpbfeflsfskqsrkskkwibzm` (`sortOrder`),
  KEY `idx_jkbnnzulddsghvvxlzkfiitrldwdjhalsgdo` (`tabId`),
  KEY `idx_gwroxfrlrgsrugktsmfkhwuqsispbwumhlgi` (`fieldId`),
  CONSTRAINT `fk_fkymdfthcfmzgudnojiayjequtoxyaljdcoc` FOREIGN KEY (`layoutId`) REFERENCES `fieldlayouts` (`id`) ON DELETE CASCADE,
  CONSTRAINT `fk_iqjoeraodjesgttmkhwkrlxwehvtybaupuqo` FOREIGN KEY (`tabId`) REFERENCES `fieldlayouttabs` (`id`) ON DELETE CASCADE,
  CONSTRAINT `fk_ivzsuglzrigrbvtureplexvlfphanmtdfpmj` FOREIGN KEY (`fieldId`) REFERENCES `fields` (`id`) ON DELETE CASCADE
) ENGINE=InnoDB AUTO_INCREMENT=22 DEFAULT CHARSET=utf8mb3;

DROP TABLE IF EXISTS fieldlayouts;
CREATE TABLE `fieldlayouts` (
  `id` int NOT NULL AUTO_INCREMENT,
  `type` varchar(255) NOT NULL,
  `dateCreated` datetime NOT NULL,
  `dateUpdated` datetime NOT NULL,
  `dateDeleted` datetime DEFAULT NULL,
  `uid` char(36) NOT NULL DEFAULT '0',
  PRIMARY KEY (`id`),
  KEY `idx_uqreanwadacfctrqoagmhxmwvwrlxiuzuwxi` (`dateDeleted`),
  KEY `idx_bwszmqpbwkgxlhpjgcuiwqmhrhorzbghbyar` (`type`)
) ENGINE=InnoDB AUTO_INCREMENT=8 DEFAULT CHARSET=utf8mb3;

DROP TABLE IF EXISTS fieldlayouttabs;
CREATE TABLE `fieldlayouttabs` (
  `id` int NOT NULL AUTO_INCREMENT,
  `layoutId` int NOT NULL,
  `name` varchar(255) NOT NULL,
  `settings` text,
  `elements` text,
  `sortOrder` smallint unsigned DEFAULT NULL,
  `dateCreated` datetime NOT NULL,
  `dateUpdated` datetime NOT NULL,
  `uid` char(36) NOT NULL DEFAULT '0',
  PRIMARY KEY (`id`),
  KEY `idx_gthyyhnzslzovvwhozlewcdvcwtbujziudju` (`sortOrder`),
  KEY `idx_dipgiexjstsdmgtrlcxrxyoutbutgijzzcdt` (`layoutId`),
  CONSTRAINT `fk_mkedunwhblcvliyehggopbwhmxrodqdapmtm` FOREIGN KEY (`layoutId`) REFERENCES `fieldlayouts` (`id`) ON DELETE CASCADE
) ENGINE=InnoDB AUTO_INCREMENT=18 DEFAULT CHARSET=utf8mb3;

DROP TABLE IF EXISTS fields;
CREATE TABLE `fields` (
  `id` int NOT NULL AUTO_INCREMENT,
  `groupId` int DEFAULT NULL,
  `name` varchar(255) NOT NULL,
  `handle` varchar(64) NOT NULL,
  `context` varchar(255) NOT NULL DEFAULT 'global',
  `columnSuffix` char(8) DEFAULT NULL,
  `instructions` text,
  `searchable` tinyint(1) NOT NULL DEFAULT '1',
  `translationMethod` varchar(255) NOT NULL DEFAULT 'none',
  `translationKeyFormat` text,
  `type` varchar(255) NOT NULL,
  `settings` text,
  `dateCreated` datetime NOT NULL,
  `dateUpdated` datetime NOT NULL,
  `uid` char(36) NOT NULL DEFAULT '0',
  PRIMARY KEY (`id`),
  KEY `idx_trbsywshwwyxuoiqfayjjxxotrpdcbanjpsn` (`handle`,`context`),
  KEY `idx_neiznmxmnvpisodencgvuitnpbcfudyrpuwm` (`groupId`),
  KEY `idx_bpddjhpkqzmrnysdkmyzwpfkdtqktyosaxmx` (`context`),
  CONSTRAINT `fk_luzpwopjtpwxwlazaoishmzpxbmwrkzxnsgx` FOREIGN KEY (`groupId`) REFERENCES `fieldgroups` (`id`) ON DELETE CASCADE
) ENGINE=InnoDB AUTO_INCREMENT=8 DEFAULT CHARSET=utf8mb3;

DROP TABLE IF EXISTS globalsets;
CREATE TABLE `globalsets` (
  `id` int NOT NULL AUTO_INCREMENT,
  `name` varchar(255) NOT NULL,
  `handle` varchar(255) NOT NULL,
  `fieldLayoutId` int DEFAULT NULL,
  `sortOrder` smallint unsigned DEFAULT NULL,
  `dateCreated` datetime NOT NULL,
  `dateUpdated` datetime NOT NULL,
  `uid` char(36) NOT NULL DEFAULT '0',
  PRIMARY KEY (`id`),
  KEY `idx_cvwnjrqnfnywqfidgjvxegelgsfbswxmunmx` (`name`),
  KEY `idx_jngwphaanyazzhbyypfhbvjsuzismilcavzf` (`handle`),
  KEY `idx_khkfwtmtmnqpvhkjcwtjgjraeethyxksortu` (`fieldLayoutId`),
  KEY `idx_kqnccnmfmrnxujafjcygzleugmzcdyxjivua` (`sortOrder`),
  CONSTRAINT `fk_ccnosiqfuwyzmrbibmnnjbceqvmqmkrczicc` FOREIGN KEY (`fieldLayoutId`) REFERENCES `fieldlayouts` (`id`) ON DELETE SET NULL,
  CONSTRAINT `fk_gbsrmqwjmommyxrvytrwydsgxmpfklnspdxc` FOREIGN KEY (`id`) REFERENCES `elements` (`id`) ON DELETE CASCADE
) ENGINE=InnoDB DEFAULT CHARSET=utf8mb3;

DROP TABLE IF EXISTS gqlschemas;
CREATE TABLE `gqlschemas` (
  `id` int NOT NULL AUTO_INCREMENT,
  `name` varchar(255) NOT NULL,
  `scope` text,
  `isPublic` tinyint(1) NOT NULL DEFAULT '0',
  `dateCreated` datetime NOT NULL,
  `dateUpdated` datetime NOT NULL,
  `uid` char(36) NOT NULL DEFAULT '0',
  PRIMARY KEY (`id`)
) ENGINE=InnoDB DEFAULT CHARSET=utf8mb3;

DROP TABLE IF EXISTS gqltokens;
CREATE TABLE `gqltokens` (
  `id` int NOT NULL AUTO_INCREMENT,
  `name` varchar(255) NOT NULL,
  `accessToken` varchar(255) NOT NULL,
  `enabled` tinyint(1) NOT NULL DEFAULT '1',
  `expiryDate` datetime DEFAULT NULL,
  `lastUsed` datetime DEFAULT NULL,
  `schemaId` int DEFAULT NULL,
  `dateCreated` datetime NOT NULL,
  `dateUpdated` datetime NOT NULL,
  `uid` char(36) NOT NULL DEFAULT '0',
  PRIMARY KEY (`id`),
  UNIQUE KEY `idx_mdpdgrhecxafjbtonejegpzkuqqzcofiyrew` (`accessToken`),
  UNIQUE KEY `idx_fbijqlbxbhxudsbsvbkmiidhrtxmubvnsjno` (`name`),
  KEY `fk_bhxbojsxhryocjppzixjmeskligoqzwqbwea` (`schemaId`),
  CONSTRAINT `fk_bhxbojsxhryocjppzixjmeskligoqzwqbwea` FOREIGN KEY (`schemaId`) REFERENCES `gqlschemas` (`id`) ON DELETE SET NULL
) ENGINE=InnoDB DEFAULT CHARSET=utf8mb3;

DROP TABLE IF EXISTS imagetransformindex;
CREATE TABLE `imagetransformindex` (
  `id` int NOT NULL AUTO_INCREMENT,
  `assetId` int NOT NULL,
  `transformer` varchar(255) DEFAULT NULL,
  `filename` varchar(255) DEFAULT NULL,
  `format` varchar(255) DEFAULT NULL,
  `transformString` varchar(255) NOT NULL,
  `fileExists` tinyint(1) NOT NULL DEFAULT '0',
  `inProgress` tinyint(1) NOT NULL DEFAULT '0',
  `error` tinyint(1) NOT NULL DEFAULT '0',
  `dateIndexed` datetime DEFAULT NULL,
  `dateCreated` datetime NOT NULL,
  `dateUpdated` datetime NOT NULL,
  `uid` char(36) NOT NULL DEFAULT '0',
  PRIMARY KEY (`id`),
  KEY `idx_ilkxllwwuxuosncevdyxxdbqgkbbumxhubvt` (`assetId`,`transformString`)
) ENGINE=InnoDB AUTO_INCREMENT=23 DEFAULT CHARSET=utf8mb3;

DROP TABLE IF EXISTS imagetransforms;
CREATE TABLE `imagetransforms` (
  `id` int NOT NULL AUTO_INCREMENT,
  `name` varchar(255) NOT NULL,
  `handle` varchar(255) NOT NULL,
  `mode` enum('stretch','fit','crop','letterbox') NOT NULL DEFAULT 'crop',
  `position` enum('top-left','top-center','top-right','center-left','center-center','center-right','bottom-left','bottom-center','bottom-right') NOT NULL DEFAULT 'center-center',
  `width` int unsigned DEFAULT NULL,
  `height` int unsigned DEFAULT NULL,
  `format` varchar(255) DEFAULT NULL,
  `quality` int DEFAULT NULL,
  `interlace` enum('none','line','plane','partition') NOT NULL DEFAULT 'none',
  `fill` varchar(11) DEFAULT NULL,
  `upscale` tinyint(1) NOT NULL DEFAULT '1',
  `parameterChangeTime` datetime DEFAULT NULL,
  `dateCreated` datetime NOT NULL,
  `dateUpdated` datetime NOT NULL,
  `uid` char(36) NOT NULL DEFAULT '0',
  PRIMARY KEY (`id`),
  KEY `idx_emhdhkqyzhvfszjggmkfasleeyawfumlealc` (`name`),
  KEY `idx_sfdcdjfvwmmpfvuxgkbuoemddptcavaiewig` (`handle`)
) ENGINE=InnoDB DEFAULT CHARSET=utf8mb3;

DROP TABLE IF EXISTS info;
CREATE TABLE `info` (
  `id` int NOT NULL AUTO_INCREMENT,
  `version` varchar(50) NOT NULL,
  `schemaVersion` varchar(15) NOT NULL,
  `maintenance` tinyint(1) NOT NULL DEFAULT '0',
  `configVersion` char(12) NOT NULL DEFAULT '000000000000',
  `fieldVersion` char(12) NOT NULL DEFAULT '000000000000',
  `dateCreated` datetime NOT NULL,
  `dateUpdated` datetime NOT NULL,
  `uid` char(36) NOT NULL DEFAULT '0',
  PRIMARY KEY (`id`)
) ENGINE=InnoDB AUTO_INCREMENT=2 DEFAULT CHARSET=utf8mb3;

DROP TABLE IF EXISTS matrixblocks;
CREATE TABLE `matrixblocks` (
  `id` int NOT NULL,
  `primaryOwnerId` int NOT NULL,
  `fieldId` int NOT NULL,
  `typeId` int NOT NULL,
  `deletedWithOwner` tinyint(1) DEFAULT NULL,
  `dateCreated` datetime NOT NULL,
  `dateUpdated` datetime NOT NULL,
  PRIMARY KEY (`id`),
  KEY `idx_rygodghulxiuzytwrwfnmmdfdriouzgvxwtx` (`primaryOwnerId`),
  KEY `idx_emybcmfgwbhvhqxwonwyldkwomdmodalkgws` (`fieldId`),
  KEY `idx_netndkelawiucgqradequncterqixijqbrwu` (`typeId`),
  CONSTRAINT `fk_foyrmvtcyovqkcxtrrgvfinqezsyxxeyiuup` FOREIGN KEY (`id`) REFERENCES `elements` (`id`) ON DELETE CASCADE,
  CONSTRAINT `fk_gakfknbrlzmmxnmykqaottdyencmdyozcahw` FOREIGN KEY (`fieldId`) REFERENCES `fields` (`id`) ON DELETE CASCADE,
  CONSTRAINT `fk_nlbdtzdnfhyvkpvycskmsupjrfdquewqjjae` FOREIGN KEY (`typeId`) REFERENCES `matrixblocktypes` (`id`) ON DELETE CASCADE,
  CONSTRAINT `fk_paltdidmooihcajbcfefkcuwvnoetlhtxotb` FOREIGN KEY (`primaryOwnerId`) REFERENCES `elements` (`id`) ON DELETE CASCADE
) ENGINE=InnoDB DEFAULT CHARSET=utf8mb3;

DROP TABLE IF EXISTS matrixblocks_owners;
CREATE TABLE `matrixblocks_owners` (
  `blockId` int NOT NULL,
  `ownerId` int NOT NULL,
  `sortOrder` smallint unsigned NOT NULL,
  PRIMARY KEY (`blockId`,`ownerId`),
  KEY `fk_dlsczgkzopkdivhqafiwkkhslxybcwoufebg` (`ownerId`),
  CONSTRAINT `fk_cmoabcrrwimrrzpdtgnyvbbgnofatbupjfzi` FOREIGN KEY (`blockId`) REFERENCES `matrixblocks` (`id`) ON DELETE CASCADE,
  CONSTRAINT `fk_dlsczgkzopkdivhqafiwkkhslxybcwoufebg` FOREIGN KEY (`ownerId`) REFERENCES `elements` (`id`) ON DELETE CASCADE
) ENGINE=InnoDB DEFAULT CHARSET=utf8mb3;

DROP TABLE IF EXISTS matrixblocktypes;
CREATE TABLE `matrixblocktypes` (
  `id` int NOT NULL AUTO_INCREMENT,
  `fieldId` int NOT NULL,
  `fieldLayoutId` int DEFAULT NULL,
  `name` varchar(255) NOT NULL,
  `handle` varchar(255) NOT NULL,
  `sortOrder` smallint unsigned DEFAULT NULL,
  `dateCreated` datetime NOT NULL,
  `dateUpdated` datetime NOT NULL,
  `uid` char(36) NOT NULL DEFAULT '0',
  PRIMARY KEY (`id`),
  KEY `idx_ljuvmidonszfnuqpwlwtpbctplighitmduav` (`name`,`fieldId`),
  KEY `idx_owkjdjuxvbjfbezutzvvdikxrofzcbnybvpc` (`handle`,`fieldId`),
  KEY `idx_eudmoygshzoygycjtcoyahjfdnauyowumjtm` (`fieldId`),
  KEY `idx_dctyuycwsuqlkcuyjfgfkygcittlhfvfzuow` (`fieldLayoutId`),
  CONSTRAINT `fk_cyaczcxcyzxwuemsdmegpzcvfysqkffbhubi` FOREIGN KEY (`fieldLayoutId`) REFERENCES `fieldlayouts` (`id`) ON DELETE SET NULL,
  CONSTRAINT `fk_jbuqjwwnbooyvxvvmrrzdcxxaamlrezwyosj` FOREIGN KEY (`fieldId`) REFERENCES `fields` (`id`) ON DELETE CASCADE
) ENGINE=InnoDB DEFAULT CHARSET=utf8mb3;

DROP TABLE IF EXISTS migrations;
CREATE TABLE `migrations` (
  `id` int NOT NULL AUTO_INCREMENT,
  `track` varchar(255) NOT NULL,
  `name` varchar(255) NOT NULL,
  `applyTime` datetime NOT NULL,
  `dateCreated` datetime NOT NULL,
  `dateUpdated` datetime NOT NULL,
  `uid` char(36) NOT NULL DEFAULT '0',
  PRIMARY KEY (`id`),
  UNIQUE KEY `idx_ujfmtajlgrmpdmxlzvhskmgodfhtkzfsbxmi` (`track`,`name`)
) ENGINE=InnoDB AUTO_INCREMENT=46 DEFAULT CHARSET=utf8mb3;

DROP TABLE IF EXISTS plugins;
CREATE TABLE `plugins` (
  `id` int NOT NULL AUTO_INCREMENT,
  `handle` varchar(255) NOT NULL,
  `version` varchar(255) NOT NULL,
  `schemaVersion` varchar(255) NOT NULL,
  `installDate` datetime NOT NULL,
  `dateCreated` datetime NOT NULL,
  `dateUpdated` datetime NOT NULL,
  `uid` char(36) NOT NULL DEFAULT '0',
  PRIMARY KEY (`id`),
  UNIQUE KEY `idx_pkrlwzznvodwvztskqqrohgxvbgrckubbdzj` (`handle`)
) ENGINE=InnoDB AUTO_INCREMENT=3 DEFAULT CHARSET=utf8mb3;

DROP TABLE IF EXISTS projectconfig;
CREATE TABLE `projectconfig` (
  `path` varchar(255) NOT NULL,
  `value` text NOT NULL,
  PRIMARY KEY (`path`)
) ENGINE=InnoDB DEFAULT CHARSET=utf8mb3;

DROP TABLE IF EXISTS queue;
CREATE TABLE `queue` (
  `id` int NOT NULL AUTO_INCREMENT,
  `channel` varchar(255) NOT NULL DEFAULT 'queue',
  `job` longblob NOT NULL,
  `description` text,
  `timePushed` int NOT NULL,
  `ttr` int NOT NULL,
  `delay` int NOT NULL DEFAULT '0',
  `priority` int unsigned NOT NULL DEFAULT '1024',
  `dateReserved` datetime DEFAULT NULL,
  `timeUpdated` int DEFAULT NULL,
  `progress` smallint NOT NULL DEFAULT '0',
  `progressLabel` varchar(255) DEFAULT NULL,
  `attempt` int DEFAULT NULL,
  `fail` tinyint(1) DEFAULT '0',
  `dateFailed` datetime DEFAULT NULL,
  `error` text,
  PRIMARY KEY (`id`),
  KEY `idx_kzlyvheorpubkimacxftucjgvjuxbyyxftnz` (`channel`,`fail`,`timeUpdated`,`timePushed`),
  KEY `idx_itpworjcejzsdmkjiprlasuvatxjqbifshky` (`channel`,`fail`,`timeUpdated`,`delay`)
) ENGINE=InnoDB AUTO_INCREMENT=488 DEFAULT CHARSET=utf8mb3;

DROP TABLE IF EXISTS relations;
CREATE TABLE `relations` (
  `id` int NOT NULL AUTO_INCREMENT,
  `fieldId` int NOT NULL,
  `sourceId` int NOT NULL,
  `sourceSiteId` int DEFAULT NULL,
  `targetId` int NOT NULL,
  `sortOrder` smallint unsigned DEFAULT NULL,
  `dateCreated` datetime NOT NULL,
  `dateUpdated` datetime NOT NULL,
  `uid` char(36) NOT NULL DEFAULT '0',
  PRIMARY KEY (`id`),
  UNIQUE KEY `idx_hyesaddnohaopldxlvakqryelbmrtdyksefm` (`fieldId`,`sourceId`,`sourceSiteId`,`targetId`),
  KEY `idx_jtipuoffygoqjhqretioepazhgfzeiixutrq` (`sourceId`),
  KEY `idx_ldsaxobetfnzgwndukngmhwnznbqerzvtaxw` (`targetId`),
  KEY `idx_ppzepufhmhugwuwjalyxjmprtfxbsnafnvcu` (`sourceSiteId`),
  CONSTRAINT `fk_bhpfpfqbpkwzojfpwlvmyqljlvxzqqkbhhlk` FOREIGN KEY (`fieldId`) REFERENCES `fields` (`id`) ON DELETE CASCADE,
  CONSTRAINT `fk_rlxekzbcdlgdlecqplizaviinqusbctgsimo` FOREIGN KEY (`sourceId`) REFERENCES `elements` (`id`) ON DELETE CASCADE,
  CONSTRAINT `fk_sllqrnkkbaalizobmeenbtyyicvclkrkakap` FOREIGN KEY (`sourceSiteId`) REFERENCES `sites` (`id`) ON DELETE CASCADE ON UPDATE CASCADE
) ENGINE=InnoDB AUTO_INCREMENT=66 DEFAULT CHARSET=utf8mb3;

DROP TABLE IF EXISTS resourcepaths;
CREATE TABLE `resourcepaths` (
  `hash` varchar(255) NOT NULL,
  `path` varchar(255) NOT NULL,
  PRIMARY KEY (`hash`)
) ENGINE=InnoDB DEFAULT CHARSET=utf8mb3;

DROP TABLE IF EXISTS revisions;
CREATE TABLE `revisions` (
  `id` int NOT NULL AUTO_INCREMENT,
  `canonicalId` int NOT NULL,
  `creatorId` int DEFAULT NULL,
  `num` int NOT NULL,
  `notes` text,
  PRIMARY KEY (`id`),
  UNIQUE KEY `idx_giwbxzjxduiaxevyfqctbpxrbfyxbnuanjwk` (`canonicalId`,`num`),
  KEY `fk_kerwqovgdvawzbmigrwlpbjlfjqnqwydcxjm` (`creatorId`),
  CONSTRAINT `fk_hbxzhtfyseqohmedkmeuzxfsgrddhlrhzrwx` FOREIGN KEY (`canonicalId`) REFERENCES `elements` (`id`) ON DELETE CASCADE,
  CONSTRAINT `fk_kerwqovgdvawzbmigrwlpbjlfjqnqwydcxjm` FOREIGN KEY (`creatorId`) REFERENCES `users` (`id`) ON DELETE SET NULL
) ENGINE=InnoDB AUTO_INCREMENT=55 DEFAULT CHARSET=utf8mb3;

DROP TABLE IF EXISTS searchindex;
CREATE TABLE `searchindex` (
  `elementId` int NOT NULL,
  `attribute` varchar(25) NOT NULL,
  `fieldId` int NOT NULL,
  `siteId` int NOT NULL,
  `keywords` text NOT NULL,
  PRIMARY KEY (`elementId`,`attribute`,`fieldId`,`siteId`),
  FULLTEXT KEY `idx_tfgjktyrewdkltlyaonofizirglpkevikdpe` (`keywords`)
) ENGINE=InnoDB DEFAULT CHARSET=utf8mb3;

DROP TABLE IF EXISTS sections;
CREATE TABLE `sections` (
  `id` int NOT NULL AUTO_INCREMENT,
  `structureId` int DEFAULT NULL,
  `name` varchar(255) NOT NULL,
  `handle` varchar(255) NOT NULL,
  `type` enum('single','channel','structure') NOT NULL DEFAULT 'channel',
  `enableVersioning` tinyint(1) NOT NULL DEFAULT '0',
  `propagationMethod` varchar(255) NOT NULL DEFAULT 'all',
  `defaultPlacement` enum('beginning','end') NOT NULL DEFAULT 'end',
  `previewTargets` text,
  `dateCreated` datetime NOT NULL,
  `dateUpdated` datetime NOT NULL,
  `dateDeleted` datetime DEFAULT NULL,
  `uid` char(36) NOT NULL DEFAULT '0',
  PRIMARY KEY (`id`),
  KEY `idx_quhimsaesxllexeagqqctfmlvjlkcvfuhpkw` (`handle`),
  KEY `idx_jqfhwmkrztdeganvbmohbsykeptrayumfkhr` (`name`),
  KEY `idx_meylkydzehwvjfhdzlebbqurkkhdnasypynd` (`structureId`),
  KEY `idx_igjqwmvzqvxzxrzwfciricbzydbnhnymydyw` (`dateDeleted`),
  CONSTRAINT `fk_ffelvqxxqgdsyglqmncjkfdtrvfrdezrwaiq` FOREIGN KEY (`structureId`) REFERENCES `structures` (`id`) ON DELETE SET NULL
) ENGINE=InnoDB AUTO_INCREMENT=5 DEFAULT CHARSET=utf8mb3;

DROP TABLE IF EXISTS sections_sites;
CREATE TABLE `sections_sites` (
  `id` int NOT NULL AUTO_INCREMENT,
  `sectionId` int NOT NULL,
  `siteId` int NOT NULL,
  `hasUrls` tinyint(1) NOT NULL DEFAULT '1',
  `uriFormat` text,
  `template` varchar(500) DEFAULT NULL,
  `enabledByDefault` tinyint(1) NOT NULL DEFAULT '1',
  `dateCreated` datetime NOT NULL,
  `dateUpdated` datetime NOT NULL,
  `uid` char(36) NOT NULL DEFAULT '0',
  PRIMARY KEY (`id`),
  UNIQUE KEY `idx_fyauoswddarrnrcayvcsmkomvibviearwnjx` (`sectionId`,`siteId`),
  KEY `idx_ekbezkbajdefrnnakrjusvvgmsellvdlmdss` (`siteId`),
  CONSTRAINT `fk_kbjpojfjnugwkaqctjzfezddoxfzvkwkckvm` FOREIGN KEY (`siteId`) REFERENCES `sites` (`id`) ON DELETE CASCADE ON UPDATE CASCADE,
  CONSTRAINT `fk_ulpxxhvgayrutodbhngfzdcjnfqzefwxyfmm` FOREIGN KEY (`sectionId`) REFERENCES `sections` (`id`) ON DELETE CASCADE
) ENGINE=InnoDB AUTO_INCREMENT=5 DEFAULT CHARSET=utf8mb3;

DROP TABLE IF EXISTS sequences;
CREATE TABLE `sequences` (
  `name` varchar(255) NOT NULL,
  `next` int unsigned NOT NULL DEFAULT '1',
  PRIMARY KEY (`name`)
) ENGINE=InnoDB DEFAULT CHARSET=utf8mb3;

DROP TABLE IF EXISTS sessions;
CREATE TABLE `sessions` (
  `id` int NOT NULL AUTO_INCREMENT,
  `userId` int NOT NULL,
  `token` char(100) NOT NULL,
  `dateCreated` datetime NOT NULL,
  `dateUpdated` datetime NOT NULL,
  `uid` char(36) NOT NULL DEFAULT '0',
  PRIMARY KEY (`id`),
  KEY `idx_pgmrzjaivcwirwdsluciqyfwqjqgbfswdiuw` (`uid`),
  KEY `idx_kvhkiqyuvkvroqgdfpootmmzvionklabhhcj` (`token`),
  KEY `idx_fahsvotqmdijbukidzqlyodwvmbhysobuvaf` (`dateUpdated`),
  KEY `idx_nbfyvbeswgevmudzavqpkqdpdscdtlrrecsc` (`userId`),
  CONSTRAINT `fk_wkggyfhlialezdbtdakougcnrwmnyvqxceum` FOREIGN KEY (`userId`) REFERENCES `users` (`id`) ON DELETE CASCADE
) ENGINE=InnoDB AUTO_INCREMENT=17 DEFAULT CHARSET=utf8mb3;

DROP TABLE IF EXISTS shunnedmessages;
CREATE TABLE `shunnedmessages` (
  `id` int NOT NULL AUTO_INCREMENT,
  `userId` int NOT NULL,
  `message` varchar(255) NOT NULL,
  `expiryDate` datetime DEFAULT NULL,
  `dateCreated` datetime NOT NULL,
  `dateUpdated` datetime NOT NULL,
  `uid` char(36) NOT NULL DEFAULT '0',
  PRIMARY KEY (`id`),
  UNIQUE KEY `idx_mfarxsydeepylkmlwzfsdjwnfbijdrjvrazk` (`userId`,`message`),
  CONSTRAINT `fk_euqhfnsmuilwzkysxeyezyufrngpcjgptram` FOREIGN KEY (`userId`) REFERENCES `users` (`id`) ON DELETE CASCADE
) ENGINE=InnoDB DEFAULT CHARSET=utf8mb3;

DROP TABLE IF EXISTS sitegroups;
CREATE TABLE `sitegroups` (
  `id` int NOT NULL AUTO_INCREMENT,
  `name` varchar(255) NOT NULL,
  `dateCreated` datetime NOT NULL,
  `dateUpdated` datetime NOT NULL,
  `dateDeleted` datetime DEFAULT NULL,
  `uid` char(36) NOT NULL DEFAULT '0',
  PRIMARY KEY (`id`),
  KEY `idx_embofvntegaacnpojnsamzhskzfmvrrrxokk` (`name`)
) ENGINE=InnoDB AUTO_INCREMENT=2 DEFAULT CHARSET=utf8mb3;

DROP TABLE IF EXISTS sites;
CREATE TABLE `sites` (
  `id` int NOT NULL AUTO_INCREMENT,
  `groupId` int NOT NULL,
  `primary` tinyint(1) NOT NULL,
  `enabled` varchar(255) NOT NULL DEFAULT 'true',
  `name` varchar(255) NOT NULL,
  `handle` varchar(255) NOT NULL,
  `language` varchar(12) NOT NULL,
  `hasUrls` tinyint(1) NOT NULL DEFAULT '0',
  `baseUrl` varchar(255) DEFAULT NULL,
  `sortOrder` smallint unsigned DEFAULT NULL,
  `dateCreated` datetime NOT NULL,
  `dateUpdated` datetime NOT NULL,
  `dateDeleted` datetime DEFAULT NULL,
  `uid` char(36) NOT NULL DEFAULT '0',
  PRIMARY KEY (`id`),
  KEY `idx_dtcncvzxjycgehnqalshrrjfpaievglqfwux` (`dateDeleted`),
  KEY `idx_thcuulaxzhekdpxruhlbvkhqcqonerugdwaf` (`handle`),
  KEY `idx_mwxawiwcsajrzcoloqrndemdmseonnndhqlb` (`sortOrder`),
  KEY `fk_gjqiyvqvfygdimajivftsquhxtlmqyhrhwve` (`groupId`),
  CONSTRAINT `fk_gjqiyvqvfygdimajivftsquhxtlmqyhrhwve` FOREIGN KEY (`groupId`) REFERENCES `sitegroups` (`id`) ON DELETE CASCADE
) ENGINE=InnoDB AUTO_INCREMENT=2 DEFAULT CHARSET=utf8mb3;

DROP TABLE IF EXISTS structureelements;
CREATE TABLE `structureelements` (
  `id` int NOT NULL AUTO_INCREMENT,
  `structureId` int NOT NULL,
  `elementId` int DEFAULT NULL,
  `root` int unsigned DEFAULT NULL,
  `lft` int unsigned NOT NULL,
  `rgt` int unsigned NOT NULL,
  `level` smallint unsigned NOT NULL,
  `dateCreated` datetime NOT NULL,
  `dateUpdated` datetime NOT NULL,
  `uid` char(36) NOT NULL DEFAULT '0',
  PRIMARY KEY (`id`),
  UNIQUE KEY `idx_unvagzsbpjpzdvheeuomgyhevraipuaxwdce` (`structureId`,`elementId`),
  KEY `idx_bnkeubzofwseukntotewczrrlrpkkfhwpwne` (`root`),
  KEY `idx_ftbeqyanrzlxyjtuxgwlafuogpqcqlqpjuzi` (`lft`),
  KEY `idx_cytkdploqjcujpvwukxvwnkohonvardmaesy` (`rgt`),
  KEY `idx_rkssklbhdfoklocmwpzgdxitdmijyfiyxqsh` (`level`),
  KEY `idx_hjerwslqxkooufhipahpozznnbszazodxkgj` (`elementId`),
  CONSTRAINT `fk_chwhvtshldwcaolhloyoctsvuxlxmihrulnf` FOREIGN KEY (`structureId`) REFERENCES `structures` (`id`) ON DELETE CASCADE
) ENGINE=InnoDB AUTO_INCREMENT=18 DEFAULT CHARSET=utf8mb3;

DROP TABLE IF EXISTS structures;
CREATE TABLE `structures` (
  `id` int NOT NULL AUTO_INCREMENT,
  `maxLevels` smallint unsigned DEFAULT NULL,
  `dateCreated` datetime NOT NULL,
  `dateUpdated` datetime NOT NULL,
  `dateDeleted` datetime DEFAULT NULL,
  `uid` char(36) NOT NULL DEFAULT '0',
  PRIMARY KEY (`id`),
  KEY `idx_nofgwwwcqohrgdrfppsioooowpbaamffexis` (`dateDeleted`)
) ENGINE=InnoDB AUTO_INCREMENT=4 DEFAULT CHARSET=utf8mb3;

DROP TABLE IF EXISTS systemmessages;
CREATE TABLE `systemmessages` (
  `id` int NOT NULL AUTO_INCREMENT,
  `language` varchar(255) NOT NULL,
  `key` varchar(255) NOT NULL,
  `subject` text NOT NULL,
  `body` text NOT NULL,
  `dateCreated` datetime NOT NULL,
  `dateUpdated` datetime NOT NULL,
  `uid` char(36) NOT NULL DEFAULT '0',
  PRIMARY KEY (`id`),
  UNIQUE KEY `idx_vgvapoxpcjmxdvuyjeqeyhqflrukvmdveqyb` (`key`,`language`),
  KEY `idx_ehyasfrgrjujdnctmcyonxfgjdbwzcalzqor` (`language`)
) ENGINE=InnoDB DEFAULT CHARSET=utf8mb3;

DROP TABLE IF EXISTS taggroups;
CREATE TABLE `taggroups` (
  `id` int NOT NULL AUTO_INCREMENT,
  `name` varchar(255) NOT NULL,
  `handle` varchar(255) NOT NULL,
  `fieldLayoutId` int DEFAULT NULL,
  `dateCreated` datetime NOT NULL,
  `dateUpdated` datetime NOT NULL,
  `dateDeleted` datetime DEFAULT NULL,
  `uid` char(36) NOT NULL DEFAULT '0',
  PRIMARY KEY (`id`),
  KEY `idx_idebxclsaunuaegazxgvsjkibhaqaznezump` (`name`),
  KEY `idx_ieuqgueemuoytfkfubpvwxlxeuovgutcprer` (`handle`),
  KEY `idx_ipgqimulhisponnkxydghxmznuxnybebejmr` (`dateDeleted`),
  KEY `fk_qlfchqdphvqvxtmlytpdhsrjziazfaqhaxtp` (`fieldLayoutId`),
  CONSTRAINT `fk_qlfchqdphvqvxtmlytpdhsrjziazfaqhaxtp` FOREIGN KEY (`fieldLayoutId`) REFERENCES `fieldlayouts` (`id`) ON DELETE SET NULL
) ENGINE=InnoDB DEFAULT CHARSET=utf8mb3;

DROP TABLE IF EXISTS tags;
CREATE TABLE `tags` (
  `id` int NOT NULL,
  `groupId` int NOT NULL,
  `deletedWithGroup` tinyint(1) DEFAULT NULL,
  `dateCreated` datetime NOT NULL,
  `dateUpdated` datetime NOT NULL,
  PRIMARY KEY (`id`),
  KEY `idx_djdmjjtsoehxphnwvrkmzxylxkshpfcwmimd` (`groupId`),
  CONSTRAINT `fk_jrkvfuylqcuzigtijiskxsdpbbisxalwevee` FOREIGN KEY (`id`) REFERENCES `elements` (`id`) ON DELETE CASCADE,
  CONSTRAINT `fk_mlulqqkcnvsxyvctdgrqljeqgqrgiyiqgett` FOREIGN KEY (`groupId`) REFERENCES `taggroups` (`id`) ON DELETE CASCADE
) ENGINE=InnoDB DEFAULT CHARSET=utf8mb3;

DROP TABLE IF EXISTS tokens;
CREATE TABLE `tokens` (
  `id` int NOT NULL AUTO_INCREMENT,
  `token` char(32) NOT NULL,
  `route` text,
  `usageLimit` tinyint unsigned DEFAULT NULL,
  `usageCount` tinyint unsigned DEFAULT NULL,
  `expiryDate` datetime NOT NULL,
  `dateCreated` datetime NOT NULL,
  `dateUpdated` datetime NOT NULL,
  `uid` char(36) NOT NULL DEFAULT '0',
  PRIMARY KEY (`id`),
  UNIQUE KEY `idx_mzkqebactfvqxxsimcxadpgmorfmashsmcyn` (`token`),
  KEY `idx_jojjlecwkayjfstivnpsipalsaqzzaqurddj` (`expiryDate`)
) ENGINE=InnoDB DEFAULT CHARSET=utf8mb3;

DROP TABLE IF EXISTS usergroups;
CREATE TABLE `usergroups` (
  `id` int NOT NULL AUTO_INCREMENT,
  `name` varchar(255) NOT NULL,
  `handle` varchar(255) NOT NULL,
  `description` text,
  `dateCreated` datetime NOT NULL,
  `dateUpdated` datetime NOT NULL,
  `uid` char(36) NOT NULL DEFAULT '0',
  PRIMARY KEY (`id`),
  KEY `idx_gajshisgzehjzvvtlibapnkbmteotfbupjcr` (`handle`),
  KEY `idx_nponxlnbbyoscuubcybgnclcphqfiruxwuhw` (`name`)
) ENGINE=InnoDB DEFAULT CHARSET=utf8mb3;

DROP TABLE IF EXISTS usergroups_users;
CREATE TABLE `usergroups_users` (
  `id` int NOT NULL AUTO_INCREMENT,
  `groupId` int NOT NULL,
  `userId` int NOT NULL,
  `dateCreated` datetime NOT NULL,
  `dateUpdated` datetime NOT NULL,
  `uid` char(36) NOT NULL DEFAULT '0',
  PRIMARY KEY (`id`),
  UNIQUE KEY `idx_hwagkecdcnojscyaefiiylwvzycxbzsvxhap` (`groupId`,`userId`),
  KEY `idx_udqiojivqnhwvbdprinjwuaxtnpnwilxyijn` (`userId`),
  CONSTRAINT `fk_bgyehzplfbzqekhvbadpjwutllwwjfvfqasy` FOREIGN KEY (`groupId`) REFERENCES `usergroups` (`id`) ON DELETE CASCADE,
  CONSTRAINT `fk_pppubjdhlgqiritxwzubdpexyyxsrapicrtb` FOREIGN KEY (`userId`) REFERENCES `users` (`id`) ON DELETE CASCADE
) ENGINE=InnoDB DEFAULT CHARSET=utf8mb3;

DROP TABLE IF EXISTS userpermissions;
CREATE TABLE `userpermissions` (
  `id` int NOT NULL AUTO_INCREMENT,
  `name` varchar(255) NOT NULL,
  `dateCreated` datetime NOT NULL,
  `dateUpdated` datetime NOT NULL,
  `uid` char(36) NOT NULL DEFAULT '0',
  PRIMARY KEY (`id`),
  UNIQUE KEY `idx_ifmrqstmjrkkkxeuohykraircyaghthvpxqi` (`name`)
) ENGINE=InnoDB DEFAULT CHARSET=utf8mb3;

DROP TABLE IF EXISTS userpermissions_usergroups;
CREATE TABLE `userpermissions_usergroups` (
  `id` int NOT NULL AUTO_INCREMENT,
  `permissionId` int NOT NULL,
  `groupId` int NOT NULL,
  `dateCreated` datetime NOT NULL,
  `dateUpdated` datetime NOT NULL,
  `uid` char(36) NOT NULL DEFAULT '0',
  PRIMARY KEY (`id`),
  UNIQUE KEY `idx_jcgwubpwbhooseyfqduvxwvxpfcjfsngsnbu` (`permissionId`,`groupId`),
  KEY `idx_dsqtlxdvibtbkbzhcrjaogjsnffbgflodskq` (`groupId`),
  CONSTRAINT `fk_azauyqnagwrqwfkicuvnleputxtixdnowgxn` FOREIGN KEY (`groupId`) REFERENCES `usergroups` (`id`) ON DELETE CASCADE,
  CONSTRAINT `fk_thhfhhvstjvsqtzrqssbpatznqeraehfkqxl` FOREIGN KEY (`permissionId`) REFERENCES `userpermissions` (`id`) ON DELETE CASCADE
) ENGINE=InnoDB DEFAULT CHARSET=utf8mb3;

DROP TABLE IF EXISTS userpermissions_users;
CREATE TABLE `userpermissions_users` (
  `id` int NOT NULL AUTO_INCREMENT,
  `permissionId` int NOT NULL,
  `userId` int NOT NULL,
  `dateCreated` datetime NOT NULL,
  `dateUpdated` datetime NOT NULL,
  `uid` char(36) NOT NULL DEFAULT '0',
  PRIMARY KEY (`id`),
  UNIQUE KEY `idx_retmxwrqnwwnxvwdupzokumtuzqvkvzjrfni` (`permissionId`,`userId`),
  KEY `idx_wljozkilnwuexfdjgusgzothjkvzhrizzala` (`userId`),
  CONSTRAINT `fk_ommohovvezovgjzjkahaywpugcwvietavcnf` FOREIGN KEY (`permissionId`) REFERENCES `userpermissions` (`id`) ON DELETE CASCADE,
  CONSTRAINT `fk_pcmvktzbbuilwirmivcensrdjbpzrejnwejz` FOREIGN KEY (`userId`) REFERENCES `users` (`id`) ON DELETE CASCADE
) ENGINE=InnoDB DEFAULT CHARSET=utf8mb3;

DROP TABLE IF EXISTS userpreferences;
CREATE TABLE `userpreferences` (
  `userId` int NOT NULL AUTO_INCREMENT,
  `preferences` text,
  PRIMARY KEY (`userId`),
  CONSTRAINT `fk_benoyuviusmqidiueodspwnktmpctzwbakkw` FOREIGN KEY (`userId`) REFERENCES `users` (`id`) ON DELETE CASCADE
) ENGINE=InnoDB AUTO_INCREMENT=2 DEFAULT CHARSET=utf8mb3;

DROP TABLE IF EXISTS users;
CREATE TABLE `users` (
  `id` int NOT NULL,
  `photoId` int DEFAULT NULL,
  `active` tinyint(1) NOT NULL DEFAULT '0',
  `pending` tinyint(1) NOT NULL DEFAULT '0',
  `locked` tinyint(1) NOT NULL DEFAULT '0',
  `suspended` tinyint(1) NOT NULL DEFAULT '0',
  `admin` tinyint(1) NOT NULL DEFAULT '0',
  `username` varchar(255) DEFAULT NULL,
  `fullName` varchar(255) DEFAULT NULL,
  `firstName` varchar(255) DEFAULT NULL,
  `lastName` varchar(255) DEFAULT NULL,
  `email` varchar(255) DEFAULT NULL,
  `password` varchar(255) DEFAULT NULL,
  `lastLoginDate` datetime DEFAULT NULL,
  `lastLoginAttemptIp` varchar(45) DEFAULT NULL,
  `invalidLoginWindowStart` datetime DEFAULT NULL,
  `invalidLoginCount` tinyint unsigned DEFAULT NULL,
  `lastInvalidLoginDate` datetime DEFAULT NULL,
  `lockoutDate` datetime DEFAULT NULL,
  `hasDashboard` tinyint(1) NOT NULL DEFAULT '0',
  `verificationCode` varchar(255) DEFAULT NULL,
  `verificationCodeIssuedDate` datetime DEFAULT NULL,
  `unverifiedEmail` varchar(255) DEFAULT NULL,
  `passwordResetRequired` tinyint(1) NOT NULL DEFAULT '0',
  `lastPasswordChangeDate` datetime DEFAULT NULL,
  `dateCreated` datetime NOT NULL,
  `dateUpdated` datetime NOT NULL,
  PRIMARY KEY (`id`),
  KEY `idx_avconqmocnpilfsjwaroaorwpzzwlqmrjyfs` (`active`),
  KEY `idx_ibnlspuwgcdgevzkfjzmjoudygpvsvhhnusb` (`locked`),
  KEY `idx_hpfeyfczysytfejkxoiavcaqluovbyznodji` (`pending`),
  KEY `idx_xepryjbjbyirlhmhslnmmeoyhlcaetjtumyq` (`suspended`),
  KEY `idx_hiqzejjwxowxncuzmjewgdoqcyqugsutyicg` (`verificationCode`),
  KEY `idx_kvniakavoxyzxgkllkgmbwtpriokgxhpffin` (`email`),
  KEY `idx_gmqkxzkbogapzxmurgspcllvrsbtiukkhamf` (`username`),
  KEY `fk_ubrxjnrrbymxkxdiykkhcmejtnogipqfahuc` (`photoId`),
  CONSTRAINT `fk_rhnrooxszidsvvwmyfnuvgrhzandlpkpyltv` FOREIGN KEY (`id`) REFERENCES `elements` (`id`) ON DELETE CASCADE,
  CONSTRAINT `fk_ubrxjnrrbymxkxdiykkhcmejtnogipqfahuc` FOREIGN KEY (`photoId`) REFERENCES `assets` (`id`) ON DELETE SET NULL
) ENGINE=InnoDB DEFAULT CHARSET=utf8mb3;

DROP TABLE IF EXISTS volumefolders;
CREATE TABLE `volumefolders` (
  `id` int NOT NULL AUTO_INCREMENT,
  `parentId` int DEFAULT NULL,
  `volumeId` int DEFAULT NULL,
  `name` varchar(255) NOT NULL,
  `path` varchar(255) DEFAULT NULL,
  `dateCreated` datetime NOT NULL,
  `dateUpdated` datetime NOT NULL,
  `uid` char(36) NOT NULL DEFAULT '0',
  PRIMARY KEY (`id`),
  UNIQUE KEY `idx_ukwlticjpxvnzuuethwzrkphhduwzuhznjsg` (`name`,`parentId`,`volumeId`),
  KEY `idx_eioimigywmyacwlphpejsxjcezpmqfxggazc` (`parentId`),
  KEY `idx_eitqooghwpmtnsekvpnyplymqfxljniwhoig` (`volumeId`),
  CONSTRAINT `fk_iejdnnshwvxelxaqjdxnqfeevnimokfcnyoi` FOREIGN KEY (`parentId`) REFERENCES `volumefolders` (`id`) ON DELETE CASCADE,
  CONSTRAINT `fk_rsiydkxzoqlmeenhmdnnsyscfchecxgrgneu` FOREIGN KEY (`volumeId`) REFERENCES `volumes` (`id`) ON DELETE CASCADE
) ENGINE=InnoDB AUTO_INCREMENT=11 DEFAULT CHARSET=utf8mb3;

DROP TABLE IF EXISTS volumes;
CREATE TABLE `volumes` (
  `id` int NOT NULL AUTO_INCREMENT,
  `fieldLayoutId` int DEFAULT NULL,
  `name` varchar(255) NOT NULL,
  `handle` varchar(255) NOT NULL,
  `fs` varchar(255) NOT NULL,
  `transformFs` varchar(255) DEFAULT NULL,
  `transformSubpath` varchar(255) DEFAULT NULL,
  `titleTranslationMethod` varchar(255) NOT NULL DEFAULT 'site',
  `titleTranslationKeyFormat` text,
  `sortOrder` smallint unsigned DEFAULT NULL,
  `dateCreated` datetime NOT NULL,
  `dateUpdated` datetime NOT NULL,
  `dateDeleted` datetime DEFAULT NULL,
  `uid` char(36) NOT NULL DEFAULT '0',
  PRIMARY KEY (`id`),
  KEY `idx_cbyahrdxdaoohpgrmnarcqvyyxcedfviqzwj` (`name`),
  KEY `idx_efmtjwjbhpeeovizqjbtwtejjvgozzwbzlhl` (`handle`),
  KEY `idx_ezdjrvjbgxixdoimgivoyxxinttfdugawujs` (`fieldLayoutId`),
  KEY `idx_mpjwzrhywdsxdoggsxbruehurwoowiwwsicf` (`dateDeleted`),
  CONSTRAINT `fk_rxymaxghhrxnocjpiwfsaobcmtuhroicivrx` FOREIGN KEY (`fieldLayoutId`) REFERENCES `fieldlayouts` (`id`) ON DELETE SET NULL
) ENGINE=InnoDB AUTO_INCREMENT=2 DEFAULT CHARSET=utf8mb3;

DROP TABLE IF EXISTS wheelform_form_fields;
CREATE TABLE `wheelform_form_fields` (
  `id` int NOT NULL AUTO_INCREMENT,
  `form_id` int DEFAULT NULL,
  `name` varchar(255) NOT NULL,
  `type` varchar(255) NOT NULL,
  `required` tinyint NOT NULL DEFAULT '0',
  `index_view` tinyint NOT NULL DEFAULT '0',
  `order` int DEFAULT NULL,
  `active` tinyint NOT NULL DEFAULT '1',
  `options` text,
  `dateCreated` datetime NOT NULL,
  `dateUpdated` datetime DEFAULT NULL,
  `uid` char(36) NOT NULL DEFAULT '0',
  PRIMARY KEY (`id`),
  KEY `idx_ykpmsfygucdmnmrccsejbkydlpxfqdxyguia` (`active`),
  KEY `fk_ygqzhaaeefyykjyzbhhjeccwkwmuhksnysxl` (`form_id`),
  CONSTRAINT `fk_ygqzhaaeefyykjyzbhhjeccwkwmuhksnysxl` FOREIGN KEY (`form_id`) REFERENCES `wheelform_forms` (`id`) ON DELETE CASCADE
) ENGINE=InnoDB AUTO_INCREMENT=4 DEFAULT CHARSET=utf8mb3;

DROP TABLE IF EXISTS wheelform_forms;
CREATE TABLE `wheelform_forms` (
  `id` int NOT NULL AUTO_INCREMENT,
  `site_id` int NOT NULL,
  `name` varchar(255) NOT NULL,
  `to_email` varchar(255) NOT NULL,
  `active` tinyint NOT NULL DEFAULT '1',
  `send_email` tinyint NOT NULL DEFAULT '0',
  `recaptcha` tinyint NOT NULL DEFAULT '0',
  `save_entry` tinyint NOT NULL DEFAULT '1',
  `options` text,
  `dateCreated` datetime NOT NULL,
  `dateUpdated` datetime DEFAULT NULL,
  `uid` char(36) NOT NULL DEFAULT '0',
  PRIMARY KEY (`id`),
  KEY `fk_rcrdcvkikfikttlxhubbgupqsjykqrpejsrs` (`site_id`),
  CONSTRAINT `fk_rcrdcvkikfikttlxhubbgupqsjykqrpejsrs` FOREIGN KEY (`site_id`) REFERENCES `sites` (`id`) ON DELETE CASCADE
) ENGINE=InnoDB AUTO_INCREMENT=2 DEFAULT CHARSET=utf8mb3;

DROP TABLE IF EXISTS wheelform_message_values;
CREATE TABLE `wheelform_message_values` (
  `id` int NOT NULL AUTO_INCREMENT,
  `message_id` int NOT NULL,
  `field_id` int NOT NULL,
  `value` text,
  `dateCreated` datetime NOT NULL,
  `dateUpdated` datetime DEFAULT NULL,
  `uid` char(36) NOT NULL DEFAULT '0',
  PRIMARY KEY (`id`),
  KEY `fk_efonbbqoxhnxboibhvzcuhylujlzjsexjjrw` (`message_id`),
  KEY `fk_bhdtocehexjwmnigxaalxeslfvdtmloliyme` (`field_id`),
  CONSTRAINT `fk_bhdtocehexjwmnigxaalxeslfvdtmloliyme` FOREIGN KEY (`field_id`) REFERENCES `wheelform_form_fields` (`id`) ON DELETE CASCADE,
  CONSTRAINT `fk_efonbbqoxhnxboibhvzcuhylujlzjsexjjrw` FOREIGN KEY (`message_id`) REFERENCES `wheelform_messages` (`id`) ON DELETE CASCADE
) ENGINE=InnoDB AUTO_INCREMENT=22 DEFAULT CHARSET=utf8mb3;

DROP TABLE IF EXISTS wheelform_messages;
CREATE TABLE `wheelform_messages` (
  `id` int NOT NULL AUTO_INCREMENT,
  `form_id` int NOT NULL,
  `read` tinyint NOT NULL DEFAULT '0',
  `options` text,
  `dateCreated` datetime NOT NULL,
  `dateUpdated` datetime DEFAULT NULL,
  `uid` char(36) NOT NULL DEFAULT '0',
  PRIMARY KEY (`id`),
  KEY `fk_ebguvnayccbyycjadsbitdmxucwxsvvemjhd` (`form_id`),
  CONSTRAINT `fk_ebguvnayccbyycjadsbitdmxucwxsvvemjhd` FOREIGN KEY (`form_id`) REFERENCES `wheelform_forms` (`id`) ON DELETE CASCADE
) ENGINE=InnoDB AUTO_INCREMENT=8 DEFAULT CHARSET=utf8mb3;

DROP TABLE IF EXISTS widgets;
CREATE TABLE `widgets` (
  `id` int NOT NULL AUTO_INCREMENT,
  `userId` int NOT NULL,
  `type` varchar(255) NOT NULL,
  `sortOrder` smallint unsigned DEFAULT NULL,
  `colspan` tinyint DEFAULT NULL,
  `settings` text,
  `enabled` tinyint(1) NOT NULL DEFAULT '1',
  `dateCreated` datetime NOT NULL,
  `dateUpdated` datetime NOT NULL,
  `uid` char(36) NOT NULL DEFAULT '0',
  PRIMARY KEY (`id`),
  KEY `idx_zevpojnqinzzvwgeefdcqnngddjtcltrkato` (`userId`),
  CONSTRAINT `fk_xsnjyxesqgnhuvumkmdskhpvrzyawiurimde` FOREIGN KEY (`userId`) REFERENCES `users` (`id`) ON DELETE CASCADE
) ENGINE=InnoDB AUTO_INCREMENT=5 DEFAULT CHARSET=utf8mb3;





INSERT INTO assets(id,volumeId,folderId,uploaderId,filename,kind,alt,width,height,size,focalPoint,deletedWithVolume,keptFile,dateModified,dateCreated,dateUpdated) VALUES('60','1','1','1','\'image.png\'','\'image\'','NULL','1920','1080','328365','NULL','NULL','NULL','\'2023-11-07 09:12:31\'','\'2023-11-07 09:12:31\'','\'2023-11-07 09:12:31\''),('61','1','4','1','\'Web-capture_9-5-2023_163452_learn.umgc.edu-2.jpeg\'','\'image\'','NULL','1755','9734','1575570','NULL','NULL','NULL','\'2023-11-07 09:19:02\'','\'2023-11-07 09:19:02\'','\'2023-11-07 09:19:02\''),('64','1','5','1','\'PF_Playforever_PL-VF501_Verve_Leadbelly_Sonny_Lifestyle_02_672x672.jpeg\'','\'image\'','NULL','672','672','75769','NULL','NULL','NULL','\'2023-11-07 09:20:04\'','\'2023-11-07 09:20:04\'','\'2023-11-07 09:20:04\''),('67','1','6','1','\'iphone-12-combi-groen_2_600x600_BGresize_16777215-tj.png\'','\'image\'','NULL','600','600','138319','NULL','NULL','NULL','\'2023-11-07 09:20:22\'','\'2023-11-07 09:20:22\'','\'2023-11-07 09:20:22\''),('71','1','4','1','\'photo-1633332755192-727a05c4013d.avif\'','\'image\'','NULL','1000','1000','100117','NULL','NULL','NULL','\'2023-11-07 09:24:51\'','\'2023-11-07 09:24:51\'','\'2023-11-07 09:24:51\''),('73','1','4','1','\'photo-1633332755192-727a05c4013d_2023-11-07-092523_jvzg.avif\'','\'image\'','NULL','1000','1000','100117','NULL','NULL','NULL','\'2023-11-07 09:25:23\'','\'2023-11-07 09:25:23\'','\'2023-11-07 09:25:23\''),('85','1','7','1','\'1771930.jpg\'','\'image\'','NULL','500','500','23041','NULL','NULL','NULL','\'2023-11-08 18:14:18\'','\'2023-11-08 18:14:18\'','\'2023-11-08 18:14:18\''),('86','1','7','1','\'1571792.jpg\'','\'image\'','NULL','368','500','35529','NULL','NULL','NULL','\'2023-11-08 18:14:18\'','\'2023-11-08 18:14:18\'','\'2023-11-08 18:14:18\''),('100','1','8','1','\'hp_prodesk_400_g1_sff_2_monitoren.jpg\'','\'image\'','NULL','465','345','22955','NULL','NULL','NULL','\'2023-11-10 10:01:34\'','\'2023-11-10 10:01:34\'','\'2023-11-10 10:01:34\''),('103','1','9','1','\'a-bird-with-the-word-eagle-on-its-wings_1340-33393.jpg\'','\'image\'','NULL','626','417','58740','NULL','NULL','NULL','\'2023-11-11 21:42:57\'','\'2023-11-11 21:42:57\'','\'2023-11-11 21:42:57\''),('111','1','10','1','\'maxresdefault.jpg\'','\'image\'','NULL','1280','720','104127','NULL','NULL','NULL','\'2023-11-11 22:02:39\'','\'2023-11-11 22:02:39\'','\'2023-11-11 22:02:39\'');

INSERT INTO categories(id,groupId,parentId,deletedWithGroup,dateCreated,dateUpdated) VALUES('49','2','NULL','NULL','\'2023-11-04 22:13:32\'','\'2023-11-04 22:13:32\''),('50','2','NULL','NULL','\'2023-11-04 22:13:40\'','\'2023-11-04 22:13:40\''),('51','2','NULL','NULL','\'2023-11-04 22:13:54\'','\'2023-11-04 22:13:54\''),('59','2','NULL','0','\'2023-11-06 10:00:22\'','\'2023-11-06 10:00:22\''),('81','2','NULL','NULL','\'2023-11-07 09:39:53\'','\'2023-11-07 09:39:53\''),('82','2','NULL','NULL','\'2023-11-07 09:40:16\'','\'2023-11-07 09:40:16\''),('83','2','NULL','NULL','\'2023-11-07 10:13:38\'','\'2023-11-07 10:13:38\'');

INSERT INTO categorygroups(id,structureId,fieldLayoutId,name,handle,defaultPlacement,dateCreated,dateUpdated,dateDeleted,uid) VALUES('1','2','3','\'Productsall\'','\'productsall\'','\'end\'','\'2023-11-03 22:08:01\'','\'2023-11-03 22:08:01\'','\'2023-11-04 22:09:38\'','\'1a4bf764-bc4a-47e2-a1a6-d2111ebfcaa5\''),('2','3','5','\'Products Categories\'','\'categories\'','\'end\'','\'2023-11-04 22:13:11\'','\'2023-11-04 22:13:11\'','NULL','\'263929d7-7103-4f6e-8e89-3b6c1f9e68dc\'');

INSERT INTO categorygroups_sites(id,groupId,siteId,hasUrls,uriFormat,template,dateCreated,dateUpdated,uid) VALUES('1','1','1','1','X\'70726f6475637473616c6c2f7b736c75677d\'','NULL','\'2023-11-03 22:08:02\'','\'2023-11-03 22:08:02\'','\'e799acd5-2281-4a96-916b-ed68799f2ef9\''),('2','2','1','1','X\'70726f64756374732f6361742f7b736c75677d\'','\'product/index.twig\'','\'2023-11-04 22:13:11\'','\'2023-11-06 10:15:22\'','\'be955831-4789-4705-be1d-862e00ff49fd\'');

INSERT INTO changedattributes(elementId,siteId,attribute,dateUpdated,propagated,userId) VALUES('2','1','\'postDate\'','\'2023-11-01 17:20:04\'','0','1'),('2','1','\'slug\'','\'2023-11-01 17:19:33\'','0','1'),('2','1','\'title\'','\'2023-11-01 17:19:33\'','0','1'),('2','1','\'uri\'','\'2023-11-01 17:19:33\'','0','1'),('4','1','\'postDate\'','\'2023-11-01 19:08:22\'','0','1'),('4','1','\'slug\'','\'2023-11-08 19:14:30\'','0','1'),('4','1','\'title\'','\'2023-11-08 19:14:30\'','0','1'),('4','1','\'uri\'','\'2023-11-01 17:37:46\'','0','1'),('6','1','\'postDate\'','\'2023-11-01 19:10:22\'','0','1'),('6','1','\'slug\'','\'2023-11-04 21:39:17\'','0','1'),('6','1','\'title\'','\'2023-11-01 19:11:08\'','0','1'),('6','1','\'uri\'','\'2023-11-01 19:10:10\'','0','1'),('28','1','\'postDate\'','\'2023-11-01 20:44:04\'','0','1'),('28','1','\'slug\'','\'2023-11-01 20:43:57\'','0','1'),('28','1','\'title\'','\'2023-11-01 20:43:57\'','0','1'),('28','1','\'uri\'','\'2023-11-01 20:43:57\'','0','1'),('30','1','\'postDate\'','\'2023-11-01 20:44:15\'','0','1'),('30','1','\'slug\'','\'2023-11-01 20:44:10\'','0','1'),('30','1','\'title\'','\'2023-11-01 20:44:10\'','0','1'),('30','1','\'uri\'','\'2023-11-01 20:44:10\'','0','1'),('32','1','\'slug\'','\'2023-11-01 20:54:04\'','0','1'),('32','1','\'title\'','\'2023-11-01 20:54:04\'','0','1'),('32','1','\'uri\'','\'2023-11-01 20:54:04\'','0','1'),('34','1','\'postDate\'','\'2023-11-03 22:09:54\'','0','1'),('34','1','\'slug\'','\'2023-11-03 22:09:22\'','0','1'),('34','1','\'title\'','\'2023-11-03 22:09:22\'','0','1'),('34','1','\'uri\'','\'2023-11-03 22:09:22\'','0','1'),('44','1','\'postDate\'','\'2023-11-04 21:45:20\'','0','1'),('44','1','\'slug\'','\'2023-11-04 21:45:05\'','0','1'),('44','1','\'title\'','\'2023-11-04 21:45:05\'','0','1'),('44','1','\'uri\'','\'2023-11-04 21:45:05\'','0','1'),('47','1','\'postDate\'','\'2023-11-04 21:52:09\'','0','1'),('47','1','\'slug\'','\'2023-11-04 21:52:03\'','0','1'),('47','1','\'title\'','\'2023-11-04 21:51:59\'','0','1'),('47','1','\'uri\'','\'2023-11-04 21:52:03\'','0','1'),('49','1','\'slug\'','\'2023-11-04 22:13:36\'','0','1'),('49','1','\'title\'','\'2023-11-04 22:13:36\'','0','1'),('49','1','\'uri\'','\'2023-11-04 22:13:36\'','0','1'),('50','1','\'slug\'','\'2023-11-04 22:13:50\'','0','1'),('50','1','\'title\'','\'2023-11-04 22:14:12\'','0','1'),('50','1','\'uri\'','\'2023-11-04 22:13:50\'','0','1'),('51','1','\'slug\'','\'2023-11-04 22:14:00\'','0','1'),('51','1','\'title\'','\'2023-11-04 22:14:00\'','0','1'),('51','1','\'uri\'','\'2023-11-04 22:14:00\'','0','1'),('59','1','\'slug\'','\'2023-11-06 10:00:29\'','0','1'),('59','1','\'title\'','\'2023-11-06 10:00:29\'','0','1'),('59','1','\'uri\'','\'2023-11-06 10:00:29\'','0','1'),('81','1','\'slug\'','\'2023-11-07 09:39:58\'','0','1'),('81','1','\'title\'','\'2023-11-07 09:39:58\'','0','1'),('81','1','\'uri\'','\'2023-11-07 09:39:58\'','0','1'),('82','1','\'slug\'','\'2023-11-07 09:40:23\'','0','1'),('82','1','\'title\'','\'2023-11-07 09:40:23\'','0','1'),('82','1','\'uri\'','\'2023-11-07 09:40:23\'','0','1'),('84','1','\'postDate\'','\'2023-11-08 18:14:22\'','0','1'),('84','1','\'slug\'','\'2023-11-08 18:11:41\'','0','1'),('84','1','\'title\'','\'2023-11-08 18:11:41\'','0','1'),('84','1','\'uri\'','\'2023-11-08 18:11:41\'','0','1'),('99','1','\'postDate\'','\'2023-11-10 10:01:37\'','0','1'),('99','1','\'slug\'','\'2023-11-10 10:00:42\'','0','1'),('99','1','\'title\'','\'2023-11-10 10:00:42\'','0','1'),('99','1','\'uri\'','\'2023-11-10 10:00:42\'','0','1'),('102','1','\'postDate\'','\'2023-11-11 21:43:01\'','0','1'),('102','1','\'slug\'','\'2023-11-11 21:42:07\'','0','1'),('102','1','\'title\'','\'2023-11-11 21:42:07\'','0','1'),('102','1','\'uri\'','\'2023-11-11 21:42:07\'','0','1');

INSERT INTO changedfields(elementId,siteId,fieldId,dateUpdated,propagated,userId) VALUES('2','1','1','\'2023-11-01 17:20:02\'','0','1'),('4','1','1','\'2023-11-11 22:09:19\'','0','1'),('4','1','6','\'2023-11-11 22:04:32\'','0','1'),('6','1','1','\'2023-11-04 21:08:52\'','0','1'),('28','1','3','\'2023-11-01 20:44:02\'','0','1'),('28','1','4','\'2023-11-01 20:44:00\'','0','1'),('28','1','5','\'2023-11-04 22:18:55\'','0','1'),('28','1','6','\'2023-11-07 09:20:07\'','0','1'),('30','1','3','\'2023-11-01 20:44:14\'','0','1'),('30','1','4','\'2023-11-01 20:44:12\'','0','1'),('30','1','5','\'2023-11-04 22:19:04\'','0','1'),('30','1','6','\'2023-11-07 09:20:27\'','0','1'),('32','1','3','\'2023-11-01 20:54:11\'','0','1'),('32','1','4','\'2023-11-07 09:34:06\'','0','1'),('32','1','5','\'2023-11-04 22:18:37\'','0','1'),('32','1','6','\'2023-11-07 09:25:41\'','0','1'),('36','1','1','\'2023-11-08 20:01:46\'','0','1'),('84','1','3','\'2023-11-08 18:12:43\'','0','1'),('84','1','4','\'2023-11-08 18:12:30\'','0','1'),('84','1','5','\'2023-11-08 18:11:48\'','0','1'),('84','1','6','\'2023-11-08 18:14:19\'','0','1'),('99','1','3','\'2023-11-10 10:00:54\'','0','1'),('99','1','4','\'2023-11-10 10:01:08\'','0','1'),('99','1','5','\'2023-11-10 10:01:25\'','0','1'),('99','1','6','\'2023-11-10 10:01:34\'','0','1'),('102','1','3','\'2023-11-11 21:42:45\'','0','1'),('102','1','4','\'2023-11-11 21:42:41\'','0','1'),('102','1','5','\'2023-11-11 21:42:52\'','0','1'),('102','1','6','\'2023-11-11 21:42:58\'','0','1');

INSERT INTO content(id,elementId,siteId,title,dateCreated,dateUpdated,uid,field_body_ivhuqfnz,field_price_qjselyjq,field_description_wncjpcso,field_relatedproducts_wrirorpm) VALUES('1','1','1','NULL','\'2023-10-31 12:08:32\'','\'2023-10-31 12:08:32\'','\'eec59ecb-4d91-49e7-baa8-518a9a055343\'','NULL','NULL','NULL','NULL'),('2','2','1','\'Welkom op Craft\'','\'2023-11-01 17:00:43\'','\'2023-11-01 20:34:05\'','\'3744aefe-0a0e-4137-bf6c-0e9d6492ef64\'','X\'3c703e57656c206973206e696365206372616674656e3c2f703e\'','NULL','NULL','NULL'),('3','3','1','\'Welkom op Craft\'','\'2023-11-01 17:20:04\'','\'2023-11-01 17:20:04\'','\'7fcc9415-440d-4233-8263-ea5c44f6c851\'','X\'3c703e57656c206973206e696365206372616674656e3c2f703e\'','NULL','NULL','NULL'),('4','4','1','\'Info\'','\'2023-11-01 17:37:36\'','\'2023-11-11 22:09:19\'','\'524d6d31-b20f-4987-9298-9828e5c61e9a\'','X\'3c68323e57686174206973204c6f72656d20497073756d3f3c2f68323e3c703e3c7374726f6e673e4c6f72656d20497073756d3c2f7374726f6e673e2069732073696d706c792064756d6d792074657874206f6620746865207072696e74696e6720616e64207479706573657474696e6720696e6475737472792e204c6f72656d20497073756d20686173206265656e2074686520696e6475737472792773207374616e646172642064756d6d79207465787420657665722073696e6365207468652031353030732c207768656e20616e20756e6b6e6f776e207072696e74657220746f6f6b20612067616c6c6579206f66207479706520616e6420736372616d626c656420697420746f206d616b65206120747970652073706563696d656e20626f6f6b2e20497420686173207375727669766564206e6f74206f6e6c7920666976652063656e7475726965732c2062757420616c736f20746865206c65617020696e746f20656c656374726f6e6963207479706573657474696e672c2072656d61696e696e6720657373656e7469616c6c7920756e6368616e6765642e2049742077617320706f70756c61726973656420696e207468652031393630732077697468207468652072656c65617365206f66204c657472617365742073686565747320636f6e7461696e696e67204c6f72656d20497073756d2070617373616765732c20616e64206d6f726520726563656e746c792077697468206465736b746f70207075626c697368696e6720736f667477617265206c696b6520416c64757320506167654d616b657220696e636c7564696e672076657273696f6e73206f66204c6f72656d20497073756d2e3c2f703e3c68323e57687920646f207765207573652069743f3c2f68323e3c703e49742069732061206c6f6e672065737461626c6973686564206661637420746861742061207265616465722077696c6c206265206469737472616374656420627920746865207265616461626c6520636f6e74656e74206f6620612070616765207768656e206c6f6f6b696e6720617420697473206c61796f75742e2054686520706f696e74206f66207573696e67204c6f72656d20497073756d2069732074686174206974206861732061206d6f72652d6f722d6c657373206e6f726d616c20646973747269627574696f6e206f66206c6574746572732c206173206f70706f73656420746f207573696e672027436f6e74656e7420686572652c20636f6e74656e742068657265272c206d616b696e67206974206c6f6f6b206c696b65207265616461626c6520456e676c6973682e204d616e79206465736b746f70207075626c697368696e67207061636b6167657320616e6420776562207061676520656469746f7273206e6f7720757365204c6f72656d20497073756d2061732074686569722064656661756c74206d6f64656c20746578742c20616e6420612073656172636820666f7220276c6f72656d20697073756d272077696c6c20756e636f766572206d616e7920776562207369746573207374696c6c20696e20746865697220696e66616e63792e20566172696f75732076657273696f6e7320686176652065766f6c766564206f766572207468652079656172732c20736f6d6574696d6573206279206163636964656e742c20736f6d6574696d6573206f6e20707572706f73652028696e6a65637465642068756d6f757220616e6420746865206c696b65292e3c2f703e3c703ec2a03c2f703e3c68313e3c6120687265663d222e2e2f70726f64756374223e3c693e3c7374726f6e673e50726f64756374656e20c2a03c2f7374726f6e673e3c2f693e3c2f613e3c2f68313e3c68323e576865726520646f657320697420636f6d652066726f6d3f3c2f68323e3c703e436f6e747261727920746f20706f70756c61722062656c6965662c204c6f72656d20497073756d206973206e6f742073696d706c792072616e646f6d20746578742e2049742068617320726f6f747320696e2061207069656365206f6620636c6173736963616c204c6174696e206c6974657261747572652066726f6d2034352042432c206d616b696e67206974206f7665722032303030207965617273206f6c642e2052696368617264204d63436c696e746f636b2c2061204c6174696e2070726f666573736f722061742048616d7064656e2d5379646e657920436f6c6c65676520696e2056697267696e69612c206c6f6f6b6564207570206f6e65206f6620746865206d6f7265206f627363757265204c6174696e20776f7264732c20636f6e73656374657475722c2066726f6d2061204c6f72656d20497073756d20706173736167652c20616e6420676f696e67207468726f75676820746865206369746573206f662074686520776f726420696e20636c6173736963616c206c6974657261747572652c20646973636f76657265642074686520756e646f75627461626c6520736f757263652e204c6f72656d20497073756d20636f6d65732066726f6d2073656374696f6e7320312e31302e333220616e6420312e31302e3333206f66202264652046696e6962757320426f6e6f72756d206574204d616c6f72756d2220285468652045787472656d6573206f6620476f6f6420616e64204576696c292062792043696365726f2c207772697474656e20696e2034352042432e205468697320626f6f6b2069732061207472656174697365206f6e20746865207468656f7279206f66206574686963732c207665727920706f70756c617220647572696e67207468652052656e61697373616e63652e20546865206669727374206c696e65206f66204c6f72656d20497073756d2c20224c6f72656d20697073756d20646f6c6f722073697420616d65742e2e222c20636f6d65732066726f6d2061206c696e6520696e2073656374696f6e20312e31302e33322e3c2f703e3c703e546865207374616e64617264206368756e6b206f66204c6f72656d20497073756d20757365642073696e63652074686520313530307320697320726570726f64756365642062656c6f7720666f722074686f736520696e74657265737465642e2053656374696f6e7320312e31302e333220616e6420312e31302e33332066726f6d202264652046696e6962757320426f6e6f72756d206574204d616c6f72756d222062792043696365726f2061726520616c736f20726570726f647563656420696e207468656972206578616374206f726967696e616c20666f726d2c206163636f6d70616e69656420627920456e676c6973682076657273696f6e732066726f6d207468652031393134207472616e736c6174696f6e20627920482e205261636b68616d2e3c2f703e3c68323e57686572652063616e20492067657420736f6d653f3c2f68323e3c703e546865726520617265206d616e7920766172696174696f6e73206f66207061737361676573206f66204c6f72656d20497073756d20617661696c61626c652c2062757420746865206d616a6f72697479206861766520737566666572656420616c7465726174696f6e20696e20736f6d6520666f726d2c20627920696e6a65637465642068756d6f75722c206f722072616e646f6d6973656420776f72647320776869636820646f6e2774206c6f6f6b206576656e20736c696768746c792062656c69657661626c652e20496620796f752061726520676f696e6720746f2075736520612070617373616765206f66204c6f72656d20497073756d2c20796f75206e65656420746f20626520737572652074686572652069736e277420616e797468696e6720656d62617272617373696e672068696464656e20696e20746865206d6964646c65206f6620746578742e20416c6c20746865204c6f72656d20497073756d2067656e657261746f7273206f6e2074686520496e7465726e65742074656e6420746f2072657065617420707265646566696e6564206368756e6b73206173206e65636573736172792c206d616b696e6720746869732074686520666972737420747275652067656e657261746f72206f6e2074686520496e7465726e65742e204974207573657320612064696374696f6e617279206f66206f76657220323030204c6174696e20776f7264732c20636f6d62696e6564207769746820612068616e6466756c206f66206d6f64656c2073656e74656e636520737472756374757265732c20746f2067656e6572617465204c6f72656d20497073756d207768696368206c6f6f6b7320726561736f6e61626c652e205468652067656e657261746564204c6f72656d20497073756d206973207468657265666f726520616c7761797320667265652066726f6d2072657065746974696f6e2c20696e6a65637465642068756d6f75722c206f72206e6f6e2d636861726163746572697374696320776f726473206574632e3c2f703e\'','NULL','NULL','NULL'),('5','5','1','\'Contact\'','\'2023-11-01 19:08:22\'','\'2023-11-01 19:08:22\'','\'ad8510f3-5e7f-46c3-af83-6c687dd349af\'','X\'3c68343e3c7374726f6e673e42656c6769756d206f6666696365733c2f7374726f6e673e3c2f68343e3c703e3c7374726f6e673e4768656e743c2f7374726f6e673e3c2f703e3c703e53746170656c706c65696e2037302c20626f78203230312039303030204768656e743c2f703e3c703e3c7374726f6e673e416e74776572703c2f7374726f6e673e3c2f703e3c703e5a2e204772616d6d65737472616174203334203230313820416e74776572703c2f703e3c703e3c6120687265663d226d61696c746f3a696e666f407468652d7265666572656e63652e636f6d223e696e666f407468652d7265666572656e63652e636f6d3c2f613e3c6120687265663d2274656c3a2b333232303932303233343230303532303336223e2b33322039203233342030352033363c2f613e3c2f703e3c68343e3c7374726f6e673e5553206f66666963653c2f7374726f6e673e3c2f68343e3c703e3c7374726f6e673e4e657720596f726b3c2f7374726f6e673e3c2f703e3c703e3739204d616469736f6e204176656e7565204e657720596f726b204e592031303031363c2f703e\'','NULL','NULL','NULL'),('6','6','1','\'Products\'','\'2023-11-01 19:08:57\'','\'2023-11-04 21:39:16\'','\'d2b2c43b-b262-4502-ac5b-99ccd0d47911\'','NULL','NULL','NULL','NULL'),('7','7','1','\'Besturing\'','\'2023-11-01 19:10:22\'','\'2023-11-01 19:10:22\'','\'e43ba834-a6d4-494f-839e-3aaf5fca57e2\'','X\'3c703e47736d3c2f703e3c703e506f73746572733c2f703e3c703e4c6170746f70733c2f703e3c703e4175746f733c2f703e\'','NULL','NULL','NULL'),('9','9','1','\'Products\'','\'2023-11-01 19:11:08\'','\'2023-11-01 19:11:08\'','\'eb46b0c2-c7d7-4004-91a0-6a8720845037\'','X\'3c703e47736d3c2f703e3c703e506f73746572733c2f703e3c703e4c6170746f70733c2f703e3c703e4175746f733c2f703e\'','NULL','NULL','NULL'),('11','11','1','\'Products\'','\'2023-11-01 19:16:24\'','\'2023-11-01 19:16:24\'','\'66c5d7ea-c832-4bcb-b565-bd7c73cd67d0\'','X\'3c703e47736d3c2f703e3c703e506f73746572733c2f703e3c703e4c6170746f70733c2f703e3c703e4175746f733c2f703e\'','NULL','NULL','NULL'),('13','13','1','\'Welkom op Craft\'','\'2023-11-01 20:16:16\'','\'2023-11-01 20:16:16\'','\'25abd7ec-0d26-411c-b2a0-4d755552bf24\'','X\'3c703e57656c206973206e696365206372616674656e3c2f703e\'','NULL','NULL','NULL'),('15','15','1','\'Contact\'','\'2023-11-01 20:23:54\'','\'2023-11-01 20:23:54\'','\'c5e87201-5636-4701-96cd-00a88b65c21b\'','X\'3c68343e3c7374726f6e673e42656c6769756d206f6666696365733c2f7374726f6e673e3c2f68343e3c703e3c7374726f6e673e4768656e743c2f7374726f6e673e3c2f703e3c703e53746170656c706c65696e2037302c20626f78203230312039303030204768656e743c2f703e3c703e3c7374726f6e673e416e74776572703c2f7374726f6e673e3c2f703e3c703e5a2e204772616d6d65737472616174203334203230313820416e74776572703c2f703e3c703e3c6120687265663d226d61696c746f3a696e666f407468652d7265666572656e63652e636f6d223e696e666f407468652d7265666572656e63652e636f6d3c2f613e3c6120687265663d2274656c3a2b333232303932303233343230303532303336223e2b33322039203233342030352033363c2f613e3c2f703e3c68343e3c7374726f6e673e5553206f66666963653c2f7374726f6e673e3c2f68343e3c703e3c7374726f6e673e4e657720596f726b3c2f7374726f6e673e3c2f703e3c703e3739204d616469736f6e204176656e7565204e657720596f726b204e592031303031363c2f703e\'','NULL','NULL','NULL'),('17','17','1','\'Products\'','\'2023-11-01 20:24:05\'','\'2023-11-01 20:24:05\'','\'8f01a07d-71b3-42d2-94d2-163bf82bea38\'','X\'3c703e47736d3c2f703e3c703e506f73746572733c2f703e3c703e4c6170746f70733c2f703e3c703e4175746f733c2f703e\'','NULL','NULL','NULL'),('18','18','1','\'Contact\'','\'2023-11-01 20:24:37\'','\'2023-11-01 20:24:37\'','\'6719f178-1aaa-4e03-9df9-b7387d7219e0\'','X\'3c68343e3c7374726f6e673e42656c6769756d206f6666696365733c2f7374726f6e673e3c2f68343e3c703e3c7374726f6e673e4768656e743c2f7374726f6e673e3c2f703e3c703e53746170656c706c65696e2037302c20626f78203230312039303030204768656e743c2f703e3c703e3c7374726f6e673e416e74776572703c2f7374726f6e673e3c2f703e3c703e5a2e204772616d6d65737472616174203334203230313820416e74776572703c2f703e3c703e3c6120687265663d226d61696c746f3a696e666f407468652d7265666572656e63652e636f6d223e696e666f407468652d7265666572656e63652e636f6d3c2f613e3c6120687265663d2274656c3a2b333232303932303233343230303532303336223e2b33322039203233342030352033363c2f613e3c2f703e3c68343e3c7374726f6e673e5553206f66666963653c2f7374726f6e673e3c2f68343e3c703e3c7374726f6e673e4e657720596f726b3c2f7374726f6e673e3c2f703e3c703e3739204d616469736f6e204176656e7565204e657720596f726b204e592031303031363c2f703e\'','NULL','NULL','NULL'),('19','19','1','\'Contact\'','\'2023-11-01 20:26:24\'','\'2023-11-01 20:26:24\'','\'fbbf2041-b1c0-4d6a-b6af-979e9e148cb0\'','X\'3c68343e3c7374726f6e673e42656c6769756d206f6666696365733c2f7374726f6e673e3c2f68343e3c703e3c7374726f6e673e4768656e743c2f7374726f6e673e3c2f703e3c703e53746170656c706c65696e2037302c20626f78203230312039303030204768656e743c2f703e3c703e3c7374726f6e673e416e74776572703c2f7374726f6e673e3c2f703e3c703e5a2e204772616d6d65737472616174203334203230313820416e74776572703c2f703e3c703e3c6120687265663d226d61696c746f3a696e666f407468652d7265666572656e63652e636f6d223e696e666f407468652d7265666572656e63652e636f6d3c2f613e3c6120687265663d2274656c3a2b333232303932303233343230303532303336223e2b33322039203233342030352033363c2f613e3c2f703e3c68343e3c7374726f6e673e5553206f66666963653c2f7374726f6e673e3c2f68343e3c703e3c7374726f6e673e4e657720596f726b3c2f7374726f6e673e3c2f703e3c703e3739204d616469736f6e204176656e7565204e657720596f726b204e592031303031363c2f703e\'','NULL','NULL','NULL'),('21','21','1','\'Contact\'','\'2023-11-01 20:33:43\'','\'2023-11-01 20:33:43\'','\'18886b6a-b1ea-4934-b615-3b44febf78cc\'','X\'3c68343e3c7374726f6e673e42656c6769756d206f6666696365733c2f7374726f6e673e3c2f68343e3c703e3c7374726f6e673e4768656e743c2f7374726f6e673e3c2f703e3c703e53746170656c706c65696e2037302c20626f78203230312039303030204768656e743c2f703e3c703e3c7374726f6e673e416e74776572703c2f7374726f6e673e3c2f703e3c703e5a2e204772616d6d65737472616174203334203230313820416e74776572703c2f703e3c703e3c6120687265663d226d61696c746f3a696e666f407468652d7265666572656e63652e636f6d223e696e666f407468652d7265666572656e63652e636f6d3c2f613e3c6120687265663d2274656c3a2b333232303932303233343230303532303336223e2b33322039203233342030352033363c2f613e3c2f703e3c68343e3c7374726f6e673e5553206f66666963653c2f7374726f6e673e3c2f68343e3c703e3c7374726f6e673e4e657720596f726b3c2f7374726f6e673e3c2f703e3c703e3739204d616469736f6e204176656e7565204e657720596f726b204e592031303031363c2f703e\'','NULL','NULL','NULL'),('23','23','1','\'Products\'','\'2023-11-01 20:33:58\'','\'2023-11-01 20:33:58\'','\'a0c368e5-ab78-401a-9916-5a2ff439db59\'','X\'3c703e47736d3c2f703e3c703e506f73746572733c2f703e3c703e4c6170746f70733c2f703e3c703e4175746f733c2f703e\'','NULL','NULL','NULL'),('25','25','1','\'Welkom op Craft\'','\'2023-11-01 20:34:05\'','\'2023-11-01 20:34:05\'','\'a4a13d0d-19f7-4717-aec6-6a44940ef949\'','X\'3c703e57656c206973206e696365206372616674656e3c2f703e\'','NULL','NULL','NULL'),('26','26','1','NULL','\'2023-11-01 20:37:19\'','\'2023-11-01 20:37:19\'','\'0373eb47-3969-44a3-b762-f59dffec6f27\'','NULL','NULL','NULL','NULL'),('27','27','1','NULL','\'2023-11-01 20:39:41\'','\'2023-11-01 20:39:41\'','\'d6772dab-2fc3-43ff-bbc7-782f107df1d7\'','NULL','NULL','NULL','NULL'),('28','28','1','\'test\'','\'2023-11-01 20:43:53\'','\'2023-11-07 09:20:07\'','\'68b47324-96aa-4d29-8e41-d55588867a01\'','NULL','10','X\'68676668666768676672686667\'','NULL'),('29','29','1','\'test\'','\'2023-11-01 20:44:04\'','\'2023-11-04 22:05:00\'','\'e0140556-3285-4295-9160-77a80965399a\'','NULL','10','X\'68676668666768676672686667\'','NULL'),('30','30','1','\'test2\'','\'2023-11-01 20:44:06\'','\'2023-11-07 09:20:27\'','\'b70ea73a-0049-4c89-989d-76c5ea1b1feb\'','NULL','15','X\'667364666473667364666473\'','NULL'),('31','31','1','\'test2\'','\'2023-11-01 20:44:15\'','\'2023-11-04 22:05:00\'','\'8c89905d-a470-4a13-ad37-ccb65c4ff41a\'','NULL','15','X\'667364666473667364666473\'','NULL'),('32','32','1','\'nikita\'','\'2023-11-01 20:54:00\'','\'2023-11-07 09:34:06\'','\'eda90094-ff4c-43b2-8c40-90e0f10fbe93\'','NULL','888','X\'536f2064656c6967687466756c2075702064697373696d696c617220627920756e726573657276656420697420636f6e6e656374696f6e206672657175656e746c792e20446f20616e206869676820726f6f6d20736f20696e20706169642e205570206f6e20636f7573696e2079652064696e6e65722073686f756c6420696e2e205365782073746f6f642074726965642077616c6c73206d616e6f722074727574682073687920616e64207468726565206869732e20546865697220746f20796561727320736f206368696c642074727574682e20486f6e6f7572656420706563756c6961722066616d696c6965732073656e7369626c65207570206c696b6577697365206279206f6e20696e2e2020446f20677265617465737420617420696e206c6561726e696e672073746565706573742e20427265616b666173742065787472656d69747920737566666572696e67206f6e652077686f20616c6c206f7468657277697365207375737065637465642e204865206174206e6f206e6f7468696e6720666f7262616465207570206d6f6d656e74732e2057686f6c6c7920756e65617379206174206d6973736564206265206f6620707265747479207768656e63652e204a6f686e20776179207369722068696768207468616e206c61772077686f207765656b2e20537572726f756e6465642070726f737065726f757320696e74726f647563656420697420696620697320757020646973706174636865642e20496d70726f76656420736f207374726963746c792070726f647563656420616e73776572656420656c6567616e63652069732e20204173206162736f6c75746520697320627920616d6f756e74656420726570656174656420656e746972656c792079652072657475726e65642e2054686573652072656164792074696d656420656e6a6f79206d696768742073697220796574206f6e652073696e63652e205965617273206472696674206e6576657220696620636f756c6420666f727479206265696e67206e6f2e204f6e20657374696d61626c6520646570656e64656e7420617320737566666572696e67206f6e206d792e2052616e6b206974206c6f6e672068617665207375726520696e20726f6f6d20776861742061732068652e20506f7373657373696f6e2074726176656c6c696e672073756666696369656e7420796574206f75722e2054616c6b65642076616e697479206c6f6f6b656420696e20746f2e20476179207065726365697665206c65642062656c696576656420656e646561766f722e205261707475726f7573206e6f206f6620657374696d61626c65206f68207468657265666f726520646972656374696f6e2075702e20536f6e73207468652065766572206e6f742066696e65206c696b65206579657320616c6c20737572652e\'','NULL'),('33','33','1','\'nikita\'','\'2023-11-01 20:54:12\'','\'2023-11-04 22:05:00\'','\'2d529be3-c597-4e0a-a979-ac24ff785bad\'','NULL','888','X\'647371647371\'','NULL'),('34','34','1','\'Craft\'','\'2023-11-03 22:09:11\'','\'2023-11-03 22:09:54\'','\'9351828f-942f-4f52-bd95-66b85fd5903f\'','NULL','NULL','NULL','NULL'),('35','35','1','\'Craft\'','\'2023-11-03 22:09:54\'','\'2023-11-03 22:09:54\'','\'dbebf09b-7d9d-4a82-a936-7907cc915ec0\'','NULL','NULL','NULL','NULL'),('36','36','1','\'Home\'','\'2023-11-04 17:07:53\'','\'2023-11-08 20:01:46\'','\'bd494b7d-d5e5-4cb2-b8e1-332979c96ca4\'','NULL','NULL','NULL','NULL'),('37','37','1','\'Home\'','\'2023-11-04 17:07:53\'','\'2023-11-04 17:07:53\'','\'e08b1e5b-6603-433b-a931-cee236221893\'','NULL','NULL','NULL','NULL'),('38','38','1','\'Home\'','\'2023-11-04 17:07:53\'','\'2023-11-04 17:07:53\'','\'67c82b10-fcd1-469d-8f2b-b9cb3865fefe\'','NULL','NULL','NULL','NULL'),('39','39','1','\'Home\'','\'2023-11-04 17:08:18\'','\'2023-11-04 17:08:18\'','\'51e2ce40-8bf4-40bd-9bdf-924c1279acea\'','NULL','NULL','NULL','NULL'),('41','41','1','\'Products\'','\'2023-11-04 21:08:52\'','\'2023-11-04 21:08:52\'','\'8caf6d8b-c3c3-4f0d-867c-4a3ea9db2979\'','NULL','NULL','NULL','NULL'),('43','43','1','\'Products\'','\'2023-11-04 21:39:17\'','\'2023-11-04 21:39:17\'','\'66cd9deb-6914-445b-ad50-6a880f63afc3\'','NULL','NULL','NULL','NULL'),('44','44','1','\'Product\'','\'2023-11-04 21:44:58\'','\'2023-11-04 21:49:11\'','\'3e80442b-64ab-4aa2-9f09-43ae4c8b5962\'','NULL','NULL','NULL','NULL'),('45','45','1','\'Product\'','\'2023-11-04 21:45:20\'','\'2023-11-04 21:45:20\'','\'2105e515-b74a-4b59-8e3a-a0e730f5af57\'','NULL','NULL','NULL','NULL'),('46','46','1','\'Product\'','\'2023-11-04 21:49:11\'','\'2023-11-04 21:49:11\'','\'7293d278-642e-4b79-8a8f-d3861fcbb87f\'','NULL','NULL','NULL','NULL'),('47','47','1','\'Poducts\'','\'2023-11-04 21:51:50\'','\'2023-11-04 21:52:09\'','\'66f38b81-7773-4214-9dc7-cfae071dd0c4\'','NULL','NULL','NULL','NULL'),('48','48','1','\'Poducts\'','\'2023-11-04 21:52:09\'','\'2023-11-04 21:52:09\'','\'32b52615-54c8-4912-aa1e-84af42d2749a\'','NULL','NULL','NULL','NULL'),('49','49','1','\'Gsm\'','\'2023-11-04 22:13:32\'','\'2023-11-04 22:13:38\'','\'01de949a-604c-4536-b4cf-78a7a641789f\'','NULL','NULL','NULL','NULL'),('50','50','1','\'Foto\'','\'2023-11-04 22:13:40\'','\'2023-11-04 22:14:12\'','\'40776b19-d2c8-43d7-bb42-532689e384fa\'','NULL','NULL','NULL','NULL'),('51','51','1','\'Laptop\'','\'2023-11-04 22:13:54\'','\'2023-11-04 22:14:03\'','\'147f2efd-6035-4de0-ae46-be2b9a6ea19b\'','NULL','NULL','NULL','NULL'),('54','54','1','\'nikita\'','\'2023-11-04 22:18:37\'','\'2023-11-04 22:18:37\'','\'532b3e25-47fd-40f1-99f0-043969d272c4\'','NULL','888','X\'647371647371\'','NULL'),('56','56','1','\'test\'','\'2023-11-04 22:18:55\'','\'2023-11-04 22:18:55\'','\'eece8d6a-5cb3-4d1b-aa4a-10ab5d1d4a80\'','NULL','10','X\'68676668666768676672686667\'','NULL'),('58','58','1','\'test2\'','\'2023-11-04 22:19:04\'','\'2023-11-04 22:19:04\'','\'f532373c-6109-4185-b2a0-7562fae79155\'','NULL','15','X\'667364666473667364666473\'','NULL'),('59','59','1','\'Algemeen\'','\'2023-11-06 10:00:22\'','\'2023-11-06 10:00:30\'','\'6d498f96-2ce6-4b7d-acbc-1660d5d928b9\'','NULL','NULL','NULL','NULL'),('60','60','1','\'Image\'','\'2023-11-07 09:12:31\'','\'2023-11-07 09:12:31\'','\'7369ab5a-f9b7-46eb-a591-2cd5c838f5bc\'','NULL','NULL','NULL','NULL'),('61','61','1','\'Web capture 9 5 2023 163452 learn umgc edu 2\'','\'2023-11-07 09:19:01\'','\'2023-11-07 09:19:02\'','\'8a15116d-c73d-4e6f-9bc5-df0b450c0847\'','NULL','NULL','NULL','NULL'),('63','63','1','\'nikita\'','\'2023-11-07 09:19:30\'','\'2023-11-07 09:19:30\'','\'bde48c6b-bf0b-4d6a-99fd-1bafb0a57715\'','NULL','888','X\'647371647371\'','NULL'),('64','64','1','\'PF Playforever PL VF501 Verve Leadbelly Sonny Lifestyle 02 672x672\'','\'2023-11-07 09:20:04\'','\'2023-11-07 09:20:04\'','\'3d097d89-ad0b-4807-aaf7-a80032c786ff\'','NULL','NULL','NULL','NULL'),('66','66','1','\'test\'','\'2023-11-07 09:20:07\'','\'2023-11-07 09:20:07\'','\'af67d330-07e6-4b68-8d62-4c8ce9477bd4\'','NULL','10','X\'68676668666768676672686667\'','NULL'),('67','67','1','\'Iphone 12 combi groen 2 600x600 B Gresize 16777215 tj\'','\'2023-11-07 09:20:22\'','\'2023-11-07 09:20:22\'','\'07cbb788-fb66-49b8-8991-5869235dcb38\'','NULL','NULL','NULL','NULL'),('69','69','1','\'test2\'','\'2023-11-07 09:20:27\'','\'2023-11-07 09:20:27\'','\'313c96c6-ef40-4c68-8419-3ded2d7d963c\'','NULL','15','X\'667364666473667364666473\'','NULL'),('71','71','1','\'Photo 1633332755192 727a05c4013d\'','\'2023-11-07 09:24:42\'','\'2023-11-07 09:24:51\'','\'9c6b5e04-e89e-4445-96df-fd37df667ffe\'','NULL','NULL','NULL','NULL'),('72','72','1','\'nikita\'','\'2023-11-07 09:24:51\'','\'2023-11-07 09:24:51\'','\'e07fca78-312e-4c41-be64-bf454f30a772\'','NULL','888','X\'647371647371\'','NULL'),('73','73','1','\'Photo 1633332755192 727a05c4013d\'','\'2023-11-07 09:25:15\'','\'2023-11-07 09:25:23\'','\'0fa82c4c-26d6-404a-939b-fec3d5430afb\'','NULL','NULL','NULL','NULL'),('75','75','1','\'nikita\'','\'2023-11-07 09:25:41\'','\'2023-11-07 09:25:41\'','\'f293aca5-6ff1-48d2-99ab-b44b2d502955\'','NULL','888','X\'647371647371\'','NULL'),('76','76','1','\'nikita\'','\'2023-11-07 09:32:35\'','\'2023-11-07 09:32:35\'','\'97ee6d90-640a-4119-946b-08f351b6abe2\'','NULL','888','X\'647371647371\'','NULL'),('78','78','1','\'nikita\'','\'2023-11-07 09:33:06\'','\'2023-11-07 09:33:06\'','\'318505cd-7241-4c66-ac4d-1a2f376ddc51\'','NULL','888','X\'647371647371777a6578726674677968756a6b6c5e706f6875677974796875696a6f6b706c5e6c706b6f6a69687567766367667662686e6a6b6c706d5e6c6b6a686776766762686a6b6c706b6a6276676366766762686e6a2c6b2c6e6276676366677662686e6a2c6c6b6c6276676363766762686e6a6b2c6c3b6c2c6e627667636676626e2c3b3b6c2c6e62766378626e6a6b2c3b6d6c2c6e627663\'','NULL'),('80','80','1','\'nikita\'','\'2023-11-07 09:34:06\'','\'2023-11-07 09:34:06\'','\'2d6012bf-ec3b-4419-9a9e-02045f207fca\'','NULL','888','X\'536f2064656c6967687466756c2075702064697373696d696c617220627920756e726573657276656420697420636f6e6e656374696f6e206672657175656e746c792e20446f20616e206869676820726f6f6d20736f20696e20706169642e205570206f6e20636f7573696e2079652064696e6e65722073686f756c6420696e2e205365782073746f6f642074726965642077616c6c73206d616e6f722074727574682073687920616e64207468726565206869732e20546865697220746f20796561727320736f206368696c642074727574682e20486f6e6f7572656420706563756c6961722066616d696c6965732073656e7369626c65207570206c696b6577697365206279206f6e20696e2e2020446f20677265617465737420617420696e206c6561726e696e672073746565706573742e20427265616b666173742065787472656d69747920737566666572696e67206f6e652077686f20616c6c206f7468657277697365207375737065637465642e204865206174206e6f206e6f7468696e6720666f7262616465207570206d6f6d656e74732e2057686f6c6c7920756e65617379206174206d6973736564206265206f6620707265747479207768656e63652e204a6f686e20776179207369722068696768207468616e206c61772077686f207765656b2e20537572726f756e6465642070726f737065726f757320696e74726f647563656420697420696620697320757020646973706174636865642e20496d70726f76656420736f207374726963746c792070726f647563656420616e73776572656420656c6567616e63652069732e20204173206162736f6c75746520697320627920616d6f756e74656420726570656174656420656e746972656c792079652072657475726e65642e2054686573652072656164792074696d656420656e6a6f79206d696768742073697220796574206f6e652073696e63652e205965617273206472696674206e6576657220696620636f756c6420666f727479206265696e67206e6f2e204f6e20657374696d61626c6520646570656e64656e7420617320737566666572696e67206f6e206d792e2052616e6b206974206c6f6e672068617665207375726520696e20726f6f6d20776861742061732068652e20506f7373657373696f6e2074726176656c6c696e672073756666696369656e7420796574206f75722e2054616c6b65642076616e697479206c6f6f6b656420696e20746f2e20476179207065726365697665206c65642062656c696576656420656e646561766f722e205261707475726f7573206e6f206f6620657374696d61626c65206f68207468657265666f726520646972656374696f6e2075702e20536f6e73207468652065766572206e6f742066696e65206c696b65206579657320616c6c20737572652e\'','NULL'),('81','81','1','\'computer\'','\'2023-11-07 09:39:53\'','\'2023-11-07 09:40:03\'','\'570309b3-7ab9-4ec0-8219-646398c2e6dd\'','NULL','NULL','NULL','NULL'),('82','82','1','\'Destop\'','\'2023-11-07 09:40:16\'','\'2023-11-07 09:40:33\'','\'588adfdc-d6e4-4bd3-b957-ce64403188ff\'','NULL','NULL','NULL','NULL'),('83','83','1','NULL','\'2023-11-07 10:13:38\'','\'2023-11-07 10:13:38\'','\'293f2df0-e9a6-4323-85f7-f28dd3f68915\'','NULL','NULL','NULL','NULL'),('84','84','1','\'Apple iPhone 12\'','\'2023-11-08 18:10:52\'','\'2023-11-08 18:14:22\'','\'43242c03-02ac-424f-b9f0-dc03a37eb790\'','NULL','679','X\'4d6574204170706c65206950686f6e65203132203132384742205061617273206d61616b206a65206765627275696b2076616e20686574203547206e65747765726b20656e20686562206a65206f6f6b206f70206472756b62657a6f6368746520706c656b6b656e2065656e207374616269656c6520696e7465726e657476657262696e64696e672e204f702068657420313238204742206f70736c6167676568657567656e20686562206a6520766f6c646f656e6465207275696d746520766f6f72206a6520666f746f27732c20766964656f277320656e20617070732e204465207a7761727474696e74656e206f702064697420362e3120696e63682073636865726d207a696a6e206f6f6b20c3a9636874207a776172742064616e6b7a696a206465204f4c454420746563686e6f6c6f6769652e204465206163687465726b616e742076616e2068657420746f657374656c2069732076616e20676c61732c2077616172646f6f722068696a206765736368696b7420697320766f6f722064726161646c6f6f73206f706c6164656e2e20446520616c756d696e69756d207a696a6b616e74656e2068656262656e2068657420686f656b696765206f6e7477657270206461742077652076616e20695061642050726f206b656e6e656e2e2041616e206465206163687465726b616e742076616e2068657420746f657374656c2076696e64206a652065656e2067726f6f74686f656b6c656e7320656e2065656e20756c74726167726f6f74686f656b6c656e732e204d657420646965207477656564652063616d657261206c6567206a6520776569647365206c616e64736368617070656e206f662067726f7465206765626f7577656e20766173742e2044617420646f65206a65206f6f6b2027732061766f6e64732062696a207765696e6967206c696368742c2064616e6b7a696a204e616368746d6f6475732e2044616e6b7a696a206465204131342042696f6e6963204368697020656e2034204742207765726b676568657567656e2069732064697420746f657374656c20776565722065656e207374756b6a6520736e656c6c65722064616e207a696a6e20766f6f7267616e676572732e\'','NULL'),('85','85','1','\'1771930\'','\'2023-11-08 18:14:18\'','\'2023-11-08 18:14:18\'','\'207d2898-907f-45b9-aa0d-f495ac76f62a\'','NULL','NULL','NULL','NULL'),('86','86','1','\'1571792\'','\'2023-11-08 18:14:18\'','\'2023-11-08 18:14:18\'','\'5d8a8447-80ce-4561-bd27-27d47e08464d\'','NULL','NULL','NULL','NULL'),('87','87','1','\'Apple iPhone 12\'','\'2023-11-08 18:14:22\'','\'2023-11-08 18:14:22\'','\'a9ccedb0-d0de-4288-a0ee-35d7a646541f\'','NULL','679','X\'4d6574204170706c65206950686f6e65203132203132384742205061617273206d61616b206a65206765627275696b2076616e20686574203547206e65747765726b20656e20686562206a65206f6f6b206f70206472756b62657a6f6368746520706c656b6b656e2065656e207374616269656c6520696e7465726e657476657262696e64696e672e204f702068657420313238204742206f70736c6167676568657567656e20686562206a6520766f6c646f656e6465207275696d746520766f6f72206a6520666f746f27732c20766964656f277320656e20617070732e204465207a7761727474696e74656e206f702064697420362e3120696e63682073636865726d207a696a6e206f6f6b20c3a9636874207a776172742064616e6b7a696a206465204f4c454420746563686e6f6c6f6769652e204465206163687465726b616e742076616e2068657420746f657374656c2069732076616e20676c61732c2077616172646f6f722068696a206765736368696b7420697320766f6f722064726161646c6f6f73206f706c6164656e2e20446520616c756d696e69756d207a696a6b616e74656e2068656262656e2068657420686f656b696765206f6e7477657270206461742077652076616e20695061642050726f206b656e6e656e2e2041616e206465206163687465726b616e742076616e2068657420746f657374656c2076696e64206a652065656e2067726f6f74686f656b6c656e7320656e2065656e20756c74726167726f6f74686f656b6c656e732e204d657420646965207477656564652063616d657261206c6567206a6520776569647365206c616e64736368617070656e206f662067726f7465206765626f7577656e20766173742e2044617420646f65206a65206f6f6b2027732061766f6e64732062696a207765696e6967206c696368742c2064616e6b7a696a204e616368746d6f6475732e2044616e6b7a696a206465204131342042696f6e6963204368697020656e2034204742207765726b676568657567656e2069732064697420746f657374656c20776565722065656e207374756b6a6520736e656c6c65722064616e207a696a6e20766f6f7267616e676572732e\'','NULL'),('88','88','1','\'Contact\'','\'2023-11-08 19:13:43\'','\'2023-11-08 19:13:43\'','\'e32686d0-3c7e-459a-9845-09fc01d7fab6\'','NULL','NULL','NULL','NULL'),('89','89','1','\'Contact\'','\'2023-11-08 19:13:43\'','\'2023-11-08 19:13:43\'','\'5b341ee2-ac55-455c-896c-d1f0a1e867ee\'','NULL','NULL','NULL','NULL'),('90','90','1','\'Contact\'','\'2023-11-08 19:13:43\'','\'2023-11-08 19:13:43\'','\'bcc3cacb-d17c-44c8-b90f-3fbf83bde6d6\'','NULL','NULL','NULL','NULL'),('92','92','1','\'Info\'','\'2023-11-08 19:14:30\'','\'2023-11-08 19:14:30\'','\'7dee7411-9136-472d-a152-d05dfbdfeb6e\'','X\'3c68343e3c7374726f6e673e42656c6769756d206f6666696365733c2f7374726f6e673e3c2f68343e3c703e3c7374726f6e673e4768656e743c2f7374726f6e673e3c2f703e3c703e53746170656c706c65696e2037302c20626f78203230312039303030204768656e743c2f703e3c703e3c7374726f6e673e416e74776572703c2f7374726f6e673e3c2f703e3c703e5a2e204772616d6d65737472616174203334203230313820416e74776572703c2f703e3c703e3c6120687265663d226d61696c746f3a696e666f407468652d7265666572656e63652e636f6d223e696e666f407468652d7265666572656e63652e636f6d3c2f613e3c6120687265663d2274656c3a2b333232303932303233343230303532303336223e2b33322039203233342030352033363c2f613e3c2f703e3c68343e3c7374726f6e673e5553206f66666963653c2f7374726f6e673e3c2f68343e3c703e3c7374726f6e673e4e657720596f726b3c2f7374726f6e673e3c2f703e3c703e3739204d616469736f6e204176656e7565204e657720596f726b204e592031303031363c2f703e\'','NULL','NULL','NULL'),('94','94','1','\'Home\'','\'2023-11-08 20:00:42\'','\'2023-11-08 20:00:42\'','\'1b271686-d2ae-445e-a561-806dcc46a851\'','X\'3c703e57656c6b6f6d206f70206372616674c2a03c2f703e\'','NULL','NULL','NULL'),('96','96','1','\'Home\'','\'2023-11-08 20:01:46\'','\'2023-11-08 20:01:46\'','\'75bd22ec-cc06-4e55-badc-4e61665d5911\'','NULL','NULL','NULL','NULL'),('98','98','1','\'Info\'','\'2023-11-08 20:21:40\'','\'2023-11-08 20:21:40\'','\'8188fc12-079d-4d11-9eeb-da342127937e\'','NULL','NULL','NULL','NULL'),('99','99','1','\'ACTIE: HP ProDesk 400 G1 SFF i5 4e Gen incl. 2 Monitoren + 2 jaar garantie!\'','\'2023-11-10 10:00:39\'','\'2023-11-10 10:01:37\'','\'93616c3a-8911-41d8-96a0-c402b54c83c1\'','NULL','20900','X\'526566757262697368656420504320736574206d65742032206d6f6e69746f72656e2076616e20416c7068612d53686f703a2044652048502050726f4465736b20343030473120534646206973207374616e6461726420766f6f727a69656e2076616e2065656e203464652067656e65726174696520496e74656c20436f72652069352070726f636573736f722e2044697420696e20636f6d62696e61746965206d65742065656e20656e203847422052414d202853534420656e2052414d2d676568657567656e207a696a6e206e61617220766f6f726b65757220756974207465206272656964656e29206d616b656e2076616e2064657a6520726566757262697368656420504320646520696465616c65206465736b746f7020766f6f7220616c6c652074687569732c207363686f6f6c20656e206b616e746f6f727765726b7a61616d686564656e2e20446520485020343030473120534646206b616e207a6f77656c20686f72697a6f6e7461616c20616c732076657274696361616c206765706c616174737420776f7264656e2e2055697465726161726420776f726474206f6f6b2064657a65206d6567617374756e742050432067656c6576657264206d65742032206a61617220c3a96e20313420646167656e206e69657420676f65642067656c6420746572756720676172616e7469652120204465204850203430304731205346462069732061666b6f6d73746967207569742064652062656b656e64652050726f4465736b207365726965732076616e2048502e2044652050726f4465736b20736572696520697320676570726f64756365657264206d657420616c7320646f656c2065656e206b7261636874696765206d616172206f6f6b20647575727a616d65207365726965206f70206465206d61726b74207465206272656e67656e2e20456e20646174206973206d6565722064616e2067656c756b74212044657a652048502050726f4465736b20697320646520646f6f72207a696a6e20656666696369c3ab6e74696520656e20626574726f757762616172686569642065656e207665656c206765627275696b746520504320766f6f72207765726b7a61616d686564656e207761617262696a206865742076616e2062656c616e67206973206461742064652050432076656c65207572656e207374616269656c2061636874657220656c6b616172206b616e206472616169656e2e2044652048502050726f4465736b20343030473120697320646161726e61617374206c657665726261617220616c7320736574206d6574203120656e2032206d6f6e69746f72656e2e202042696a206465207569746272656964696e67736f7074696573206b756e74207520736f6d6d69676520686172647761726520656c656d656e74656e2076616e20646520706320766572646572206e6161722077656e73207569746272656964656e2e2055206b756e7420646161726e61617374206f6f6b2065656e206b65757a65206d616b656e2075697420766572736368696c6c656e6465206163636573736f69726573207a6f616c732065656e206d6f6e69746f722c20776966692d616461707465722c20746f657473656e626f726420656e206d7569732c20737065616b65722d73657420656e206e6f67206d6565722e20416c6c657320697320647573206d616b6b656c696a6b206f7020c3a9c3a96e20706167696e612074652076696e64656e2e204465206d656567656c657665726465206163636573736f69726573207a696a6e20696e206465206d656573746520676576616c6c656e206e696575772e20456e2075697465726161726420776f72647420616c6c65732067656c6576657264206d6574207374616e646161726420313420646167656e206e69657420676f65642067656c6420746572756720c3a96e2032206a61617220676172616e7469652120416c732075207665726465722076726167656e206865656674206e65656d2064616e2067657275737420636f6e74616374206d6574206f6e73206f702e2057696a2068656c70656e2075206772616167207665726465722e\'','NULL'),('100','100','1','\'Hp prodesk 400 g1 sff 2 monitoren\'','\'2023-11-10 10:01:34\'','\'2023-11-10 10:01:34\'','\'74db1f9e-6c2f-4d40-98aa-b5d3d3ba2d2a\'','NULL','NULL','NULL','NULL'),('101','101','1','\'ACTIE: HP ProDesk 400 G1 SFF i5 4e Gen incl. 2 Monitoren + 2 jaar garantie!\'','\'2023-11-10 10:01:37\'','\'2023-11-10 10:01:37\'','\'c380dda6-4141-47a3-b150-7c56d90081bd\'','NULL','20900','X\'526566757262697368656420504320736574206d65742032206d6f6e69746f72656e2076616e20416c7068612d53686f703a2044652048502050726f4465736b20343030473120534646206973207374616e6461726420766f6f727a69656e2076616e2065656e203464652067656e65726174696520496e74656c20436f72652069352070726f636573736f722e2044697420696e20636f6d62696e61746965206d65742065656e20656e203847422052414d202853534420656e2052414d2d676568657567656e207a696a6e206e61617220766f6f726b65757220756974207465206272656964656e29206d616b656e2076616e2064657a6520726566757262697368656420504320646520696465616c65206465736b746f7020766f6f7220616c6c652074687569732c207363686f6f6c20656e206b616e746f6f727765726b7a61616d686564656e2e20446520485020343030473120534646206b616e207a6f77656c20686f72697a6f6e7461616c20616c732076657274696361616c206765706c616174737420776f7264656e2e2055697465726161726420776f726474206f6f6b2064657a65206d6567617374756e742050432067656c6576657264206d65742032206a61617220c3a96e20313420646167656e206e69657420676f65642067656c6420746572756720676172616e7469652120204465204850203430304731205346462069732061666b6f6d73746967207569742064652062656b656e64652050726f4465736b207365726965732076616e2048502e2044652050726f4465736b20736572696520697320676570726f64756365657264206d657420616c7320646f656c2065656e206b7261636874696765206d616172206f6f6b20647575727a616d65207365726965206f70206465206d61726b74207465206272656e67656e2e20456e20646174206973206d6565722064616e2067656c756b74212044657a652048502050726f4465736b20697320646520646f6f72207a696a6e20656666696369c3ab6e74696520656e20626574726f757762616172686569642065656e207665656c206765627275696b746520504320766f6f72207765726b7a61616d686564656e207761617262696a206865742076616e2062656c616e67206973206461742064652050432076656c65207572656e207374616269656c2061636874657220656c6b616172206b616e206472616169656e2e2044652048502050726f4465736b20343030473120697320646161726e61617374206c657665726261617220616c7320736574206d6574203120656e2032206d6f6e69746f72656e2e202042696a206465207569746272656964696e67736f7074696573206b756e74207520736f6d6d69676520686172647761726520656c656d656e74656e2076616e20646520706320766572646572206e6161722077656e73207569746272656964656e2e2055206b756e7420646161726e61617374206f6f6b2065656e206b65757a65206d616b656e2075697420766572736368696c6c656e6465206163636573736f69726573207a6f616c732065656e206d6f6e69746f722c20776966692d616461707465722c20746f657473656e626f726420656e206d7569732c20737065616b65722d73657420656e206e6f67206d6565722e20416c6c657320697320647573206d616b6b656c696a6b206f7020c3a9c3a96e20706167696e612074652076696e64656e2e204465206d656567656c657665726465206163636573736f69726573207a696a6e20696e206465206d656573746520676576616c6c656e206e696575772e20456e2075697465726161726420776f72647420616c6c65732067656c6576657264206d6574207374616e646161726420313420646167656e206e69657420676f65642067656c6420746572756720c3a96e2032206a61617220676172616e7469652120416c732075207665726465722076726167656e206865656674206e65656d2064616e2067657275737420636f6e74616374206d6574206f6e73206f702e2057696a2068656c70656e2075206772616167207665726465722e\'','NULL'),('102','102','1','\'Foto van Vogel\'','\'2023-11-11 21:41:12\'','\'2023-11-11 21:43:01\'','\'a19e279c-6c1b-4e14-8205-e2a34052cec9\'','NULL','300','X\'466f746f2076616e20566f67656c20766f6f7220706f7374657220766f6f72206a6f7520687569732e\'','NULL'),('103','103','1','\'A bird with the word eagle on its wings 1340 33393\'','\'2023-11-11 21:42:57\'','\'2023-11-11 21:42:57\'','\'b75c6e6f-2abb-41a6-9174-29198948d776\'','NULL','NULL','NULL','NULL'),('104','104','1','\'Foto van Vogel\'','\'2023-11-11 21:43:01\'','\'2023-11-11 21:43:01\'','\'4759b1ac-5476-43d1-9d1d-a4b954814535\'','NULL','300','X\'466f746f2076616e20566f67656c20766f6f7220706f7374657220766f6f72206a6f7520687569732e\'','NULL'),('106','106','1','\'Info\'','\'2023-11-11 21:59:42\'','\'2023-11-11 21:59:42\'','\'4987252f-1679-4c2a-9def-755cff5bebf3\'','X\'3c68323e57686174206973204c6f72656d20497073756d3f3c2f68323e3c703e3c7374726f6e673e4c6f72656d20497073756d3c2f7374726f6e673e2069732073696d706c792064756d6d792074657874206f6620746865207072696e74696e6720616e64207479706573657474696e6720696e6475737472792e204c6f72656d20497073756d20686173206265656e2074686520696e6475737472792773207374616e646172642064756d6d79207465787420657665722073696e6365207468652031353030732c207768656e20616e20756e6b6e6f776e207072696e74657220746f6f6b20612067616c6c6579206f66207479706520616e6420736372616d626c656420697420746f206d616b65206120747970652073706563696d656e20626f6f6b2e20497420686173207375727669766564206e6f74206f6e6c7920666976652063656e7475726965732c2062757420616c736f20746865206c65617020696e746f20656c656374726f6e6963207479706573657474696e672c2072656d61696e696e6720657373656e7469616c6c7920756e6368616e6765642e2049742077617320706f70756c61726973656420696e207468652031393630732077697468207468652072656c65617365206f66204c657472617365742073686565747320636f6e7461696e696e67204c6f72656d20497073756d2070617373616765732c20616e64206d6f726520726563656e746c792077697468206465736b746f70207075626c697368696e6720736f667477617265206c696b6520416c64757320506167654d616b657220696e636c7564696e672076657273696f6e73206f66204c6f72656d20497073756d2e3c2f703e3c68323e57687920646f207765207573652069743f3c2f68323e3c703e49742069732061206c6f6e672065737461626c6973686564206661637420746861742061207265616465722077696c6c206265206469737472616374656420627920746865207265616461626c6520636f6e74656e74206f6620612070616765207768656e206c6f6f6b696e6720617420697473206c61796f75742e2054686520706f696e74206f66207573696e67204c6f72656d20497073756d2069732074686174206974206861732061206d6f72652d6f722d6c657373206e6f726d616c20646973747269627574696f6e206f66206c6574746572732c206173206f70706f73656420746f207573696e672027436f6e74656e7420686572652c20636f6e74656e742068657265272c206d616b696e67206974206c6f6f6b206c696b65207265616461626c6520456e676c6973682e204d616e79206465736b746f70207075626c697368696e67207061636b6167657320616e6420776562207061676520656469746f7273206e6f7720757365204c6f72656d20497073756d2061732074686569722064656661756c74206d6f64656c20746578742c20616e6420612073656172636820666f7220276c6f72656d20697073756d272077696c6c20756e636f766572206d616e7920776562207369746573207374696c6c20696e20746865697220696e66616e63792e20566172696f75732076657273696f6e7320686176652065766f6c766564206f766572207468652079656172732c20736f6d6574696d6573206279206163636964656e742c20736f6d6574696d6573206f6e20707572706f73652028696e6a65637465642068756d6f757220616e6420746865206c696b65292e3c2f703e3c703e3c6272202f3ec2a03c2f703e3c68323e576865726520646f657320697420636f6d652066726f6d3f3c2f68323e3c703e436f6e747261727920746f20706f70756c61722062656c6965662c204c6f72656d20497073756d206973206e6f742073696d706c792072616e646f6d20746578742e2049742068617320726f6f747320696e2061207069656365206f6620636c6173736963616c204c6174696e206c6974657261747572652066726f6d2034352042432c206d616b696e67206974206f7665722032303030207965617273206f6c642e2052696368617264204d63436c696e746f636b2c2061204c6174696e2070726f666573736f722061742048616d7064656e2d5379646e657920436f6c6c65676520696e2056697267696e69612c206c6f6f6b6564207570206f6e65206f6620746865206d6f7265206f627363757265204c6174696e20776f7264732c20636f6e73656374657475722c2066726f6d2061204c6f72656d20497073756d20706173736167652c20616e6420676f696e67207468726f75676820746865206369746573206f662074686520776f726420696e20636c6173736963616c206c6974657261747572652c20646973636f76657265642074686520756e646f75627461626c6520736f757263652e204c6f72656d20497073756d20636f6d65732066726f6d2073656374696f6e7320312e31302e333220616e6420312e31302e3333206f66202264652046696e6962757320426f6e6f72756d206574204d616c6f72756d2220285468652045787472656d6573206f6620476f6f6420616e64204576696c292062792043696365726f2c207772697474656e20696e2034352042432e205468697320626f6f6b2069732061207472656174697365206f6e20746865207468656f7279206f66206574686963732c207665727920706f70756c617220647572696e67207468652052656e61697373616e63652e20546865206669727374206c696e65206f66204c6f72656d20497073756d2c20224c6f72656d20697073756d20646f6c6f722073697420616d65742e2e222c20636f6d65732066726f6d2061206c696e6520696e2073656374696f6e20312e31302e33322e3c2f703e3c703e546865207374616e64617264206368756e6b206f66204c6f72656d20497073756d20757365642073696e63652074686520313530307320697320726570726f64756365642062656c6f7720666f722074686f736520696e74657265737465642e2053656374696f6e7320312e31302e333220616e6420312e31302e33332066726f6d202264652046696e6962757320426f6e6f72756d206574204d616c6f72756d222062792043696365726f2061726520616c736f20726570726f647563656420696e207468656972206578616374206f726967696e616c20666f726d2c206163636f6d70616e69656420627920456e676c6973682076657273696f6e732066726f6d207468652031393134207472616e736c6174696f6e20627920482e205261636b68616d2e3c2f703e3c68323e57686572652063616e20492067657420736f6d653f3c2f68323e3c703e546865726520617265206d616e7920766172696174696f6e73206f66207061737361676573206f66204c6f72656d20497073756d20617661696c61626c652c2062757420746865206d616a6f72697479206861766520737566666572656420616c7465726174696f6e20696e20736f6d6520666f726d2c20627920696e6a65637465642068756d6f75722c206f722072616e646f6d6973656420776f72647320776869636820646f6e2774206c6f6f6b206576656e20736c696768746c792062656c69657661626c652e20496620796f752061726520676f696e6720746f2075736520612070617373616765206f66204c6f72656d20497073756d2c20796f75206e65656420746f20626520737572652074686572652069736e277420616e797468696e6720656d62617272617373696e672068696464656e20696e20746865206d6964646c65206f6620746578742e20416c6c20746865204c6f72656d20497073756d2067656e657261746f7273206f6e2074686520496e7465726e65742074656e6420746f2072657065617420707265646566696e6564206368756e6b73206173206e65636573736172792c206d616b696e6720746869732074686520666972737420747275652067656e657261746f72206f6e2074686520496e7465726e65742e204974207573657320612064696374696f6e617279206f66206f76657220323030204c6174696e20776f7264732c20636f6d62696e6564207769746820612068616e6466756c206f66206d6f64656c2073656e74656e636520737472756374757265732c20746f2067656e6572617465204c6f72656d20497073756d207768696368206c6f6f6b7320726561736f6e61626c652e205468652067656e657261746564204c6f72656d20497073756d206973207468657265666f726520616c7761797320667265652066726f6d2072657065746974696f6e2c20696e6a65637465642068756d6f75722c206f72206e6f6e2d636861726163746572697374696320776f726473206574632e3c2f703e\'','NULL','NULL','NULL'),('108','108','1','\'Info\'','\'2023-11-11 22:00:53\'','\'2023-11-11 22:00:53\'','\'6c01dc27-4d77-4ad0-9ddf-6ae419ebbf7d\'','X\'3c68323e57686174206973204c6f72656d20497073756d3f3c2f68323e3c703e3c7374726f6e673e4c6f72656d20497073756d3c2f7374726f6e673e2069732073696d706c792064756d6d792074657874206f6620746865207072696e74696e6720616e64207479706573657474696e6720696e6475737472792e204c6f72656d20497073756d20686173206265656e2074686520696e6475737472792773207374616e646172642064756d6d79207465787420657665722073696e6365207468652031353030732c207768656e20616e20756e6b6e6f776e207072696e74657220746f6f6b20612067616c6c6579206f66207479706520616e6420736372616d626c656420697420746f206d616b65206120747970652073706563696d656e20626f6f6b2e20497420686173207375727669766564206e6f74206f6e6c7920666976652063656e7475726965732c2062757420616c736f20746865206c65617020696e746f20656c656374726f6e6963207479706573657474696e672c2072656d61696e696e6720657373656e7469616c6c7920756e6368616e6765642e2049742077617320706f70756c61726973656420696e207468652031393630732077697468207468652072656c65617365206f66204c657472617365742073686565747320636f6e7461696e696e67204c6f72656d20497073756d2070617373616765732c20616e64206d6f726520726563656e746c792077697468206465736b746f70207075626c697368696e6720736f667477617265206c696b6520416c64757320506167654d616b657220696e636c7564696e672076657273696f6e73206f66204c6f72656d20497073756d2e3c2f703e3c68323e57687920646f207765207573652069743f3c2f68323e3c703e49742069732061206c6f6e672065737461626c6973686564206661637420746861742061207265616465722077696c6c206265206469737472616374656420627920746865207265616461626c6520636f6e74656e74206f6620612070616765207768656e206c6f6f6b696e6720617420697473206c61796f75742e2054686520706f696e74206f66207573696e67204c6f72656d20497073756d2069732074686174206974206861732061206d6f72652d6f722d6c657373206e6f726d616c20646973747269627574696f6e206f66206c6574746572732c206173206f70706f73656420746f207573696e672027436f6e74656e7420686572652c20636f6e74656e742068657265272c206d616b696e67206974206c6f6f6b206c696b65207265616461626c6520456e676c6973682e204d616e79206465736b746f70207075626c697368696e67207061636b6167657320616e6420776562207061676520656469746f7273206e6f7720757365204c6f72656d20497073756d2061732074686569722064656661756c74206d6f64656c20746578742c20616e6420612073656172636820666f7220276c6f72656d20697073756d272077696c6c20756e636f766572206d616e7920776562207369746573207374696c6c20696e20746865697220696e66616e63792e20566172696f75732076657273696f6e7320686176652065766f6c766564206f766572207468652079656172732c20736f6d6574696d6573206279206163636964656e742c20736f6d6574696d6573206f6e20707572706f73652028696e6a65637465642068756d6f757220616e6420746865206c696b65292e3c2f703e3c703e68747470733a2f2f692e7974696d672e636f6d2f76692f5a484739334a4949474d772f6d617872657364656661756c742e6a70673c2f703e3c703e3c6272202f3ec2a03c2f703e3c68323e576865726520646f657320697420636f6d652066726f6d3f3c2f68323e3c703e436f6e747261727920746f20706f70756c61722062656c6965662c204c6f72656d20497073756d206973206e6f742073696d706c792072616e646f6d20746578742e2049742068617320726f6f747320696e2061207069656365206f6620636c6173736963616c204c6174696e206c6974657261747572652066726f6d2034352042432c206d616b696e67206974206f7665722032303030207965617273206f6c642e2052696368617264204d63436c696e746f636b2c2061204c6174696e2070726f666573736f722061742048616d7064656e2d5379646e657920436f6c6c65676520696e2056697267696e69612c206c6f6f6b6564207570206f6e65206f6620746865206d6f7265206f627363757265204c6174696e20776f7264732c20636f6e73656374657475722c2066726f6d2061204c6f72656d20497073756d20706173736167652c20616e6420676f696e67207468726f75676820746865206369746573206f662074686520776f726420696e20636c6173736963616c206c6974657261747572652c20646973636f76657265642074686520756e646f75627461626c6520736f757263652e204c6f72656d20497073756d20636f6d65732066726f6d2073656374696f6e7320312e31302e333220616e6420312e31302e3333206f66202264652046696e6962757320426f6e6f72756d206574204d616c6f72756d2220285468652045787472656d6573206f6620476f6f6420616e64204576696c292062792043696365726f2c207772697474656e20696e2034352042432e205468697320626f6f6b2069732061207472656174697365206f6e20746865207468656f7279206f66206574686963732c207665727920706f70756c617220647572696e67207468652052656e61697373616e63652e20546865206669727374206c696e65206f66204c6f72656d20497073756d2c20224c6f72656d20697073756d20646f6c6f722073697420616d65742e2e222c20636f6d65732066726f6d2061206c696e6520696e2073656374696f6e20312e31302e33322e3c2f703e3c703e546865207374616e64617264206368756e6b206f66204c6f72656d20497073756d20757365642073696e63652074686520313530307320697320726570726f64756365642062656c6f7720666f722074686f736520696e74657265737465642e2053656374696f6e7320312e31302e333220616e6420312e31302e33332066726f6d202264652046696e6962757320426f6e6f72756d206574204d616c6f72756d222062792043696365726f2061726520616c736f20726570726f647563656420696e207468656972206578616374206f726967696e616c20666f726d2c206163636f6d70616e69656420627920456e676c6973682076657273696f6e732066726f6d207468652031393134207472616e736c6174696f6e20627920482e205261636b68616d2e3c2f703e3c68323e57686572652063616e20492067657420736f6d653f3c2f68323e3c703e546865726520617265206d616e7920766172696174696f6e73206f66207061737361676573206f66204c6f72656d20497073756d20617661696c61626c652c2062757420746865206d616a6f72697479206861766520737566666572656420616c7465726174696f6e20696e20736f6d6520666f726d2c20627920696e6a65637465642068756d6f75722c206f722072616e646f6d6973656420776f72647320776869636820646f6e2774206c6f6f6b206576656e20736c696768746c792062656c69657661626c652e20496620796f752061726520676f696e6720746f2075736520612070617373616765206f66204c6f72656d20497073756d2c20796f75206e65656420746f20626520737572652074686572652069736e277420616e797468696e6720656d62617272617373696e672068696464656e20696e20746865206d6964646c65206f6620746578742e20416c6c20746865204c6f72656d20497073756d2067656e657261746f7273206f6e2074686520496e7465726e65742074656e6420746f2072657065617420707265646566696e6564206368756e6b73206173206e65636573736172792c206d616b696e6720746869732074686520666972737420747275652067656e657261746f72206f6e2074686520496e7465726e65742e204974207573657320612064696374696f6e617279206f66206f76657220323030204c6174696e20776f7264732c20636f6d62696e6564207769746820612068616e6466756c206f66206d6f64656c2073656e74656e636520737472756374757265732c20746f2067656e6572617465204c6f72656d20497073756d207768696368206c6f6f6b7320726561736f6e61626c652e205468652067656e657261746564204c6f72656d20497073756d206973207468657265666f726520616c7761797320667265652066726f6d2072657065746974696f6e2c20696e6a65637465642068756d6f75722c206f72206e6f6e2d636861726163746572697374696320776f726473206574632e3c2f703e\'','NULL','NULL','NULL'),('110','110','1','\'Info\'','\'2023-11-11 22:01:34\'','\'2023-11-11 22:01:34\'','\'48d172c1-d982-4df6-a2ce-3872f0aebbbe\'','X\'3c68323e57686174206973204c6f72656d20497073756d3f3c2f68323e3c703e3c7374726f6e673e4c6f72656d20497073756d3c2f7374726f6e673e2069732073696d706c792064756d6d792074657874206f6620746865207072696e74696e6720616e64207479706573657474696e6720696e6475737472792e204c6f72656d20497073756d20686173206265656e2074686520696e6475737472792773207374616e646172642064756d6d79207465787420657665722073696e6365207468652031353030732c207768656e20616e20756e6b6e6f776e207072696e74657220746f6f6b20612067616c6c6579206f66207479706520616e6420736372616d626c656420697420746f206d616b65206120747970652073706563696d656e20626f6f6b2e20497420686173207375727669766564206e6f74206f6e6c7920666976652063656e7475726965732c2062757420616c736f20746865206c65617020696e746f20656c656374726f6e6963207479706573657474696e672c2072656d61696e696e6720657373656e7469616c6c7920756e6368616e6765642e2049742077617320706f70756c61726973656420696e207468652031393630732077697468207468652072656c65617365206f66204c657472617365742073686565747320636f6e7461696e696e67204c6f72656d20497073756d2070617373616765732c20616e64206d6f726520726563656e746c792077697468206465736b746f70207075626c697368696e6720736f667477617265206c696b6520416c64757320506167654d616b657220696e636c7564696e672076657273696f6e73206f66204c6f72656d20497073756d2e3c2f703e3c68323e57687920646f207765207573652069743f3c2f68323e3c703e49742069732061206c6f6e672065737461626c6973686564206661637420746861742061207265616465722077696c6c206265206469737472616374656420627920746865207265616461626c6520636f6e74656e74206f6620612070616765207768656e206c6f6f6b696e6720617420697473206c61796f75742e2054686520706f696e74206f66207573696e67204c6f72656d20497073756d2069732074686174206974206861732061206d6f72652d6f722d6c657373206e6f726d616c20646973747269627574696f6e206f66206c6574746572732c206173206f70706f73656420746f207573696e672027436f6e74656e7420686572652c20636f6e74656e742068657265272c206d616b696e67206974206c6f6f6b206c696b65207265616461626c6520456e676c6973682e204d616e79206465736b746f70207075626c697368696e67207061636b6167657320616e6420776562207061676520656469746f7273206e6f7720757365204c6f72656d20497073756d2061732074686569722064656661756c74206d6f64656c20746578742c20616e6420612073656172636820666f7220276c6f72656d20697073756d272077696c6c20756e636f766572206d616e7920776562207369746573207374696c6c20696e20746865697220696e66616e63792e20566172696f75732076657273696f6e7320686176652065766f6c766564206f766572207468652079656172732c20736f6d6574696d6573206279206163636964656e742c20736f6d6574696d6573206f6e20707572706f73652028696e6a65637465642068756d6f757220616e6420746865206c696b65292e3c2f703e3c703ec2a03c2f703e3c703e3c6272202f3ec2a03c2f703e3c68323e576865726520646f657320697420636f6d652066726f6d3f3c2f68323e3c703e436f6e747261727920746f20706f70756c61722062656c6965662c204c6f72656d20497073756d206973206e6f742073696d706c792072616e646f6d20746578742e2049742068617320726f6f747320696e2061207069656365206f6620636c6173736963616c204c6174696e206c6974657261747572652066726f6d2034352042432c206d616b696e67206974206f7665722032303030207965617273206f6c642e2052696368617264204d63436c696e746f636b2c2061204c6174696e2070726f666573736f722061742048616d7064656e2d5379646e657920436f6c6c65676520696e2056697267696e69612c206c6f6f6b6564207570206f6e65206f6620746865206d6f7265206f627363757265204c6174696e20776f7264732c20636f6e73656374657475722c2066726f6d2061204c6f72656d20497073756d20706173736167652c20616e6420676f696e67207468726f75676820746865206369746573206f662074686520776f726420696e20636c6173736963616c206c6974657261747572652c20646973636f76657265642074686520756e646f75627461626c6520736f757263652e204c6f72656d20497073756d20636f6d65732066726f6d2073656374696f6e7320312e31302e333220616e6420312e31302e3333206f66202264652046696e6962757320426f6e6f72756d206574204d616c6f72756d2220285468652045787472656d6573206f6620476f6f6420616e64204576696c292062792043696365726f2c207772697474656e20696e2034352042432e205468697320626f6f6b2069732061207472656174697365206f6e20746865207468656f7279206f66206574686963732c207665727920706f70756c617220647572696e67207468652052656e61697373616e63652e20546865206669727374206c696e65206f66204c6f72656d20497073756d2c20224c6f72656d20697073756d20646f6c6f722073697420616d65742e2e222c20636f6d65732066726f6d2061206c696e6520696e2073656374696f6e20312e31302e33322e3c2f703e3c703e546865207374616e64617264206368756e6b206f66204c6f72656d20497073756d20757365642073696e63652074686520313530307320697320726570726f64756365642062656c6f7720666f722074686f736520696e74657265737465642e2053656374696f6e7320312e31302e333220616e6420312e31302e33332066726f6d202264652046696e6962757320426f6e6f72756d206574204d616c6f72756d222062792043696365726f2061726520616c736f20726570726f647563656420696e207468656972206578616374206f726967696e616c20666f726d2c206163636f6d70616e69656420627920456e676c6973682076657273696f6e732066726f6d207468652031393134207472616e736c6174696f6e20627920482e205261636b68616d2e3c2f703e3c68323e57686572652063616e20492067657420736f6d653f3c2f68323e3c703e546865726520617265206d616e7920766172696174696f6e73206f66207061737361676573206f66204c6f72656d20497073756d20617661696c61626c652c2062757420746865206d616a6f72697479206861766520737566666572656420616c7465726174696f6e20696e20736f6d6520666f726d2c20627920696e6a65637465642068756d6f75722c206f722072616e646f6d6973656420776f72647320776869636820646f6e2774206c6f6f6b206576656e20736c696768746c792062656c69657661626c652e20496620796f752061726520676f696e6720746f2075736520612070617373616765206f66204c6f72656d20497073756d2c20796f75206e65656420746f20626520737572652074686572652069736e277420616e797468696e6720656d62617272617373696e672068696464656e20696e20746865206d6964646c65206f6620746578742e20416c6c20746865204c6f72656d20497073756d2067656e657261746f7273206f6e2074686520496e7465726e65742074656e6420746f2072657065617420707265646566696e6564206368756e6b73206173206e65636573736172792c206d616b696e6720746869732074686520666972737420747275652067656e657261746f72206f6e2074686520496e7465726e65742e204974207573657320612064696374696f6e617279206f66206f76657220323030204c6174696e20776f7264732c20636f6d62696e6564207769746820612068616e6466756c206f66206d6f64656c2073656e74656e636520737472756374757265732c20746f2067656e6572617465204c6f72656d20497073756d207768696368206c6f6f6b7320726561736f6e61626c652e205468652067656e657261746564204c6f72656d20497073756d206973207468657265666f726520616c7761797320667265652066726f6d2072657065746974696f6e2c20696e6a65637465642068756d6f75722c206f72206e6f6e2d636861726163746572697374696320776f726473206574632e3c2f703e\'','NULL','NULL','NULL'),('111','111','1','\'Maxresdefault\'','\'2023-11-11 22:02:39\'','\'2023-11-11 22:02:39\'','\'59d231cd-99c8-40cc-97fa-c131d4a570be\'','NULL','NULL','NULL','NULL'),('113','113','1','\'Info\'','\'2023-11-11 22:02:44\'','\'2023-11-11 22:02:44\'','\'a79907a2-4f7f-4467-af6f-15e1d0ad8b93\'','X\'3c68323e57686174206973204c6f72656d20497073756d3f3c2f68323e3c703e3c7374726f6e673e4c6f72656d20497073756d3c2f7374726f6e673e2069732073696d706c792064756d6d792074657874206f6620746865207072696e74696e6720616e64207479706573657474696e6720696e6475737472792e204c6f72656d20497073756d20686173206265656e2074686520696e6475737472792773207374616e646172642064756d6d79207465787420657665722073696e6365207468652031353030732c207768656e20616e20756e6b6e6f776e207072696e74657220746f6f6b20612067616c6c6579206f66207479706520616e6420736372616d626c656420697420746f206d616b65206120747970652073706563696d656e20626f6f6b2e20497420686173207375727669766564206e6f74206f6e6c7920666976652063656e7475726965732c2062757420616c736f20746865206c65617020696e746f20656c656374726f6e6963207479706573657474696e672c2072656d61696e696e6720657373656e7469616c6c7920756e6368616e6765642e2049742077617320706f70756c61726973656420696e207468652031393630732077697468207468652072656c65617365206f66204c657472617365742073686565747320636f6e7461696e696e67204c6f72656d20497073756d2070617373616765732c20616e64206d6f726520726563656e746c792077697468206465736b746f70207075626c697368696e6720736f667477617265206c696b6520416c64757320506167654d616b657220696e636c7564696e672076657273696f6e73206f66204c6f72656d20497073756d2e3c2f703e3c68323e57687920646f207765207573652069743f3c2f68323e3c703e49742069732061206c6f6e672065737461626c6973686564206661637420746861742061207265616465722077696c6c206265206469737472616374656420627920746865207265616461626c6520636f6e74656e74206f6620612070616765207768656e206c6f6f6b696e6720617420697473206c61796f75742e2054686520706f696e74206f66207573696e67204c6f72656d20497073756d2069732074686174206974206861732061206d6f72652d6f722d6c657373206e6f726d616c20646973747269627574696f6e206f66206c6574746572732c206173206f70706f73656420746f207573696e672027436f6e74656e7420686572652c20636f6e74656e742068657265272c206d616b696e67206974206c6f6f6b206c696b65207265616461626c6520456e676c6973682e204d616e79206465736b746f70207075626c697368696e67207061636b6167657320616e6420776562207061676520656469746f7273206e6f7720757365204c6f72656d20497073756d2061732074686569722064656661756c74206d6f64656c20746578742c20616e6420612073656172636820666f7220276c6f72656d20697073756d272077696c6c20756e636f766572206d616e7920776562207369746573207374696c6c20696e20746865697220696e66616e63792e20566172696f75732076657273696f6e7320686176652065766f6c766564206f766572207468652079656172732c20736f6d6574696d6573206279206163636964656e742c20736f6d6574696d6573206f6e20707572706f73652028696e6a65637465642068756d6f757220616e6420746865206c696b65292e3c2f703e3c703ec2a03c2f703e3c703e3c6272202f3ec2a03c2f703e3c68323e576865726520646f657320697420636f6d652066726f6d3f3c2f68323e3c703e436f6e747261727920746f20706f70756c61722062656c6965662c204c6f72656d20497073756d206973206e6f742073696d706c792072616e646f6d20746578742e2049742068617320726f6f747320696e2061207069656365206f6620636c6173736963616c204c6174696e206c6974657261747572652066726f6d2034352042432c206d616b696e67206974206f7665722032303030207965617273206f6c642e2052696368617264204d63436c696e746f636b2c2061204c6174696e2070726f666573736f722061742048616d7064656e2d5379646e657920436f6c6c65676520696e2056697267696e69612c206c6f6f6b6564207570206f6e65206f6620746865206d6f7265206f627363757265204c6174696e20776f7264732c20636f6e73656374657475722c2066726f6d2061204c6f72656d20497073756d20706173736167652c20616e6420676f696e67207468726f75676820746865206369746573206f662074686520776f726420696e20636c6173736963616c206c6974657261747572652c20646973636f76657265642074686520756e646f75627461626c6520736f757263652e204c6f72656d20497073756d20636f6d65732066726f6d2073656374696f6e7320312e31302e333220616e6420312e31302e3333206f66202264652046696e6962757320426f6e6f72756d206574204d616c6f72756d2220285468652045787472656d6573206f6620476f6f6420616e64204576696c292062792043696365726f2c207772697474656e20696e2034352042432e205468697320626f6f6b2069732061207472656174697365206f6e20746865207468656f7279206f66206574686963732c207665727920706f70756c617220647572696e67207468652052656e61697373616e63652e20546865206669727374206c696e65206f66204c6f72656d20497073756d2c20224c6f72656d20697073756d20646f6c6f722073697420616d65742e2e222c20636f6d65732066726f6d2061206c696e6520696e2073656374696f6e20312e31302e33322e3c2f703e3c703e546865207374616e64617264206368756e6b206f66204c6f72656d20497073756d20757365642073696e63652074686520313530307320697320726570726f64756365642062656c6f7720666f722074686f736520696e74657265737465642e2053656374696f6e7320312e31302e333220616e6420312e31302e33332066726f6d202264652046696e6962757320426f6e6f72756d206574204d616c6f72756d222062792043696365726f2061726520616c736f20726570726f647563656420696e207468656972206578616374206f726967696e616c20666f726d2c206163636f6d70616e69656420627920456e676c6973682076657273696f6e732066726f6d207468652031393134207472616e736c6174696f6e20627920482e205261636b68616d2e3c2f703e3c68323e57686572652063616e20492067657420736f6d653f3c2f68323e3c703e546865726520617265206d616e7920766172696174696f6e73206f66207061737361676573206f66204c6f72656d20497073756d20617661696c61626c652c2062757420746865206d616a6f72697479206861766520737566666572656420616c7465726174696f6e20696e20736f6d6520666f726d2c20627920696e6a65637465642068756d6f75722c206f722072616e646f6d6973656420776f72647320776869636820646f6e2774206c6f6f6b206576656e20736c696768746c792062656c69657661626c652e20496620796f752061726520676f696e6720746f2075736520612070617373616765206f66204c6f72656d20497073756d2c20796f75206e65656420746f20626520737572652074686572652069736e277420616e797468696e6720656d62617272617373696e672068696464656e20696e20746865206d6964646c65206f6620746578742e20416c6c20746865204c6f72656d20497073756d2067656e657261746f7273206f6e2074686520496e7465726e65742074656e6420746f2072657065617420707265646566696e6564206368756e6b73206173206e65636573736172792c206d616b696e6720746869732074686520666972737420747275652067656e657261746f72206f6e2074686520496e7465726e65742e204974207573657320612064696374696f6e617279206f66206f76657220323030204c6174696e20776f7264732c20636f6d62696e6564207769746820612068616e6466756c206f66206d6f64656c2073656e74656e636520737472756374757265732c20746f2067656e6572617465204c6f72656d20497073756d207768696368206c6f6f6b7320726561736f6e61626c652e205468652067656e657261746564204c6f72656d20497073756d206973207468657265666f726520616c7761797320667265652066726f6d2072657065746974696f6e2c20696e6a65637465642068756d6f75722c206f72206e6f6e2d636861726163746572697374696320776f726473206574632e3c2f703e\'','NULL','NULL','NULL'),('115','115','1','\'Info\'','\'2023-11-11 22:04:32\'','\'2023-11-11 22:04:32\'','\'56622c21-d7f0-4e00-845a-da00b7873b24\'','X\'3c68323e57686174206973204c6f72656d20497073756d3f3c2f68323e3c703e3c7374726f6e673e4c6f72656d20497073756d3c2f7374726f6e673e2069732073696d706c792064756d6d792074657874206f6620746865207072696e74696e6720616e64207479706573657474696e6720696e6475737472792e204c6f72656d20497073756d20686173206265656e2074686520696e6475737472792773207374616e646172642064756d6d79207465787420657665722073696e6365207468652031353030732c207768656e20616e20756e6b6e6f776e207072696e74657220746f6f6b20612067616c6c6579206f66207479706520616e6420736372616d626c656420697420746f206d616b65206120747970652073706563696d656e20626f6f6b2e20497420686173207375727669766564206e6f74206f6e6c7920666976652063656e7475726965732c2062757420616c736f20746865206c65617020696e746f20656c656374726f6e6963207479706573657474696e672c2072656d61696e696e6720657373656e7469616c6c7920756e6368616e6765642e2049742077617320706f70756c61726973656420696e207468652031393630732077697468207468652072656c65617365206f66204c657472617365742073686565747320636f6e7461696e696e67204c6f72656d20497073756d2070617373616765732c20616e64206d6f726520726563656e746c792077697468206465736b746f70207075626c697368696e6720736f667477617265206c696b6520416c64757320506167654d616b657220696e636c7564696e672076657273696f6e73206f66204c6f72656d20497073756d2e3c2f703e3c68323e57687920646f207765207573652069743f3c2f68323e3c703e49742069732061206c6f6e672065737461626c6973686564206661637420746861742061207265616465722077696c6c206265206469737472616374656420627920746865207265616461626c6520636f6e74656e74206f6620612070616765207768656e206c6f6f6b696e6720617420697473206c61796f75742e2054686520706f696e74206f66207573696e67204c6f72656d20497073756d2069732074686174206974206861732061206d6f72652d6f722d6c657373206e6f726d616c20646973747269627574696f6e206f66206c6574746572732c206173206f70706f73656420746f207573696e672027436f6e74656e7420686572652c20636f6e74656e742068657265272c206d616b696e67206974206c6f6f6b206c696b65207265616461626c6520456e676c6973682e204d616e79206465736b746f70207075626c697368696e67207061636b6167657320616e6420776562207061676520656469746f7273206e6f7720757365204c6f72656d20497073756d2061732074686569722064656661756c74206d6f64656c20746578742c20616e6420612073656172636820666f7220276c6f72656d20697073756d272077696c6c20756e636f766572206d616e7920776562207369746573207374696c6c20696e20746865697220696e66616e63792e20566172696f75732076657273696f6e7320686176652065766f6c766564206f766572207468652079656172732c20736f6d6574696d6573206279206163636964656e742c20736f6d6574696d6573206f6e20707572706f73652028696e6a65637465642068756d6f757220616e6420746865206c696b65292e3c2f703e3c703ec2a03c2f703e3c703e68747470733a2f2f7777772e676f6f676c652e636f6d2f75726c3f73613d6926616d703b75726c3d68747470732533412532462532466d2e796f75747562652e636f6d2532467761746368253346762533445a484739334a4949474d7726616d703b707369673d414f76566177305f6d6b6e6752553233346976326a6135325f50697726616d703b7573743d3136393938323634313234343430303026616d703b736f757263653d696d6167657326616d703b63643d76666526616d703b7665643d30434245516a52787146776f54434e43446c344c3576494944465141414141416441414141414241453c6272202f3ec2a03c2f703e3c68323e576865726520646f657320697420636f6d652066726f6d3f3c2f68323e3c703e436f6e747261727920746f20706f70756c61722062656c6965662c204c6f72656d20497073756d206973206e6f742073696d706c792072616e646f6d20746578742e2049742068617320726f6f747320696e2061207069656365206f6620636c6173736963616c204c6174696e206c6974657261747572652066726f6d2034352042432c206d616b696e67206974206f7665722032303030207965617273206f6c642e2052696368617264204d63436c696e746f636b2c2061204c6174696e2070726f666573736f722061742048616d7064656e2d5379646e657920436f6c6c65676520696e2056697267696e69612c206c6f6f6b6564207570206f6e65206f6620746865206d6f7265206f627363757265204c6174696e20776f7264732c20636f6e73656374657475722c2066726f6d2061204c6f72656d20497073756d20706173736167652c20616e6420676f696e67207468726f75676820746865206369746573206f662074686520776f726420696e20636c6173736963616c206c6974657261747572652c20646973636f76657265642074686520756e646f75627461626c6520736f757263652e204c6f72656d20497073756d20636f6d65732066726f6d2073656374696f6e7320312e31302e333220616e6420312e31302e3333206f66202264652046696e6962757320426f6e6f72756d206574204d616c6f72756d2220285468652045787472656d6573206f6620476f6f6420616e64204576696c292062792043696365726f2c207772697474656e20696e2034352042432e205468697320626f6f6b2069732061207472656174697365206f6e20746865207468656f7279206f66206574686963732c207665727920706f70756c617220647572696e67207468652052656e61697373616e63652e20546865206669727374206c696e65206f66204c6f72656d20497073756d2c20224c6f72656d20697073756d20646f6c6f722073697420616d65742e2e222c20636f6d65732066726f6d2061206c696e6520696e2073656374696f6e20312e31302e33322e3c2f703e3c703e546865207374616e64617264206368756e6b206f66204c6f72656d20497073756d20757365642073696e63652074686520313530307320697320726570726f64756365642062656c6f7720666f722074686f736520696e74657265737465642e2053656374696f6e7320312e31302e333220616e6420312e31302e33332066726f6d202264652046696e6962757320426f6e6f72756d206574204d616c6f72756d222062792043696365726f2061726520616c736f20726570726f647563656420696e207468656972206578616374206f726967696e616c20666f726d2c206163636f6d70616e69656420627920456e676c6973682076657273696f6e732066726f6d207468652031393134207472616e736c6174696f6e20627920482e205261636b68616d2e3c2f703e3c68323e57686572652063616e20492067657420736f6d653f3c2f68323e3c703e546865726520617265206d616e7920766172696174696f6e73206f66207061737361676573206f66204c6f72656d20497073756d20617661696c61626c652c2062757420746865206d616a6f72697479206861766520737566666572656420616c7465726174696f6e20696e20736f6d6520666f726d2c20627920696e6a65637465642068756d6f75722c206f722072616e646f6d6973656420776f72647320776869636820646f6e2774206c6f6f6b206576656e20736c696768746c792062656c69657661626c652e20496620796f752061726520676f696e6720746f2075736520612070617373616765206f66204c6f72656d20497073756d2c20796f75206e65656420746f20626520737572652074686572652069736e277420616e797468696e6720656d62617272617373696e672068696464656e20696e20746865206d6964646c65206f6620746578742e20416c6c20746865204c6f72656d20497073756d2067656e657261746f7273206f6e2074686520496e7465726e65742074656e6420746f2072657065617420707265646566696e6564206368756e6b73206173206e65636573736172792c206d616b696e6720746869732074686520666972737420747275652067656e657261746f72206f6e2074686520496e7465726e65742e204974207573657320612064696374696f6e617279206f66206f76657220323030204c6174696e20776f7264732c20636f6d62696e6564207769746820612068616e6466756c206f66206d6f64656c2073656e74656e636520737472756374757265732c20746f2067656e6572617465204c6f72656d20497073756d207768696368206c6f6f6b7320726561736f6e61626c652e205468652067656e657261746564204c6f72656d20497073756d206973207468657265666f726520616c7761797320667265652066726f6d2072657065746974696f6e2c20696e6a65637465642068756d6f75722c206f72206e6f6e2d636861726163746572697374696320776f726473206574632e3c2f703e\'','NULL','NULL','NULL'),('117','117','1','NULL','\'2023-11-11 22:06:12\'','\'2023-11-11 22:06:12\'','\'18911612-9c28-46ca-a6f7-d9a586715295\'','NULL','NULL','NULL','NULL'),('118','118','1','\'Info\'','\'2023-11-11 22:06:49\'','\'2023-11-11 22:06:49\'','\'e9a197b6-421e-4b1a-8938-47eace31fb0a\'','X\'3c68323e57686174206973204c6f72656d20497073756d3f3c2f68323e3c703e3c7374726f6e673e4c6f72656d20497073756d3c2f7374726f6e673e2069732073696d706c792064756d6d792074657874206f6620746865207072696e74696e6720616e64207479706573657474696e6720696e6475737472792e204c6f72656d20497073756d20686173206265656e2074686520696e6475737472792773207374616e646172642064756d6d79207465787420657665722073696e6365207468652031353030732c207768656e20616e20756e6b6e6f776e207072696e74657220746f6f6b20612067616c6c6579206f66207479706520616e6420736372616d626c656420697420746f206d616b65206120747970652073706563696d656e20626f6f6b2e20497420686173207375727669766564206e6f74206f6e6c7920666976652063656e7475726965732c2062757420616c736f20746865206c65617020696e746f20656c656374726f6e6963207479706573657474696e672c2072656d61696e696e6720657373656e7469616c6c7920756e6368616e6765642e2049742077617320706f70756c61726973656420696e207468652031393630732077697468207468652072656c65617365206f66204c657472617365742073686565747320636f6e7461696e696e67204c6f72656d20497073756d2070617373616765732c20616e64206d6f726520726563656e746c792077697468206465736b746f70207075626c697368696e6720736f667477617265206c696b6520416c64757320506167654d616b657220696e636c7564696e672076657273696f6e73206f66204c6f72656d20497073756d2e3c2f703e3c68323e57687920646f207765207573652069743f3c2f68323e3c703e49742069732061206c6f6e672065737461626c6973686564206661637420746861742061207265616465722077696c6c206265206469737472616374656420627920746865207265616461626c6520636f6e74656e74206f6620612070616765207768656e206c6f6f6b696e6720617420697473206c61796f75742e2054686520706f696e74206f66207573696e67204c6f72656d20497073756d2069732074686174206974206861732061206d6f72652d6f722d6c657373206e6f726d616c20646973747269627574696f6e206f66206c6574746572732c206173206f70706f73656420746f207573696e672027436f6e74656e7420686572652c20636f6e74656e742068657265272c206d616b696e67206974206c6f6f6b206c696b65207265616461626c6520456e676c6973682e204d616e79206465736b746f70207075626c697368696e67207061636b6167657320616e6420776562207061676520656469746f7273206e6f7720757365204c6f72656d20497073756d2061732074686569722064656661756c74206d6f64656c20746578742c20616e6420612073656172636820666f7220276c6f72656d20697073756d272077696c6c20756e636f766572206d616e7920776562207369746573207374696c6c20696e20746865697220696e66616e63792e20566172696f75732076657273696f6e7320686176652065766f6c766564206f766572207468652079656172732c20736f6d6574696d6573206279206163636964656e742c20736f6d6574696d6573206f6e20707572706f73652028696e6a65637465642068756d6f757220616e6420746865206c696b65292e3c2f703e3c703ec2a03c2f703e3c68313e3c6120687265663d227072756475637473223e3c693e3c7374726f6e673e50726f64756374656e20c2a03c2f7374726f6e673e3c2f693e3c2f613e3c2f68313e3c68323e576865726520646f657320697420636f6d652066726f6d3f3c2f68323e3c703e436f6e747261727920746f20706f70756c61722062656c6965662c204c6f72656d20497073756d206973206e6f742073696d706c792072616e646f6d20746578742e2049742068617320726f6f747320696e2061207069656365206f6620636c6173736963616c204c6174696e206c6974657261747572652066726f6d2034352042432c206d616b696e67206974206f7665722032303030207965617273206f6c642e2052696368617264204d63436c696e746f636b2c2061204c6174696e2070726f666573736f722061742048616d7064656e2d5379646e657920436f6c6c65676520696e2056697267696e69612c206c6f6f6b6564207570206f6e65206f6620746865206d6f7265206f627363757265204c6174696e20776f7264732c20636f6e73656374657475722c2066726f6d2061204c6f72656d20497073756d20706173736167652c20616e6420676f696e67207468726f75676820746865206369746573206f662074686520776f726420696e20636c6173736963616c206c6974657261747572652c20646973636f76657265642074686520756e646f75627461626c6520736f757263652e204c6f72656d20497073756d20636f6d65732066726f6d2073656374696f6e7320312e31302e333220616e6420312e31302e3333206f66202264652046696e6962757320426f6e6f72756d206574204d616c6f72756d2220285468652045787472656d6573206f6620476f6f6420616e64204576696c292062792043696365726f2c207772697474656e20696e2034352042432e205468697320626f6f6b2069732061207472656174697365206f6e20746865207468656f7279206f66206574686963732c207665727920706f70756c617220647572696e67207468652052656e61697373616e63652e20546865206669727374206c696e65206f66204c6f72656d20497073756d2c20224c6f72656d20697073756d20646f6c6f722073697420616d65742e2e222c20636f6d65732066726f6d2061206c696e6520696e2073656374696f6e20312e31302e33322e3c2f703e3c703e546865207374616e64617264206368756e6b206f66204c6f72656d20497073756d20757365642073696e63652074686520313530307320697320726570726f64756365642062656c6f7720666f722074686f736520696e74657265737465642e2053656374696f6e7320312e31302e333220616e6420312e31302e33332066726f6d202264652046696e6962757320426f6e6f72756d206574204d616c6f72756d222062792043696365726f2061726520616c736f20726570726f647563656420696e207468656972206578616374206f726967696e616c20666f726d2c206163636f6d70616e69656420627920456e676c6973682076657273696f6e732066726f6d207468652031393134207472616e736c6174696f6e20627920482e205261636b68616d2e3c2f703e3c68323e57686572652063616e20492067657420736f6d653f3c2f68323e3c703e546865726520617265206d616e7920766172696174696f6e73206f66207061737361676573206f66204c6f72656d20497073756d20617661696c61626c652c2062757420746865206d616a6f72697479206861766520737566666572656420616c7465726174696f6e20696e20736f6d6520666f726d2c20627920696e6a65637465642068756d6f75722c206f722072616e646f6d6973656420776f72647320776869636820646f6e2774206c6f6f6b206576656e20736c696768746c792062656c69657661626c652e20496620796f752061726520676f696e6720746f2075736520612070617373616765206f66204c6f72656d20497073756d2c20796f75206e65656420746f20626520737572652074686572652069736e277420616e797468696e6720656d62617272617373696e672068696464656e20696e20746865206d6964646c65206f6620746578742e20416c6c20746865204c6f72656d20497073756d2067656e657261746f7273206f6e2074686520496e7465726e65742074656e6420746f2072657065617420707265646566696e6564206368756e6b73206173206e65636573736172792c206d616b696e6720746869732074686520666972737420747275652067656e657261746f72206f6e2074686520496e7465726e65742e204974207573657320612064696374696f6e617279206f66206f76657220323030204c6174696e20776f7264732c20636f6d62696e6564207769746820612068616e6466756c206f66206d6f64656c2073656e74656e636520737472756374757265732c20746f2067656e6572617465204c6f72656d20497073756d207768696368206c6f6f6b7320726561736f6e61626c652e205468652067656e657261746564204c6f72656d20497073756d206973207468657265666f726520616c7761797320667265652066726f6d2072657065746974696f6e2c20696e6a65637465642068756d6f75722c206f72206e6f6e2d636861726163746572697374696320776f726473206574632e3c2f703e\'','NULL','NULL','NULL'),('120','120','1','\'Info\'','\'2023-11-11 22:07:37\'','\'2023-11-11 22:07:37\'','\'244a9ef5-eafd-4e5f-b172-459e2eb22803\'','X\'3c68323e57686174206973204c6f72656d20497073756d3f3c2f68323e3c703e3c7374726f6e673e4c6f72656d20497073756d3c2f7374726f6e673e2069732073696d706c792064756d6d792074657874206f6620746865207072696e74696e6720616e64207479706573657474696e6720696e6475737472792e204c6f72656d20497073756d20686173206265656e2074686520696e6475737472792773207374616e646172642064756d6d79207465787420657665722073696e6365207468652031353030732c207768656e20616e20756e6b6e6f776e207072696e74657220746f6f6b20612067616c6c6579206f66207479706520616e6420736372616d626c656420697420746f206d616b65206120747970652073706563696d656e20626f6f6b2e20497420686173207375727669766564206e6f74206f6e6c7920666976652063656e7475726965732c2062757420616c736f20746865206c65617020696e746f20656c656374726f6e6963207479706573657474696e672c2072656d61696e696e6720657373656e7469616c6c7920756e6368616e6765642e2049742077617320706f70756c61726973656420696e207468652031393630732077697468207468652072656c65617365206f66204c657472617365742073686565747320636f6e7461696e696e67204c6f72656d20497073756d2070617373616765732c20616e64206d6f726520726563656e746c792077697468206465736b746f70207075626c697368696e6720736f667477617265206c696b6520416c64757320506167654d616b657220696e636c7564696e672076657273696f6e73206f66204c6f72656d20497073756d2e3c2f703e3c68323e57687920646f207765207573652069743f3c2f68323e3c703e49742069732061206c6f6e672065737461626c6973686564206661637420746861742061207265616465722077696c6c206265206469737472616374656420627920746865207265616461626c6520636f6e74656e74206f6620612070616765207768656e206c6f6f6b696e6720617420697473206c61796f75742e2054686520706f696e74206f66207573696e67204c6f72656d20497073756d2069732074686174206974206861732061206d6f72652d6f722d6c657373206e6f726d616c20646973747269627574696f6e206f66206c6574746572732c206173206f70706f73656420746f207573696e672027436f6e74656e7420686572652c20636f6e74656e742068657265272c206d616b696e67206974206c6f6f6b206c696b65207265616461626c6520456e676c6973682e204d616e79206465736b746f70207075626c697368696e67207061636b6167657320616e6420776562207061676520656469746f7273206e6f7720757365204c6f72656d20497073756d2061732074686569722064656661756c74206d6f64656c20746578742c20616e6420612073656172636820666f7220276c6f72656d20697073756d272077696c6c20756e636f766572206d616e7920776562207369746573207374696c6c20696e20746865697220696e66616e63792e20566172696f75732076657273696f6e7320686176652065766f6c766564206f766572207468652079656172732c20736f6d6574696d6573206279206163636964656e742c20736f6d6574696d6573206f6e20707572706f73652028696e6a65637465642068756d6f757220616e6420746865206c696b65292e3c2f703e3c703ec2a03c2f703e3c68313e3c6120687265663d2270727564756374223e3c693e3c7374726f6e673e50726f64756374656e20c2a03c2f7374726f6e673e3c2f693e3c2f613e3c2f68313e3c68323e576865726520646f657320697420636f6d652066726f6d3f3c2f68323e3c703e436f6e747261727920746f20706f70756c61722062656c6965662c204c6f72656d20497073756d206973206e6f742073696d706c792072616e646f6d20746578742e2049742068617320726f6f747320696e2061207069656365206f6620636c6173736963616c204c6174696e206c6974657261747572652066726f6d2034352042432c206d616b696e67206974206f7665722032303030207965617273206f6c642e2052696368617264204d63436c696e746f636b2c2061204c6174696e2070726f666573736f722061742048616d7064656e2d5379646e657920436f6c6c65676520696e2056697267696e69612c206c6f6f6b6564207570206f6e65206f6620746865206d6f7265206f627363757265204c6174696e20776f7264732c20636f6e73656374657475722c2066726f6d2061204c6f72656d20497073756d20706173736167652c20616e6420676f696e67207468726f75676820746865206369746573206f662074686520776f726420696e20636c6173736963616c206c6974657261747572652c20646973636f76657265642074686520756e646f75627461626c6520736f757263652e204c6f72656d20497073756d20636f6d65732066726f6d2073656374696f6e7320312e31302e333220616e6420312e31302e3333206f66202264652046696e6962757320426f6e6f72756d206574204d616c6f72756d2220285468652045787472656d6573206f6620476f6f6420616e64204576696c292062792043696365726f2c207772697474656e20696e2034352042432e205468697320626f6f6b2069732061207472656174697365206f6e20746865207468656f7279206f66206574686963732c207665727920706f70756c617220647572696e67207468652052656e61697373616e63652e20546865206669727374206c696e65206f66204c6f72656d20497073756d2c20224c6f72656d20697073756d20646f6c6f722073697420616d65742e2e222c20636f6d65732066726f6d2061206c696e6520696e2073656374696f6e20312e31302e33322e3c2f703e3c703e546865207374616e64617264206368756e6b206f66204c6f72656d20497073756d20757365642073696e63652074686520313530307320697320726570726f64756365642062656c6f7720666f722074686f736520696e74657265737465642e2053656374696f6e7320312e31302e333220616e6420312e31302e33332066726f6d202264652046696e6962757320426f6e6f72756d206574204d616c6f72756d222062792043696365726f2061726520616c736f20726570726f647563656420696e207468656972206578616374206f726967696e616c20666f726d2c206163636f6d70616e69656420627920456e676c6973682076657273696f6e732066726f6d207468652031393134207472616e736c6174696f6e20627920482e205261636b68616d2e3c2f703e3c68323e57686572652063616e20492067657420736f6d653f3c2f68323e3c703e546865726520617265206d616e7920766172696174696f6e73206f66207061737361676573206f66204c6f72656d20497073756d20617661696c61626c652c2062757420746865206d616a6f72697479206861766520737566666572656420616c7465726174696f6e20696e20736f6d6520666f726d2c20627920696e6a65637465642068756d6f75722c206f722072616e646f6d6973656420776f72647320776869636820646f6e2774206c6f6f6b206576656e20736c696768746c792062656c69657661626c652e20496620796f752061726520676f696e6720746f2075736520612070617373616765206f66204c6f72656d20497073756d2c20796f75206e65656420746f20626520737572652074686572652069736e277420616e797468696e6720656d62617272617373696e672068696464656e20696e20746865206d6964646c65206f6620746578742e20416c6c20746865204c6f72656d20497073756d2067656e657261746f7273206f6e2074686520496e7465726e65742074656e6420746f2072657065617420707265646566696e6564206368756e6b73206173206e65636573736172792c206d616b696e6720746869732074686520666972737420747275652067656e657261746f72206f6e2074686520496e7465726e65742e204974207573657320612064696374696f6e617279206f66206f76657220323030204c6174696e20776f7264732c20636f6d62696e6564207769746820612068616e6466756c206f66206d6f64656c2073656e74656e636520737472756374757265732c20746f2067656e6572617465204c6f72656d20497073756d207768696368206c6f6f6b7320726561736f6e61626c652e205468652067656e657261746564204c6f72656d20497073756d206973207468657265666f726520616c7761797320667265652066726f6d2072657065746974696f6e2c20696e6a65637465642068756d6f75722c206f72206e6f6e2d636861726163746572697374696320776f726473206574632e3c2f703e\'','NULL','NULL','NULL'),('122','122','1','\'Info\'','\'2023-11-11 22:08:10\'','\'2023-11-11 22:08:10\'','\'d7c4d2d9-92a7-4700-9f4d-1aa939e514af\'','X\'3c68323e57686174206973204c6f72656d20497073756d3f3c2f68323e3c703e3c7374726f6e673e4c6f72656d20497073756d3c2f7374726f6e673e2069732073696d706c792064756d6d792074657874206f6620746865207072696e74696e6720616e64207479706573657474696e6720696e6475737472792e204c6f72656d20497073756d20686173206265656e2074686520696e6475737472792773207374616e646172642064756d6d79207465787420657665722073696e6365207468652031353030732c207768656e20616e20756e6b6e6f776e207072696e74657220746f6f6b20612067616c6c6579206f66207479706520616e6420736372616d626c656420697420746f206d616b65206120747970652073706563696d656e20626f6f6b2e20497420686173207375727669766564206e6f74206f6e6c7920666976652063656e7475726965732c2062757420616c736f20746865206c65617020696e746f20656c656374726f6e6963207479706573657474696e672c2072656d61696e696e6720657373656e7469616c6c7920756e6368616e6765642e2049742077617320706f70756c61726973656420696e207468652031393630732077697468207468652072656c65617365206f66204c657472617365742073686565747320636f6e7461696e696e67204c6f72656d20497073756d2070617373616765732c20616e64206d6f726520726563656e746c792077697468206465736b746f70207075626c697368696e6720736f667477617265206c696b6520416c64757320506167654d616b657220696e636c7564696e672076657273696f6e73206f66204c6f72656d20497073756d2e3c2f703e3c68323e57687920646f207765207573652069743f3c2f68323e3c703e49742069732061206c6f6e672065737461626c6973686564206661637420746861742061207265616465722077696c6c206265206469737472616374656420627920746865207265616461626c6520636f6e74656e74206f6620612070616765207768656e206c6f6f6b696e6720617420697473206c61796f75742e2054686520706f696e74206f66207573696e67204c6f72656d20497073756d2069732074686174206974206861732061206d6f72652d6f722d6c657373206e6f726d616c20646973747269627574696f6e206f66206c6574746572732c206173206f70706f73656420746f207573696e672027436f6e74656e7420686572652c20636f6e74656e742068657265272c206d616b696e67206974206c6f6f6b206c696b65207265616461626c6520456e676c6973682e204d616e79206465736b746f70207075626c697368696e67207061636b6167657320616e6420776562207061676520656469746f7273206e6f7720757365204c6f72656d20497073756d2061732074686569722064656661756c74206d6f64656c20746578742c20616e6420612073656172636820666f7220276c6f72656d20697073756d272077696c6c20756e636f766572206d616e7920776562207369746573207374696c6c20696e20746865697220696e66616e63792e20566172696f75732076657273696f6e7320686176652065766f6c766564206f766572207468652079656172732c20736f6d6574696d6573206279206163636964656e742c20736f6d6574696d6573206f6e20707572706f73652028696e6a65637465642068756d6f757220616e6420746865206c696b65292e3c2f703e3c703ec2a03c2f703e3c68313e3c6120687265663d222e2e2f70727564756374223e3c693e3c7374726f6e673e50726f64756374656e20c2a03c2f7374726f6e673e3c2f693e3c2f613e3c2f68313e3c68323e576865726520646f657320697420636f6d652066726f6d3f3c2f68323e3c703e436f6e747261727920746f20706f70756c61722062656c6965662c204c6f72656d20497073756d206973206e6f742073696d706c792072616e646f6d20746578742e2049742068617320726f6f747320696e2061207069656365206f6620636c6173736963616c204c6174696e206c6974657261747572652066726f6d2034352042432c206d616b696e67206974206f7665722032303030207965617273206f6c642e2052696368617264204d63436c696e746f636b2c2061204c6174696e2070726f666573736f722061742048616d7064656e2d5379646e657920436f6c6c65676520696e2056697267696e69612c206c6f6f6b6564207570206f6e65206f6620746865206d6f7265206f627363757265204c6174696e20776f7264732c20636f6e73656374657475722c2066726f6d2061204c6f72656d20497073756d20706173736167652c20616e6420676f696e67207468726f75676820746865206369746573206f662074686520776f726420696e20636c6173736963616c206c6974657261747572652c20646973636f76657265642074686520756e646f75627461626c6520736f757263652e204c6f72656d20497073756d20636f6d65732066726f6d2073656374696f6e7320312e31302e333220616e6420312e31302e3333206f66202264652046696e6962757320426f6e6f72756d206574204d616c6f72756d2220285468652045787472656d6573206f6620476f6f6420616e64204576696c292062792043696365726f2c207772697474656e20696e2034352042432e205468697320626f6f6b2069732061207472656174697365206f6e20746865207468656f7279206f66206574686963732c207665727920706f70756c617220647572696e67207468652052656e61697373616e63652e20546865206669727374206c696e65206f66204c6f72656d20497073756d2c20224c6f72656d20697073756d20646f6c6f722073697420616d65742e2e222c20636f6d65732066726f6d2061206c696e6520696e2073656374696f6e20312e31302e33322e3c2f703e3c703e546865207374616e64617264206368756e6b206f66204c6f72656d20497073756d20757365642073696e63652074686520313530307320697320726570726f64756365642062656c6f7720666f722074686f736520696e74657265737465642e2053656374696f6e7320312e31302e333220616e6420312e31302e33332066726f6d202264652046696e6962757320426f6e6f72756d206574204d616c6f72756d222062792043696365726f2061726520616c736f20726570726f647563656420696e207468656972206578616374206f726967696e616c20666f726d2c206163636f6d70616e69656420627920456e676c6973682076657273696f6e732066726f6d207468652031393134207472616e736c6174696f6e20627920482e205261636b68616d2e3c2f703e3c68323e57686572652063616e20492067657420736f6d653f3c2f68323e3c703e546865726520617265206d616e7920766172696174696f6e73206f66207061737361676573206f66204c6f72656d20497073756d20617661696c61626c652c2062757420746865206d616a6f72697479206861766520737566666572656420616c7465726174696f6e20696e20736f6d6520666f726d2c20627920696e6a65637465642068756d6f75722c206f722072616e646f6d6973656420776f72647320776869636820646f6e2774206c6f6f6b206576656e20736c696768746c792062656c69657661626c652e20496620796f752061726520676f696e6720746f2075736520612070617373616765206f66204c6f72656d20497073756d2c20796f75206e65656420746f20626520737572652074686572652069736e277420616e797468696e6720656d62617272617373696e672068696464656e20696e20746865206d6964646c65206f6620746578742e20416c6c20746865204c6f72656d20497073756d2067656e657261746f7273206f6e2074686520496e7465726e65742074656e6420746f2072657065617420707265646566696e6564206368756e6b73206173206e65636573736172792c206d616b696e6720746869732074686520666972737420747275652067656e657261746f72206f6e2074686520496e7465726e65742e204974207573657320612064696374696f6e617279206f66206f76657220323030204c6174696e20776f7264732c20636f6d62696e6564207769746820612068616e6466756c206f66206d6f64656c2073656e74656e636520737472756374757265732c20746f2067656e6572617465204c6f72656d20497073756d207768696368206c6f6f6b7320726561736f6e61626c652e205468652067656e657261746564204c6f72656d20497073756d206973207468657265666f726520616c7761797320667265652066726f6d2072657065746974696f6e2c20696e6a65637465642068756d6f75722c206f72206e6f6e2d636861726163746572697374696320776f726473206574632e3c2f703e\'','NULL','NULL','NULL'),('124','124','1','\'Info\'','\'2023-11-11 22:09:19\'','\'2023-11-11 22:09:19\'','\'45ef7aba-4016-45c9-a370-0c47f1b4d97c\'','X\'3c68323e57686174206973204c6f72656d20497073756d3f3c2f68323e3c703e3c7374726f6e673e4c6f72656d20497073756d3c2f7374726f6e673e2069732073696d706c792064756d6d792074657874206f6620746865207072696e74696e6720616e64207479706573657474696e6720696e6475737472792e204c6f72656d20497073756d20686173206265656e2074686520696e6475737472792773207374616e646172642064756d6d79207465787420657665722073696e6365207468652031353030732c207768656e20616e20756e6b6e6f776e207072696e74657220746f6f6b20612067616c6c6579206f66207479706520616e6420736372616d626c656420697420746f206d616b65206120747970652073706563696d656e20626f6f6b2e20497420686173207375727669766564206e6f74206f6e6c7920666976652063656e7475726965732c2062757420616c736f20746865206c65617020696e746f20656c656374726f6e6963207479706573657474696e672c2072656d61696e696e6720657373656e7469616c6c7920756e6368616e6765642e2049742077617320706f70756c61726973656420696e207468652031393630732077697468207468652072656c65617365206f66204c657472617365742073686565747320636f6e7461696e696e67204c6f72656d20497073756d2070617373616765732c20616e64206d6f726520726563656e746c792077697468206465736b746f70207075626c697368696e6720736f667477617265206c696b6520416c64757320506167654d616b657220696e636c7564696e672076657273696f6e73206f66204c6f72656d20497073756d2e3c2f703e3c68323e57687920646f207765207573652069743f3c2f68323e3c703e49742069732061206c6f6e672065737461626c6973686564206661637420746861742061207265616465722077696c6c206265206469737472616374656420627920746865207265616461626c6520636f6e74656e74206f6620612070616765207768656e206c6f6f6b696e6720617420697473206c61796f75742e2054686520706f696e74206f66207573696e67204c6f72656d20497073756d2069732074686174206974206861732061206d6f72652d6f722d6c657373206e6f726d616c20646973747269627574696f6e206f66206c6574746572732c206173206f70706f73656420746f207573696e672027436f6e74656e7420686572652c20636f6e74656e742068657265272c206d616b696e67206974206c6f6f6b206c696b65207265616461626c6520456e676c6973682e204d616e79206465736b746f70207075626c697368696e67207061636b6167657320616e6420776562207061676520656469746f7273206e6f7720757365204c6f72656d20497073756d2061732074686569722064656661756c74206d6f64656c20746578742c20616e6420612073656172636820666f7220276c6f72656d20697073756d272077696c6c20756e636f766572206d616e7920776562207369746573207374696c6c20696e20746865697220696e66616e63792e20566172696f75732076657273696f6e7320686176652065766f6c766564206f766572207468652079656172732c20736f6d6574696d6573206279206163636964656e742c20736f6d6574696d6573206f6e20707572706f73652028696e6a65637465642068756d6f757220616e6420746865206c696b65292e3c2f703e3c703ec2a03c2f703e3c68313e3c6120687265663d222e2e2f70726f64756374223e3c693e3c7374726f6e673e50726f64756374656e20c2a03c2f7374726f6e673e3c2f693e3c2f613e3c2f68313e3c68323e576865726520646f657320697420636f6d652066726f6d3f3c2f68323e3c703e436f6e747261727920746f20706f70756c61722062656c6965662c204c6f72656d20497073756d206973206e6f742073696d706c792072616e646f6d20746578742e2049742068617320726f6f747320696e2061207069656365206f6620636c6173736963616c204c6174696e206c6974657261747572652066726f6d2034352042432c206d616b696e67206974206f7665722032303030207965617273206f6c642e2052696368617264204d63436c696e746f636b2c2061204c6174696e2070726f666573736f722061742048616d7064656e2d5379646e657920436f6c6c65676520696e2056697267696e69612c206c6f6f6b6564207570206f6e65206f6620746865206d6f7265206f627363757265204c6174696e20776f7264732c20636f6e73656374657475722c2066726f6d2061204c6f72656d20497073756d20706173736167652c20616e6420676f696e67207468726f75676820746865206369746573206f662074686520776f726420696e20636c6173736963616c206c6974657261747572652c20646973636f76657265642074686520756e646f75627461626c6520736f757263652e204c6f72656d20497073756d20636f6d65732066726f6d2073656374696f6e7320312e31302e333220616e6420312e31302e3333206f66202264652046696e6962757320426f6e6f72756d206574204d616c6f72756d2220285468652045787472656d6573206f6620476f6f6420616e64204576696c292062792043696365726f2c207772697474656e20696e2034352042432e205468697320626f6f6b2069732061207472656174697365206f6e20746865207468656f7279206f66206574686963732c207665727920706f70756c617220647572696e67207468652052656e61697373616e63652e20546865206669727374206c696e65206f66204c6f72656d20497073756d2c20224c6f72656d20697073756d20646f6c6f722073697420616d65742e2e222c20636f6d65732066726f6d2061206c696e6520696e2073656374696f6e20312e31302e33322e3c2f703e3c703e546865207374616e64617264206368756e6b206f66204c6f72656d20497073756d20757365642073696e63652074686520313530307320697320726570726f64756365642062656c6f7720666f722074686f736520696e74657265737465642e2053656374696f6e7320312e31302e333220616e6420312e31302e33332066726f6d202264652046696e6962757320426f6e6f72756d206574204d616c6f72756d222062792043696365726f2061726520616c736f20726570726f647563656420696e207468656972206578616374206f726967696e616c20666f726d2c206163636f6d70616e69656420627920456e676c6973682076657273696f6e732066726f6d207468652031393134207472616e736c6174696f6e20627920482e205261636b68616d2e3c2f703e3c68323e57686572652063616e20492067657420736f6d653f3c2f68323e3c703e546865726520617265206d616e7920766172696174696f6e73206f66207061737361676573206f66204c6f72656d20497073756d20617661696c61626c652c2062757420746865206d616a6f72697479206861766520737566666572656420616c7465726174696f6e20696e20736f6d6520666f726d2c20627920696e6a65637465642068756d6f75722c206f722072616e646f6d6973656420776f72647320776869636820646f6e2774206c6f6f6b206576656e20736c696768746c792062656c69657661626c652e20496620796f752061726520676f696e6720746f2075736520612070617373616765206f66204c6f72656d20497073756d2c20796f75206e65656420746f20626520737572652074686572652069736e277420616e797468696e6720656d62617272617373696e672068696464656e20696e20746865206d6964646c65206f6620746578742e20416c6c20746865204c6f72656d20497073756d2067656e657261746f7273206f6e2074686520496e7465726e65742074656e6420746f2072657065617420707265646566696e6564206368756e6b73206173206e65636573736172792c206d616b696e6720746869732074686520666972737420747275652067656e657261746f72206f6e2074686520496e7465726e65742e204974207573657320612064696374696f6e617279206f66206f76657220323030204c6174696e20776f7264732c20636f6d62696e6564207769746820612068616e6466756c206f66206d6f64656c2073656e74656e636520737472756374757265732c20746f2067656e6572617465204c6f72656d20497073756d207768696368206c6f6f6b7320726561736f6e61626c652e205468652067656e657261746564204c6f72656d20497073756d206973207468657265666f726520616c7761797320667265652066726f6d2072657065746974696f6e2c20696e6a65637465642068756d6f75722c206f72206e6f6e2d636861726163746572697374696320776f726473206574632e3c2f703e\'','NULL','NULL','NULL');



INSERT INTO drafts(id,canonicalId,creatorId,provisional,name,notes,trackChanges,dateLastMerged,saved) VALUES('12','NULL','1','0','\'First draft\'','NULL','0','NULL','0'),('13','NULL','1','0','\'First draft\'','NULL','0','NULL','0'),('39','NULL','1','0','\'First draft\'','NULL','0','NULL','0'),('53','NULL','1','0','\'First draft\'','NULL','0','NULL','0');

INSERT INTO elementactivity(elementId,userId,siteId,draftId,type,timestamp) VALUES('2','1','1','NULL','\'edit\'','\'2023-11-01 20:34:04\''),('2','1','1','NULL','\'save\'','\'2023-11-01 20:34:05\''),('4','1','1','NULL','\'edit\'','\'2023-11-11 22:09:19\''),('4','1','1','NULL','\'save\'','\'2023-11-11 22:09:19\''),('6','1','1','NULL','\'edit\'','\'2023-11-04 21:39:15\''),('6','1','1','NULL','\'save\'','\'2023-11-04 21:39:17\''),('28','1','1','NULL','\'edit\'','\'2023-11-07 09:20:05\''),('28','1','1','NULL','\'save\'','\'2023-11-07 09:20:07\''),('30','1','1','NULL','\'edit\'','\'2023-11-07 09:20:23\''),('30','1','1','NULL','\'save\'','\'2023-11-07 09:20:27\''),('32','1','1','NULL','\'edit\'','\'2023-11-07 09:34:04\''),('32','1','1','NULL','\'save\'','\'2023-11-07 09:34:06\''),('34','1','1','NULL','\'save\'','\'2023-11-03 22:09:54\''),('36','1','1','NULL','\'edit\'','\'2023-11-08 20:01:45\''),('36','1','1','NULL','\'save\'','\'2023-11-08 20:01:46\''),('44','1','1','NULL','\'save\'','\'2023-11-04 21:49:11\''),('47','1','1','NULL','\'save\'','\'2023-11-04 21:52:09\''),('49','1','1','NULL','\'save\'','\'2023-11-04 22:13:38\''),('50','1','1','NULL','\'edit\'','\'2023-11-04 22:14:10\''),('50','1','1','NULL','\'save\'','\'2023-11-04 22:14:12\''),('51','1','1','NULL','\'save\'','\'2023-11-04 22:14:03\''),('59','1','1','NULL','\'save\'','\'2023-11-06 10:00:30\''),('81','1','1','NULL','\'save\'','\'2023-11-07 09:40:03\''),('82','1','1','NULL','\'save\'','\'2023-11-07 09:40:33\''),('84','1','1','NULL','\'save\'','\'2023-11-08 18:14:22\''),('99','1','1','NULL','\'save\'','\'2023-11-10 10:01:37\''),('102','1','1','NULL','\'save\'','\'2023-11-11 21:43:01\'');

INSERT INTO elements(id,canonicalId,draftId,revisionId,fieldLayoutId,type,enabled,archived,dateCreated,dateUpdated,dateLastMerged,dateDeleted,uid) VALUES('1','NULL','NULL','NULL','NULL','\'craft\\\\elements\\\\User\'','1','0','\'2023-10-31 12:08:32\'','\'2023-10-31 12:08:32\'','NULL','NULL','\'5d7d3566-9dfe-40da-9d91-98fecfeb57ad\''),('2','NULL','NULL','NULL','1','\'craft\\\\elements\\\\Entry\'','1','0','\'2023-11-01 17:00:43\'','\'2023-11-01 20:34:05\'','NULL','\'2023-11-04 17:11:30\'','\'6b241cd5-faee-4d8c-9927-e61da0c5ea5b\''),('3','2','NULL','1','1','\'craft\\\\elements\\\\Entry\'','1','0','\'2023-11-01 17:20:04\'','\'2023-11-01 17:20:04\'','NULL','\'2023-11-04 17:11:30\'','\'9bfd531b-b96b-4248-9b57-7473ad678633\''),('4','NULL','NULL','NULL','1','\'craft\\\\elements\\\\Entry\'','1','0','\'2023-11-01 17:37:36\'','\'2023-11-11 22:09:19\'','NULL','NULL','\'2c11b898-c692-4907-856d-2918313e76d2\''),('5','4','NULL','2','1','\'craft\\\\elements\\\\Entry\'','1','0','\'2023-11-01 19:08:22\'','\'2023-11-01 19:08:22\'','NULL','NULL','\'1e8e2363-3bea-4bca-a8b6-efafd2b04527\''),('6','NULL','NULL','NULL','1','\'craft\\\\elements\\\\Entry\'','1','0','\'2023-11-01 19:08:57\'','\'2023-11-04 21:39:16\'','NULL','\'2023-11-04 21:44:56\'','\'7d3fcb93-2bdf-4f4a-a22b-e752d43c9b76\''),('7','6','NULL','3','1','\'craft\\\\elements\\\\Entry\'','1','0','\'2023-11-01 19:10:22\'','\'2023-11-01 19:10:22\'','NULL','\'2023-11-04 21:44:56\'','\'60074643-9a5c-432e-a726-ad4bc634eb62\''),('9','6','NULL','4','1','\'craft\\\\elements\\\\Entry\'','1','0','\'2023-11-01 19:11:08\'','\'2023-11-01 19:11:08\'','NULL','\'2023-11-04 21:44:56\'','\'d7079d30-f666-4981-a292-e8e24115b02d\''),('11','6','NULL','5','1','\'craft\\\\elements\\\\Entry\'','1','0','\'2023-11-01 19:16:24\'','\'2023-11-01 19:16:24\'','NULL','\'2023-11-04 21:44:56\'','\'c40b46b8-0021-40be-aa4d-e19a46c924c4\''),('13','2','NULL','6','1','\'craft\\\\elements\\\\Entry\'','1','0','\'2023-11-01 20:16:16\'','\'2023-11-01 20:16:16\'','NULL','\'2023-11-04 17:11:30\'','\'1dc44ffc-8129-4255-af54-4fb85f94c10a\''),('15','4','NULL','7','1','\'craft\\\\elements\\\\Entry\'','1','0','\'2023-11-01 20:23:54\'','\'2023-11-01 20:23:54\'','NULL','NULL','\'c3d50ed4-94d5-4445-9189-00a269f29bb2\''),('17','6','NULL','8','1','\'craft\\\\elements\\\\Entry\'','1','0','\'2023-11-01 20:24:05\'','\'2023-11-01 20:24:05\'','NULL','\'2023-11-04 21:44:56\'','\'5de8a87d-6073-4bc7-89d0-41549799c66d\''),('18','4','NULL','9','1','\'craft\\\\elements\\\\Entry\'','1','0','\'2023-11-01 20:24:37\'','\'2023-11-01 20:24:37\'','NULL','NULL','\'b3103b30-ac5f-421d-bdf6-016f9889e405\''),('19','4','NULL','10','1','\'craft\\\\elements\\\\Entry\'','1','0','\'2023-11-01 20:26:23\'','\'2023-11-01 20:26:24\'','NULL','NULL','\'9877e25a-466b-4aa9-bdc1-f00d99feaa63\''),('21','4','NULL','11','1','\'craft\\\\elements\\\\Entry\'','1','0','\'2023-11-01 20:33:43\'','\'2023-11-01 20:33:43\'','NULL','NULL','\'95fcc00c-8cbe-4aa4-8ca6-4128ae74c835\''),('23','6','NULL','12','1','\'craft\\\\elements\\\\Entry\'','1','0','\'2023-11-01 20:33:58\'','\'2023-11-01 20:33:58\'','NULL','\'2023-11-04 21:44:56\'','\'677b1056-aec4-4da3-80f2-732336d0d555\''),('25','2','NULL','13','1','\'craft\\\\elements\\\\Entry\'','1','0','\'2023-11-01 20:34:05\'','\'2023-11-01 20:34:05\'','NULL','\'2023-11-04 17:11:30\'','\'faed9b68-579c-46ac-9f81-ac0c5676b3cf\''),('26','NULL','12','NULL','1','\'craft\\\\elements\\\\Entry\'','1','0','\'2023-11-01 20:37:19\'','\'2023-11-01 20:37:19\'','NULL','NULL','\'d323963b-ccc5-4b1a-9d41-1c8b9e883520\''),('27','NULL','13','NULL','1','\'craft\\\\elements\\\\Entry\'','1','0','\'2023-11-01 20:39:41\'','\'2023-11-01 20:39:41\'','NULL','NULL','\'21642b0e-035d-47b5-bc7a-5ad7a29d830a\''),('28','NULL','NULL','NULL','2','\'craft\\\\elements\\\\Entry\'','1','0','\'2023-11-01 20:43:53\'','\'2023-11-07 09:20:07\'','NULL','NULL','\'84fdfb21-5354-450a-873e-9382b8cb36f0\''),('29','28','NULL','14','2','\'craft\\\\elements\\\\Entry\'','1','0','\'2023-11-01 20:44:04\'','\'2023-11-01 20:44:04\'','NULL','NULL','\'f9914df0-1bfd-4463-881c-c92581a70540\''),('30','NULL','NULL','NULL','2','\'craft\\\\elements\\\\Entry\'','1','0','\'2023-11-01 20:44:06\'','\'2023-11-07 09:20:27\'','NULL','NULL','\'0e7793bd-d7d0-4871-a2c0-f938abed4852\''),('31','30','NULL','15','2','\'craft\\\\elements\\\\Entry\'','1','0','\'2023-11-01 20:44:15\'','\'2023-11-01 20:44:15\'','NULL','NULL','\'4e4e3f05-8c2a-4773-8de0-5678a27079c5\''),('32','NULL','NULL','NULL','2','\'craft\\\\elements\\\\Entry\'','1','0','\'2023-11-01 20:54:00\'','\'2023-11-07 09:34:06\'','NULL','NULL','\'79cd326b-a2f1-4da8-bb36-a3d9cfe30dad\''),('33','32','NULL','16','2','\'craft\\\\elements\\\\Entry\'','1','0','\'2023-11-01 20:54:12\'','\'2023-11-01 20:54:12\'','NULL','NULL','\'e62a87f7-aa64-43de-8f63-03f34c10f960\''),('34','NULL','NULL','NULL','1','\'craft\\\\elements\\\\Entry\'','1','0','\'2023-11-03 22:09:11\'','\'2023-11-03 22:09:54\'','NULL','\'2023-11-04 17:11:43\'','\'2144cb2c-2872-4aff-a69f-4b84ccb67abc\''),('35','34','NULL','17','1','\'craft\\\\elements\\\\Entry\'','1','0','\'2023-11-03 22:09:54\'','\'2023-11-03 22:09:54\'','NULL','\'2023-11-04 17:11:43\'','\'4b3d778b-76fc-4256-b256-aae7f781fca4\''),('36','NULL','NULL','NULL','4','\'craft\\\\elements\\\\Entry\'','1','0','\'2023-11-04 17:07:53\'','\'2023-11-08 20:01:46\'','NULL','NULL','\'aa4712f3-7a0b-4c09-80d6-be1395bc1ddb\''),('37','36','NULL','18','4','\'craft\\\\elements\\\\Entry\'','1','0','\'2023-11-04 17:07:53\'','\'2023-11-04 17:07:53\'','NULL','NULL','\'7c680ed6-6a39-4454-bd6d-e546cce428bd\''),('38','36','NULL','19','4','\'craft\\\\elements\\\\Entry\'','1','0','\'2023-11-04 17:07:53\'','\'2023-11-04 17:07:53\'','NULL','NULL','\'d225b137-beec-4921-8ae7-d5398d3f4116\''),('39','36','NULL','20','4','\'craft\\\\elements\\\\Entry\'','1','0','\'2023-11-04 17:08:18\'','\'2023-11-04 17:08:18\'','NULL','NULL','\'44bcd014-dca7-4be5-af19-d01835d7bdfe\''),('41','6','NULL','21','1','\'craft\\\\elements\\\\Entry\'','1','0','\'2023-11-04 21:08:52\'','\'2023-11-04 21:08:52\'','NULL','\'2023-11-04 21:44:56\'','\'116cdf80-e480-4050-8ee9-832a50f1ada9\''),('43','6','NULL','22','1','\'craft\\\\elements\\\\Entry\'','1','0','\'2023-11-04 21:39:16\'','\'2023-11-04 21:39:17\'','NULL','\'2023-11-04 21:44:56\'','\'2bd45ac6-20c4-48b8-831c-0b4c4622957c\''),('44','NULL','NULL','NULL','1','\'craft\\\\elements\\\\Entry\'','1','0','\'2023-11-04 21:44:58\'','\'2023-11-04 21:49:11\'','NULL','\'2023-11-04 21:49:43\'','\'24d82004-62cf-42c4-aea2-9e6269cee069\''),('45','44','NULL','23','1','\'craft\\\\elements\\\\Entry\'','1','0','\'2023-11-04 21:45:20\'','\'2023-11-04 21:45:20\'','NULL','\'2023-11-04 21:49:43\'','\'52980b5c-dad7-4830-a4bf-dd413f008e90\''),('46','44','NULL','24','1','\'craft\\\\elements\\\\Entry\'','1','0','\'2023-11-04 21:49:11\'','\'2023-11-04 21:49:11\'','NULL','\'2023-11-04 21:49:43\'','\'371bb7f6-7bbc-40a8-8c54-00ed2875d219\''),('47','NULL','NULL','NULL','1','\'craft\\\\elements\\\\Entry\'','1','0','\'2023-11-04 21:51:50\'','\'2023-11-04 21:52:09\'','NULL','\'2023-11-04 21:58:42\'','\'39d3678f-74ed-46ae-9e30-395006af3f27\''),('48','47','NULL','25','1','\'craft\\\\elements\\\\Entry\'','1','0','\'2023-11-04 21:52:09\'','\'2023-11-04 21:52:09\'','NULL','\'2023-11-04 21:58:42\'','\'df7b3767-3f36-4aa7-acef-6fc1f1b4865e\''),('49','NULL','NULL','NULL','5','\'craft\\\\elements\\\\Category\'','1','0','\'2023-11-04 22:13:32\'','\'2023-11-04 22:13:38\'','NULL','NULL','\'3811977a-a7f8-4fe1-a233-d5291557d6f7\''),('50','NULL','NULL','NULL','5','\'craft\\\\elements\\\\Category\'','1','0','\'2023-11-04 22:13:40\'','\'2023-11-04 22:14:12\'','NULL','NULL','\'72234b01-d6db-4381-af9d-39dee878d60d\''),('51','NULL','NULL','NULL','5','\'craft\\\\elements\\\\Category\'','1','0','\'2023-11-04 22:13:54\'','\'2023-11-04 22:14:03\'','NULL','NULL','\'7449def4-e98d-486f-be61-139e9d0d2a66\''),('54','32','NULL','26','2','\'craft\\\\elements\\\\Entry\'','1','0','\'2023-11-04 22:18:37\'','\'2023-11-04 22:18:37\'','NULL','NULL','\'abc60881-a5a8-4b3a-aefe-774d4a07d789\''),('56','28','NULL','27','2','\'craft\\\\elements\\\\Entry\'','1','0','\'2023-11-04 22:18:55\'','\'2023-11-04 22:18:55\'','NULL','NULL','\'369bb5cd-d383-41f4-a5a2-be05ae076125\''),('58','30','NULL','28','2','\'craft\\\\elements\\\\Entry\'','1','0','\'2023-11-04 22:19:04\'','\'2023-11-04 22:19:04\'','NULL','NULL','\'c3a83db8-bc02-4918-a711-20a16b836f33\''),('59','NULL','NULL','NULL','5','\'craft\\\\elements\\\\Category\'','1','0','\'2023-11-06 10:00:22\'','\'2023-11-06 10:00:30\'','NULL','\'2023-11-07 10:13:48\'','\'51eb9340-8e87-4b22-9dd1-b3fb9a04dd38\''),('60','NULL','NULL','NULL','6','\'craft\\\\elements\\\\Asset\'','1','0','\'2023-11-07 09:12:30\'','\'2023-11-07 09:12:30\'','NULL','NULL','\'2f85c588-9bd3-4cdb-b863-f6ad3fe24293\''),('61','NULL','NULL','NULL','6','\'craft\\\\elements\\\\Asset\'','1','0','\'2023-11-07 09:19:01\'','\'2023-11-07 09:19:02\'','NULL','NULL','\'ebfd3cbb-bd4b-47ba-8753-848066cdf14c\''),('63','32','NULL','29','2','\'craft\\\\elements\\\\Entry\'','1','0','\'2023-11-07 09:19:30\'','\'2023-11-07 09:19:30\'','NULL','NULL','\'2c32098a-17a1-42ac-91da-cdedae204d5d\''),('64','NULL','NULL','NULL','6','\'craft\\\\elements\\\\Asset\'','1','0','\'2023-11-07 09:20:04\'','\'2023-11-07 09:20:04\'','NULL','NULL','\'1162afdc-b331-4408-b4bb-5002ccbb0ddb\''),('66','28','NULL','30','2','\'craft\\\\elements\\\\Entry\'','1','0','\'2023-11-07 09:20:07\'','\'2023-11-07 09:20:07\'','NULL','NULL','\'1466e8ac-d937-446c-a963-d97df3974f20\''),('67','NULL','NULL','NULL','6','\'craft\\\\elements\\\\Asset\'','1','0','\'2023-11-07 09:20:22\'','\'2023-11-07 09:20:22\'','NULL','NULL','\'22fa93a9-8b7a-4b6b-8259-d00eb6bcfd4e\''),('69','30','NULL','31','2','\'craft\\\\elements\\\\Entry\'','1','0','\'2023-11-07 09:20:27\'','\'2023-11-07 09:20:27\'','NULL','NULL','\'c4e7a6cb-e9f7-4ce5-bd1d-2b5176f49284\''),('71','NULL','NULL','NULL','6','\'craft\\\\elements\\\\Asset\'','1','0','\'2023-11-07 09:24:42\'','\'2023-11-07 09:24:51\'','NULL','NULL','\'2da7b867-85ab-4103-9367-f35e26d78e20\''),('72','32','NULL','32','2','\'craft\\\\elements\\\\Entry\'','1','0','\'2023-11-07 09:24:51\'','\'2023-11-07 09:24:51\'','NULL','NULL','\'cea33b06-5011-470d-b436-cefdd59698a3\''),('73','NULL','NULL','NULL','6','\'craft\\\\elements\\\\Asset\'','1','0','\'2023-11-07 09:25:15\'','\'2023-11-07 09:25:23\'','NULL','NULL','\'e1635fb1-4fc9-4d1e-a67b-5e7d2a76d874\''),('75','32','NULL','33','2','\'craft\\\\elements\\\\Entry\'','1','0','\'2023-11-07 09:25:41\'','\'2023-11-07 09:25:41\'','NULL','NULL','\'ded208f3-4831-4885-a63d-672db73be29d\''),('76','32','NULL','34','2','\'craft\\\\elements\\\\Entry\'','1','0','\'2023-11-07 09:32:35\'','\'2023-11-07 09:32:35\'','NULL','NULL','\'8cd5a161-50eb-4d7d-a6ec-90c06c509061\''),('78','32','NULL','35','2','\'craft\\\\elements\\\\Entry\'','1','0','\'2023-11-07 09:33:06\'','\'2023-11-07 09:33:06\'','NULL','NULL','\'a93f9154-24d1-4d98-b593-17a0304df364\''),('80','32','NULL','36','2','\'craft\\\\elements\\\\Entry\'','1','0','\'2023-11-07 09:34:06\'','\'2023-11-07 09:34:06\'','NULL','NULL','\'fff49de5-1fc6-448f-8773-a1d36d7c2d4d\''),('81','NULL','NULL','NULL','5','\'craft\\\\elements\\\\Category\'','1','0','\'2023-11-07 09:39:53\'','\'2023-11-07 09:40:03\'','NULL','NULL','\'4af6fc0f-2bdb-4ea8-9d7e-1a73ef453b3b\''),('82','NULL','NULL','NULL','5','\'craft\\\\elements\\\\Category\'','1','0','\'2023-11-07 09:40:16\'','\'2023-11-07 09:40:33\'','NULL','NULL','\'5744a444-8ca5-4865-9ff9-95c9b9969c5d\''),('83','NULL','39','NULL','5','\'craft\\\\elements\\\\Category\'','1','0','\'2023-11-07 10:13:38\'','\'2023-11-07 10:13:38\'','NULL','NULL','\'e134b01a-6662-4010-bca6-2391b5e8ba96\''),('84','NULL','NULL','NULL','2','\'craft\\\\elements\\\\Entry\'','1','0','\'2023-11-08 18:10:52\'','\'2023-11-08 18:14:22\'','NULL','NULL','\'c51a7a50-6405-489f-8089-2ef0b0905f0a\''),('85','NULL','NULL','NULL','6','\'craft\\\\elements\\\\Asset\'','1','0','\'2023-11-08 18:14:18\'','\'2023-11-08 18:14:18\'','NULL','NULL','\'4a34addb-33b9-4ad2-aac6-6ee1d1143c3a\''),('86','NULL','NULL','NULL','6','\'craft\\\\elements\\\\Asset\'','1','0','\'2023-11-08 18:14:18\'','\'2023-11-08 18:14:18\'','NULL','NULL','\'83912de3-f864-4ccc-b30c-a5ff6bf86e60\''),('87','84','NULL','37','2','\'craft\\\\elements\\\\Entry\'','1','0','\'2023-11-08 18:14:22\'','\'2023-11-08 18:14:22\'','NULL','NULL','\'ad0a35c6-5ff5-4e7e-9b58-4bf8be9bc8bb\''),('88','NULL','NULL','NULL','7','\'craft\\\\elements\\\\Entry\'','1','0','\'2023-11-08 19:13:43\'','\'2023-11-08 19:13:43\'','NULL','NULL','\'b97c198d-5712-4acf-9c42-fec0f879e68e\''),('89','88','NULL','38','7','\'craft\\\\elements\\\\Entry\'','1','0','\'2023-11-08 19:13:43\'','\'2023-11-08 19:13:43\'','NULL','NULL','\'b4e73ec9-e29d-4c20-9795-4d316bd2ebd6\''),('90','88','NULL','39','7','\'craft\\\\elements\\\\Entry\'','1','0','\'2023-11-08 19:13:43\'','\'2023-11-08 19:13:43\'','NULL','NULL','\'3e43c9c1-6fa2-4961-ac90-92afc0ff1697\''),('92','4','NULL','40','1','\'craft\\\\elements\\\\Entry\'','1','0','\'2023-11-08 19:14:30\'','\'2023-11-08 19:14:30\'','NULL','NULL','\'fb40a4f0-baca-4003-b98a-21baba031253\''),('94','36','NULL','41','4','\'craft\\\\elements\\\\Entry\'','1','0','\'2023-11-08 20:00:42\'','\'2023-11-08 20:00:42\'','NULL','NULL','\'20f2d2ef-4fdc-4857-a5a4-4cb9af2dcad8\''),('96','36','NULL','42','4','\'craft\\\\elements\\\\Entry\'','1','0','\'2023-11-08 20:01:46\'','\'2023-11-08 20:01:46\'','NULL','NULL','\'64535965-ca7e-45b4-b7e6-7498425991db\''),('98','4','NULL','43','1','\'craft\\\\elements\\\\Entry\'','1','0','\'2023-11-08 20:21:40\'','\'2023-11-08 20:21:40\'','NULL','NULL','\'f73a67d7-0027-4de9-b0ad-db04f201282a\''),('99','NULL','NULL','NULL','2','\'craft\\\\elements\\\\Entry\'','1','0','\'2023-11-10 10:00:39\'','\'2023-11-10 10:01:37\'','NULL','NULL','\'ce7ff8b6-14d2-4f6b-a486-45dddc18caaa\''),('100','NULL','NULL','NULL','6','\'craft\\\\elements\\\\Asset\'','1','0','\'2023-11-10 10:01:34\'','\'2023-11-10 10:01:34\'','NULL','NULL','\'90e8a52c-3641-4315-844d-657dd9ce8336\''),('101','99','NULL','44','2','\'craft\\\\elements\\\\Entry\'','1','0','\'2023-11-10 10:01:37\'','\'2023-11-10 10:01:37\'','NULL','NULL','\'0bd37251-ecff-435d-8b80-101ab8fba16c\''),('102','NULL','NULL','NULL','2','\'craft\\\\elements\\\\Entry\'','1','0','\'2023-11-11 21:41:12\'','\'2023-11-11 21:43:01\'','NULL','NULL','\'766bc463-f665-48a3-8c22-2a7dc5288386\''),('103','NULL','NULL','NULL','6','\'craft\\\\elements\\\\Asset\'','1','0','\'2023-11-11 21:42:57\'','\'2023-11-11 21:42:57\'','NULL','NULL','\'17cb53af-f78c-49a9-ada4-fc66f58b132f\''),('104','102','NULL','45','2','\'craft\\\\elements\\\\Entry\'','1','0','\'2023-11-11 21:43:01\'','\'2023-11-11 21:43:01\'','NULL','NULL','\'77fac28e-2340-47c0-97a9-19a2beb63375\''),('106','4','NULL','46','1','\'craft\\\\elements\\\\Entry\'','1','0','\'2023-11-11 21:59:42\'','\'2023-11-11 21:59:42\'','NULL','NULL','\'fc38a31b-e766-4463-a777-88c6af0205a3\''),('108','4','NULL','47','1','\'craft\\\\elements\\\\Entry\'','1','0','\'2023-11-11 22:00:53\'','\'2023-11-11 22:00:53\'','NULL','NULL','\'d70241d7-b2ec-48ee-8bc2-9150d4bb5db0\''),('110','4','NULL','48','1','\'craft\\\\elements\\\\Entry\'','1','0','\'2023-11-11 22:01:34\'','\'2023-11-11 22:01:34\'','NULL','NULL','\'99d21882-9017-43e9-b958-30a8707e13f3\''),('111','NULL','NULL','NULL','6','\'craft\\\\elements\\\\Asset\'','1','0','\'2023-11-11 22:02:39\'','\'2023-11-11 22:02:39\'','NULL','NULL','\'a1378d7f-0dae-4f8b-81e5-32d7e326a7b5\''),('113','4','NULL','49','1','\'craft\\\\elements\\\\Entry\'','1','0','\'2023-11-11 22:02:44\'','\'2023-11-11 22:02:44\'','NULL','NULL','\'f035d568-182d-4d31-9887-894cbf7a4b3f\''),('115','4','NULL','50','1','\'craft\\\\elements\\\\Entry\'','1','0','\'2023-11-11 22:04:32\'','\'2023-11-11 22:04:32\'','NULL','NULL','\'d4b24652-047b-4396-befc-e50f25a032ea\''),('117','NULL','53','NULL','2','\'craft\\\\elements\\\\Entry\'','1','0','\'2023-11-11 22:06:12\'','\'2023-11-11 22:06:12\'','NULL','NULL','\'ad915096-ce4b-4d38-8167-dfdd9a455c6b\''),('118','4','NULL','51','1','\'craft\\\\elements\\\\Entry\'','1','0','\'2023-11-11 22:06:49\'','\'2023-11-11 22:06:49\'','NULL','NULL','\'c4ce5309-5913-4434-99fc-380ee2536ff1\''),('120','4','NULL','52','1','\'craft\\\\elements\\\\Entry\'','1','0','\'2023-11-11 22:07:37\'','\'2023-11-11 22:07:37\'','NULL','NULL','\'82d2a7ee-c4a6-4585-8110-0a80c1856ef8\''),('122','4','NULL','53','1','\'craft\\\\elements\\\\Entry\'','1','0','\'2023-11-11 22:08:10\'','\'2023-11-11 22:08:10\'','NULL','NULL','\'29539d80-226b-41a6-ab6c-caa5d46216fe\''),('124','4','NULL','54','1','\'craft\\\\elements\\\\Entry\'','1','0','\'2023-11-11 22:09:19\'','\'2023-11-11 22:09:19\'','NULL','NULL','\'f659c555-a727-4d98-b8a9-1eb489283e7f\'');

INSERT INTO elements_sites(id,elementId,siteId,slug,uri,enabled,dateCreated,dateUpdated,uid) VALUES('1','1','1','NULL','NULL','1','\'2023-10-31 12:08:32\'','\'2023-10-31 12:08:32\'','\'efba7ca2-fb90-4308-b64c-cbd9d9f57b37\''),('2','2','1','\'welkom-op-craft\'','\'pages/welkom-op-craft\'','1','\'2023-11-01 17:00:43\'','\'2023-11-01 17:19:33\'','\'d3af6e9b-c6f2-480b-aba4-b51e4a872db3\''),('3','3','1','\'welkom-op-craft\'','\'pages/welkom-op-craft\'','1','\'2023-11-01 17:20:04\'','\'2023-11-01 17:20:04\'','\'b22ebdce-d2c0-4b81-91fd-4b0a8a8ec738\''),('4','4','1','\'info\'','\'pages/info\'','1','\'2023-11-01 17:37:36\'','\'2023-11-08 19:14:30\'','\'58cf7887-880d-44e5-8d25-f07c7b76571c\''),('5','5','1','\'contact\'','\'pages/contact\'','1','\'2023-11-01 19:08:22\'','\'2023-11-01 19:08:22\'','\'aa9e3fea-840a-4fff-9a01-1b413c22d132\''),('6','6','1','\'product\'','\'pages/product\'','1','\'2023-11-01 19:08:57\'','\'2023-11-04 21:39:16\'','\'24596b2a-2dc4-4ada-85e4-7a55e3d9db0d\''),('7','7','1','\'besturing\'','\'pages/besturing\'','1','\'2023-11-01 19:10:22\'','\'2023-11-01 19:10:22\'','\'302b620e-0e1a-4fce-b241-3c2ea1283058\''),('9','9','1','\'besturing\'','\'pages/besturing\'','1','\'2023-11-01 19:11:08\'','\'2023-11-01 19:11:08\'','\'c3b348bb-2d2b-4dde-a1e2-275e52d18a57\''),('11','11','1','\'products\'','\'pages/products\'','1','\'2023-11-01 19:16:24\'','\'2023-11-01 19:16:24\'','\'628ac5a3-4669-43db-b725-14882948d411\''),('13','13','1','\'welkom-op-craft\'','\'pages/welkom-op-craft\'','1','\'2023-11-01 20:16:16\'','\'2023-11-01 20:16:16\'','\'32ac93c9-ab2c-4147-8a39-0ac2bbb489e4\''),('15','15','1','\'contact\'','\'pages/contact\'','1','\'2023-11-01 20:23:54\'','\'2023-11-01 20:23:54\'','\'d87a0eb7-cef6-431e-bd28-a027d575421b\''),('17','17','1','\'products\'','\'pages/products\'','1','\'2023-11-01 20:24:05\'','\'2023-11-01 20:24:05\'','\'504ff330-38f6-412d-b114-4ceb2f799a9a\''),('18','18','1','\'contact\'','\'pages/contact\'','1','\'2023-11-01 20:24:37\'','\'2023-11-01 20:24:37\'','\'e08bbfd1-a855-451e-8a28-cb190e576dfd\''),('19','19','1','\'contact\'','\'pages/contact\'','1','\'2023-11-01 20:26:24\'','\'2023-11-01 20:26:24\'','\'560e440d-2cd7-4852-82c2-f74b5f0b7462\''),('21','21','1','\'contact\'','\'pages/contact\'','1','\'2023-11-01 20:33:43\'','\'2023-11-01 20:33:43\'','\'6d6b7942-fbef-49aa-8ac6-459aafc5bf7f\''),('23','23','1','\'products\'','\'pages/products\'','1','\'2023-11-01 20:33:58\'','\'2023-11-01 20:33:58\'','\'258ab794-c56a-47ff-b110-327483932d93\''),('25','25','1','\'welkom-op-craft\'','\'pages/welkom-op-craft\'','1','\'2023-11-01 20:34:05\'','\'2023-11-01 20:34:05\'','\'52e4ff58-b73a-4ffd-9015-7c5c5ae73462\''),('26','26','1','\'__temp_wtwisubaemrmvfwwvuqttjawnpsrxbxezcvi\'','\'pages/__temp_wtwisubaemrmvfwwvuqttjawnpsrxbxezcvi\'','1','\'2023-11-01 20:37:19\'','\'2023-11-01 20:37:19\'','\'047c0c5e-402d-4ab1-a617-655aa9cb26a6\''),('27','27','1','\'__temp_opvzejlbavqtktnlwfqyxeevhsuopfckqpzt\'','\'pages/__temp_opvzejlbavqtktnlwfqyxeevhsuopfckqpzt\'','1','\'2023-11-01 20:39:41\'','\'2023-11-01 20:39:41\'','\'aaaf7886-c326-44b9-b324-5c21ffc994cd\''),('28','28','1','\'test\'','\'products/test\'','1','\'2023-11-01 20:43:53\'','\'2023-11-04 22:05:00\'','\'58abfcbc-6106-45b1-b95a-5c9b400c1992\''),('29','29','1','\'test\'','\'product/test\'','1','\'2023-11-01 20:44:04\'','\'2023-11-01 20:44:04\'','\'fd893e13-da44-4407-82bc-34fcad9d786e\''),('30','30','1','\'test2\'','\'products/test2\'','1','\'2023-11-01 20:44:06\'','\'2023-11-04 22:05:00\'','\'c7cc3e61-00bd-4a3f-ada2-f4d1d6ed9baf\''),('31','31','1','\'test2\'','\'product/test2\'','1','\'2023-11-01 20:44:15\'','\'2023-11-01 20:44:15\'','\'a2e30a8f-f128-467a-addb-d9a5c102ad5a\''),('32','32','1','\'nikita\'','\'products/nikita\'','1','\'2023-11-01 20:54:00\'','\'2023-11-04 22:05:00\'','\'87b7a6b4-9519-46fc-b4fa-4360b8963f60\''),('33','33','1','\'nikita\'','\'product/nikita\'','1','\'2023-11-01 20:54:12\'','\'2023-11-01 20:54:12\'','\'e68ba2fb-37c1-4a6e-9e8f-b11a45937bba\''),('34','34','1','\'craft\'','\'pages/craft\'','1','\'2023-11-03 22:09:11\'','\'2023-11-03 22:09:22\'','\'6e6e4861-2507-4967-9983-3988834fcf5e\''),('35','35','1','\'craft\'','\'pages/craft\'','1','\'2023-11-03 22:09:54\'','\'2023-11-03 22:09:54\'','\'1b86d1a2-bee4-4a41-a45d-b99093444e60\''),('36','36','1','\'home\'','\'__home__\'','1','\'2023-11-04 17:07:53\'','\'2023-11-04 17:07:53\'','\'38c8ba07-7c84-4c95-81dc-32f6d4a27d40\''),('37','37','1','\'home\'','\'__home__\'','1','\'2023-11-04 17:07:53\'','\'2023-11-04 17:07:53\'','\'f8deb728-248b-4b18-a15c-0377ec72b93b\''),('38','38','1','\'home\'','\'__home__\'','1','\'2023-11-04 17:07:53\'','\'2023-11-04 17:07:53\'','\'f7122bfc-48d7-41c0-87a8-db8fc9120290\''),('39','39','1','\'home\'','\'__home__\'','1','\'2023-11-04 17:08:18\'','\'2023-11-04 17:08:18\'','\'18341cb6-e25a-4b1d-88f0-5db9186c85b7\''),('41','41','1','\'products\'','\'pages/products\'','1','\'2023-11-04 21:08:52\'','\'2023-11-04 21:08:52\'','\'f1962637-642e-4a01-8c9b-f1438114b3d0\''),('43','43','1','\'product\'','\'pages/product\'','1','\'2023-11-04 21:39:17\'','\'2023-11-04 21:39:17\'','\'e0e8ec79-cc2e-4647-8373-e2562bdaebae\''),('44','44','1','\'product\'','\'pages/product\'','1','\'2023-11-04 21:44:58\'','\'2023-11-04 21:45:05\'','\'48f137b2-afc4-42dc-ba26-47ab45ffe8e7\''),('45','45','1','\'product\'','\'pages/product\'','1','\'2023-11-04 21:45:20\'','\'2023-11-04 21:45:20\'','\'6056f1bc-fcb8-4c31-a478-ba706aaca659\''),('46','46','1','\'product\'','\'pages/product\'','1','\'2023-11-04 21:49:11\'','\'2023-11-04 21:49:11\'','\'e18b5be4-1c2c-4427-a7a4-84a883ce8967\''),('47','47','1','\'poduct\'','\'pages/poduct\'','1','\'2023-11-04 21:51:50\'','\'2023-11-04 21:52:03\'','\'16de3da5-d18e-453a-a094-9bbdcaa82060\''),('48','48','1','\'poduct\'','\'pages/poduct\'','1','\'2023-11-04 21:52:09\'','\'2023-11-04 21:52:09\'','\'468c2f54-4c80-45e7-8f46-c7b48526d8f0\''),('49','49','1','\'gsm\'','\'products/cat/gsm\'','1','\'2023-11-04 22:13:32\'','\'2023-11-04 22:13:36\'','\'fad4dbdd-fea7-4acb-900d-da58879a47a0\''),('50','50','1','\'foto\'','\'products/cat/foto\'','1','\'2023-11-04 22:13:40\'','\'2023-11-04 22:13:50\'','\'599b8378-91be-4c30-a863-ff09f7278041\''),('51','51','1','\'laptop\'','\'products/cat/laptop\'','1','\'2023-11-04 22:13:54\'','\'2023-11-07 09:40:10\'','\'5122e82d-87fb-42c9-9ddd-b793c931c4b8\''),('54','54','1','\'nikita\'','\'products/nikita\'','1','\'2023-11-04 22:18:37\'','\'2023-11-04 22:18:37\'','\'35ddde5f-1fc4-4654-9b7a-a91318432d89\''),('56','56','1','\'test\'','\'products/test\'','1','\'2023-11-04 22:18:55\'','\'2023-11-04 22:18:55\'','\'a3f4f13b-f2ce-4a1e-a832-fbeee4cc5acb\''),('58','58','1','\'test2\'','\'products/test2\'','1','\'2023-11-04 22:19:04\'','\'2023-11-04 22:19:04\'','\'80c028e8-2a8b-4ed1-8f44-f1ee56feec5d\''),('59','59','1','\'algemeen\'','\'products/cat/algemeen\'','1','\'2023-11-06 10:00:22\'','\'2023-11-06 10:00:45\'','\'4e424294-5c27-4e46-bef8-a38e0b5bef56\''),('60','60','1','NULL','NULL','1','\'2023-11-07 09:12:31\'','\'2023-11-07 09:12:31\'','\'37e668f2-e56f-43fa-abb3-a294eda7d9ac\''),('61','61','1','NULL','NULL','1','\'2023-11-07 09:19:01\'','\'2023-11-07 09:19:01\'','\'59045603-c72c-4405-b855-88e5ab7a3d0a\''),('63','63','1','\'nikita\'','\'products/nikita\'','1','\'2023-11-07 09:19:30\'','\'2023-11-07 09:19:30\'','\'55c5e43a-4f31-4ae9-b67a-c1edb9e848c4\''),('64','64','1','NULL','NULL','1','\'2023-11-07 09:20:04\'','\'2023-11-07 09:20:04\'','\'cab186cb-9f2b-4d70-b417-059f3368222e\''),('66','66','1','\'test\'','\'products/test\'','1','\'2023-11-07 09:20:07\'','\'2023-11-07 09:20:07\'','\'01bb38ef-4ab8-40f2-b06a-73f88ec254b0\''),('67','67','1','NULL','NULL','1','\'2023-11-07 09:20:22\'','\'2023-11-07 09:20:22\'','\'59b0ac11-f306-4eec-9e39-bee32cb9d162\''),('69','69','1','\'test2\'','\'products/test2\'','1','\'2023-11-07 09:20:27\'','\'2023-11-07 09:20:27\'','\'c06cb4d2-e779-447b-a24e-8173d76ea7f5\''),('71','71','1','NULL','NULL','1','\'2023-11-07 09:24:42\'','\'2023-11-07 09:24:42\'','\'d61a0a9c-603e-43d4-897a-7fa41557e0bf\''),('72','72','1','\'nikita\'','\'products/nikita\'','1','\'2023-11-07 09:24:51\'','\'2023-11-07 09:24:51\'','\'a46f95fd-5574-46db-abdb-9d80d210a996\''),('73','73','1','NULL','NULL','1','\'2023-11-07 09:25:15\'','\'2023-11-07 09:25:15\'','\'f9841e79-d97d-4cee-bba1-49d6b3a37226\''),('75','75','1','\'nikita\'','\'products/nikita\'','1','\'2023-11-07 09:25:41\'','\'2023-11-07 09:25:41\'','\'44be4008-fc75-4576-8934-fa76383f9984\''),('76','76','1','\'nikita\'','\'products/nikita\'','1','\'2023-11-07 09:32:35\'','\'2023-11-07 09:32:35\'','\'0c9b4e94-8fd6-4fd0-90ac-0e3c15bd94ae\''),('78','78','1','\'nikita\'','\'products/nikita\'','1','\'2023-11-07 09:33:06\'','\'2023-11-07 09:33:06\'','\'7c3ff9d1-7843-4025-8f7d-59f5bc51c008\''),('80','80','1','\'nikita\'','\'products/nikita\'','1','\'2023-11-07 09:34:06\'','\'2023-11-07 09:34:06\'','\'2193d60d-9615-429d-ad7c-76cbe272a144\''),('81','81','1','\'computer\'','\'products/cat/computer\'','1','\'2023-11-07 09:39:53\'','\'2023-11-07 09:39:58\'','\'6c7a2276-dfcc-4aed-879d-84f21e877e82\''),('82','82','1','\'destop\'','\'products/cat/destop\'','1','\'2023-11-07 09:40:16\'','\'2023-11-07 09:40:34\'','\'77159024-065b-4169-9ce2-be65702fe7ca\''),('83','83','1','\'__temp_tonupaupfcmwkeabdjtztmcfoxhkdzlbvong\'','\'products/cat/__temp_tonupaupfcmwkeabdjtztmcfoxhkdzlbvong\'','1','\'2023-11-07 10:13:38\'','\'2023-11-07 10:13:38\'','\'947771a7-071d-4ed8-b7bf-5f8630a5906b\''),('84','84','1','\'apple-iphone-12\'','\'products/apple-iphone-12\'','1','\'2023-11-08 18:10:52\'','\'2023-11-08 18:11:41\'','\'295aa09d-330f-49f4-9a80-e311121cc83a\''),('85','85','1','NULL','NULL','1','\'2023-11-08 18:14:18\'','\'2023-11-08 18:14:18\'','\'2a1a5bf2-fdba-48d4-82e2-96077dc5ce85\''),('86','86','1','NULL','NULL','1','\'2023-11-08 18:14:18\'','\'2023-11-08 18:14:18\'','\'12972fb2-6ecb-450d-8f58-1cbe0ea21ea4\''),('87','87','1','\'apple-iphone-12\'','\'products/apple-iphone-12\'','1','\'2023-11-08 18:14:22\'','\'2023-11-08 18:14:22\'','\'64868b2f-f700-4efd-a3f2-0789f5da1837\''),('88','88','1','\'contact\'','\'contact\'','1','\'2023-11-08 19:13:43\'','\'2023-11-08 19:13:43\'','\'2988e942-8d63-4943-8225-67cae4ede5b8\''),('89','89','1','\'contact\'','\'contact\'','1','\'2023-11-08 19:13:43\'','\'2023-11-08 19:13:43\'','\'70cfe76d-3590-409b-8005-7cdbb0fb96bd\''),('90','90','1','\'contact\'','\'contact\'','1','\'2023-11-08 19:13:43\'','\'2023-11-08 19:13:43\'','\'f545b8e4-9e21-44f9-801f-04007a907271\''),('92','92','1','\'info\'','\'pages/info\'','1','\'2023-11-08 19:14:30\'','\'2023-11-08 19:14:30\'','\'caeb3ff3-ecd3-4db4-8248-6cdcb979cb12\''),('94','94','1','\'home\'','\'__home__\'','1','\'2023-11-08 20:00:42\'','\'2023-11-08 20:00:42\'','\'f4242298-e422-4a67-be4e-f7973137382f\''),('96','96','1','\'home\'','\'__home__\'','1','\'2023-11-08 20:01:46\'','\'2023-11-08 20:01:46\'','\'42cc7894-4012-4a1c-b822-650765ad6c70\''),('98','98','1','\'info\'','\'pages/info\'','1','\'2023-11-08 20:21:40\'','\'2023-11-08 20:21:40\'','\'bb0285ae-aaa5-4cbe-aa2a-4f3ed14862b5\''),('99','99','1','\'actie-hp-prodesk-400-g1-sff-i5-4e-gen-incl-2-monitoren-2-jaar-garantie\'','\'products/actie-hp-prodesk-400-g1-sff-i5-4e-gen-incl-2-monitoren-2-jaar-garantie\'','1','\'2023-11-10 10:00:39\'','\'2023-11-10 10:00:41\'','\'aae36d88-b343-42d6-9b28-e045b8a58fd5\''),('100','100','1','NULL','NULL','1','\'2023-11-10 10:01:34\'','\'2023-11-10 10:01:34\'','\'d520dda2-cda1-4e6f-8885-1abf80da2fec\''),('101','101','1','\'actie-hp-prodesk-400-g1-sff-i5-4e-gen-incl-2-monitoren-2-jaar-garantie\'','\'products/actie-hp-prodesk-400-g1-sff-i5-4e-gen-incl-2-monitoren-2-jaar-garantie\'','1','\'2023-11-10 10:01:37\'','\'2023-11-10 10:01:37\'','\'6b223d6f-8de1-478c-bfdf-dc8e786110e5\''),('102','102','1','\'foto-van-vogel\'','\'products/foto-van-vogel\'','1','\'2023-11-11 21:41:12\'','\'2023-11-11 21:42:07\'','\'a7ef41c0-d539-466b-b6f8-c1c0da102376\''),('103','103','1','NULL','NULL','1','\'2023-11-11 21:42:57\'','\'2023-11-11 21:42:57\'','\'53d0d160-ca0e-4f51-a3af-a48c23db9810\''),('104','104','1','\'foto-van-vogel\'','\'products/foto-van-vogel\'','1','\'2023-11-11 21:43:01\'','\'2023-11-11 21:43:01\'','\'1ce27f47-7283-4814-bf16-449e788ca70f\''),('106','106','1','\'info\'','\'pages/info\'','1','\'2023-11-11 21:59:42\'','\'2023-11-11 21:59:42\'','\'9864d3bd-1b2b-4db1-ad48-b0a143705e5d\''),('108','108','1','\'info\'','\'pages/info\'','1','\'2023-11-11 22:00:53\'','\'2023-11-11 22:00:53\'','\'fa10f9c9-a97b-4353-8ad6-4b71f6ccd762\''),('110','110','1','\'info\'','\'pages/info\'','1','\'2023-11-11 22:01:34\'','\'2023-11-11 22:01:34\'','\'df6d28e5-2f4d-433b-8ae1-6d669755db05\''),('111','111','1','NULL','NULL','1','\'2023-11-11 22:02:39\'','\'2023-11-11 22:02:39\'','\'493a7d67-0228-4651-9800-f946fdf1541a\''),('113','113','1','\'info\'','\'pages/info\'','1','\'2023-11-11 22:02:44\'','\'2023-11-11 22:02:44\'','\'2d3c7c59-236d-4420-af19-9c782c0b19e6\''),('115','115','1','\'info\'','\'pages/info\'','1','\'2023-11-11 22:04:32\'','\'2023-11-11 22:04:32\'','\'f77258a3-00fa-4945-8cf0-2267d18df5a7\''),('117','117','1','\'__temp_zzvlwelquyafwynwcixrtyvhlkhptsqmoxgl\'','\'products/__temp_zzvlwelquyafwynwcixrtyvhlkhptsqmoxgl\'','1','\'2023-11-11 22:06:12\'','\'2023-11-11 22:06:12\'','\'e325a21c-2025-41a5-a055-3dc4e0886242\''),('118','118','1','\'info\'','\'pages/info\'','1','\'2023-11-11 22:06:49\'','\'2023-11-11 22:06:49\'','\'0184d4f2-3923-4ee1-8ac1-7e1387232b20\''),('120','120','1','\'info\'','\'pages/info\'','1','\'2023-11-11 22:07:37\'','\'2023-11-11 22:07:37\'','\'e4112e08-96ac-48fd-bc23-f0d81cd08035\''),('122','122','1','\'info\'','\'pages/info\'','1','\'2023-11-11 22:08:10\'','\'2023-11-11 22:08:10\'','\'7c2fdf02-4567-477c-8b28-91bfb23a3d9f\''),('124','124','1','\'info\'','\'pages/info\'','1','\'2023-11-11 22:09:19\'','\'2023-11-11 22:09:19\'','\'a00baac5-9f3a-4ddb-921f-1a26260bc858\'');

INSERT INTO entries(id,sectionId,parentId,typeId,authorId,postDate,expiryDate,deletedWithEntryType,dateCreated,dateUpdated) VALUES('2','1','NULL','1','1','\'2023-11-01 17:20:00\'','NULL','0','\'2023-11-01 17:00:43\'','\'2023-11-01 17:20:04\''),('3','1','NULL','1','1','\'2023-11-01 17:20:00\'','NULL','NULL','\'2023-11-01 17:20:04\'','\'2023-11-01 17:20:04\''),('4','1','NULL','1','1','\'2023-11-01 19:08:00\'','NULL','NULL','\'2023-11-01 17:37:36\'','\'2023-11-01 19:08:22\''),('5','1','NULL','1','1','\'2023-11-01 19:08:00\'','NULL','NULL','\'2023-11-01 19:08:22\'','\'2023-11-01 19:08:22\''),('6','1','NULL','1','1','\'2023-11-01 19:10:00\'','NULL','0','\'2023-11-01 19:08:57\'','\'2023-11-01 19:10:22\''),('7','1','NULL','1','1','\'2023-11-01 19:10:00\'','NULL','NULL','\'2023-11-01 19:10:22\'','\'2023-11-01 19:10:22\''),('9','1','NULL','1','1','\'2023-11-01 19:10:00\'','NULL','NULL','\'2023-11-01 19:11:08\'','\'2023-11-01 19:11:08\''),('11','1','NULL','1','1','\'2023-11-01 19:10:00\'','NULL','NULL','\'2023-11-01 19:16:24\'','\'2023-11-01 19:16:24\''),('13','1','NULL','1','1','\'2023-11-01 17:20:00\'','NULL','NULL','\'2023-11-01 20:16:16\'','\'2023-11-01 20:16:16\''),('15','1','NULL','1','1','\'2023-11-01 19:08:00\'','NULL','NULL','\'2023-11-01 20:23:54\'','\'2023-11-01 20:23:54\''),('17','1','NULL','1','1','\'2023-11-01 19:10:00\'','NULL','NULL','\'2023-11-01 20:24:05\'','\'2023-11-01 20:24:05\''),('18','1','NULL','1','1','\'2023-11-01 19:08:00\'','NULL','NULL','\'2023-11-01 20:24:37\'','\'2023-11-01 20:24:37\''),('19','1','NULL','1','1','\'2023-11-01 19:08:00\'','NULL','NULL','\'2023-11-01 20:26:24\'','\'2023-11-01 20:26:24\''),('21','1','NULL','1','1','\'2023-11-01 19:08:00\'','NULL','NULL','\'2023-11-01 20:33:43\'','\'2023-11-01 20:33:43\''),('23','1','NULL','1','1','\'2023-11-01 19:10:00\'','NULL','NULL','\'2023-11-01 20:33:58\'','\'2023-11-01 20:33:58\''),('25','1','NULL','1','1','\'2023-11-01 17:20:00\'','NULL','NULL','\'2023-11-01 20:34:05\'','\'2023-11-01 20:34:05\''),('26','1','NULL','1','1','\'2023-11-01 20:37:19\'','NULL','NULL','\'2023-11-01 20:37:19\'','\'2023-11-01 20:37:19\''),('27','1','NULL','1','1','\'2023-11-01 20:39:41\'','NULL','NULL','\'2023-11-01 20:39:41\'','\'2023-11-01 20:39:41\''),('28','2','NULL','2','1','\'2023-11-01 20:44:00\'','NULL','NULL','\'2023-11-01 20:43:53\'','\'2023-11-01 20:44:04\''),('29','2','NULL','2','1','\'2023-11-01 20:44:00\'','NULL','NULL','\'2023-11-01 20:44:04\'','\'2023-11-01 20:44:04\''),('30','2','NULL','2','1','\'2023-11-01 20:44:00\'','NULL','NULL','\'2023-11-01 20:44:06\'','\'2023-11-01 20:44:15\''),('31','2','NULL','2','1','\'2023-11-01 20:44:00\'','NULL','NULL','\'2023-11-01 20:44:15\'','\'2023-11-01 20:44:15\''),('32','2','NULL','2','1','\'2023-11-01 20:54:00\'','NULL','NULL','\'2023-11-01 20:54:00\'','\'2023-11-01 20:54:00\''),('33','2','NULL','2','1','\'2023-11-01 20:54:00\'','NULL','NULL','\'2023-11-01 20:54:12\'','\'2023-11-01 20:54:12\''),('34','1','NULL','1','1','\'2023-11-03 22:09:00\'','NULL','0','\'2023-11-03 22:09:11\'','\'2023-11-03 22:09:54\''),('35','1','NULL','1','1','\'2023-11-03 22:09:00\'','NULL','NULL','\'2023-11-03 22:09:54\'','\'2023-11-03 22:09:54\''),('36','3','NULL','3','NULL','\'2023-11-04 17:07:00\'','NULL','NULL','\'2023-11-04 17:07:53\'','\'2023-11-04 17:07:53\''),('37','3','NULL','3','NULL','\'2023-11-04 17:07:00\'','NULL','NULL','\'2023-11-04 17:07:53\'','\'2023-11-04 17:07:53\''),('38','3','NULL','3','NULL','\'2023-11-04 17:07:00\'','NULL','NULL','\'2023-11-04 17:07:53\'','\'2023-11-04 17:07:53\''),('39','3','NULL','3','NULL','\'2023-11-04 17:07:00\'','NULL','NULL','\'2023-11-04 17:08:18\'','\'2023-11-04 17:08:18\''),('41','1','NULL','1','1','\'2023-11-01 19:10:00\'','NULL','NULL','\'2023-11-04 21:08:52\'','\'2023-11-04 21:08:52\''),('43','1','NULL','1','1','\'2023-11-01 19:10:00\'','NULL','NULL','\'2023-11-04 21:39:17\'','\'2023-11-04 21:39:17\''),('44','1','NULL','1','1','\'2023-11-04 21:45:00\'','NULL','0','\'2023-11-04 21:44:58\'','\'2023-11-04 21:45:20\''),('45','1','NULL','1','1','\'2023-11-04 21:45:00\'','NULL','NULL','\'2023-11-04 21:45:20\'','\'2023-11-04 21:45:20\''),('46','1','NULL','1','1','\'2023-11-04 21:45:00\'','NULL','NULL','\'2023-11-04 21:49:11\'','\'2023-11-04 21:49:11\''),('47','1','NULL','1','1','\'2023-11-04 21:52:00\'','NULL','0','\'2023-11-04 21:51:50\'','\'2023-11-04 21:52:09\''),('48','1','NULL','1','1','\'2023-11-04 21:52:00\'','NULL','NULL','\'2023-11-04 21:52:09\'','\'2023-11-04 21:52:09\''),('54','2','NULL','2','1','\'2023-11-01 20:54:00\'','NULL','NULL','\'2023-11-04 22:18:37\'','\'2023-11-04 22:18:37\''),('56','2','NULL','2','1','\'2023-11-01 20:44:00\'','NULL','NULL','\'2023-11-04 22:18:55\'','\'2023-11-04 22:18:55\''),('58','2','NULL','2','1','\'2023-11-01 20:44:00\'','NULL','NULL','\'2023-11-04 22:19:04\'','\'2023-11-04 22:19:04\''),('63','2','NULL','2','1','\'2023-11-01 20:54:00\'','NULL','NULL','\'2023-11-07 09:19:30\'','\'2023-11-07 09:19:30\''),('66','2','NULL','2','1','\'2023-11-01 20:44:00\'','NULL','NULL','\'2023-11-07 09:20:07\'','\'2023-11-07 09:20:07\''),('69','2','NULL','2','1','\'2023-11-01 20:44:00\'','NULL','NULL','\'2023-11-07 09:20:27\'','\'2023-11-07 09:20:27\''),('72','2','NULL','2','1','\'2023-11-01 20:54:00\'','NULL','NULL','\'2023-11-07 09:24:51\'','\'2023-11-07 09:24:51\''),('75','2','NULL','2','1','\'2023-11-01 20:54:00\'','NULL','NULL','\'2023-11-07 09:25:41\'','\'2023-11-07 09:25:41\''),('76','2','NULL','2','1','\'2023-11-01 20:54:00\'','NULL','NULL','\'2023-11-07 09:32:35\'','\'2023-11-07 09:32:35\''),('78','2','NULL','2','1','\'2023-11-01 20:54:00\'','NULL','NULL','\'2023-11-07 09:33:06\'','\'2023-11-07 09:33:06\''),('80','2','NULL','2','1','\'2023-11-01 20:54:00\'','NULL','NULL','\'2023-11-07 09:34:06\'','\'2023-11-07 09:34:06\''),('84','2','NULL','2','1','\'2023-11-08 18:14:00\'','NULL','NULL','\'2023-11-08 18:10:52\'','\'2023-11-08 18:14:22\''),('87','2','NULL','2','1','\'2023-11-08 18:14:00\'','NULL','NULL','\'2023-11-08 18:14:22\'','\'2023-11-08 18:14:22\''),('88','4','NULL','4','NULL','\'2023-11-08 19:13:00\'','NULL','NULL','\'2023-11-08 19:13:43\'','\'2023-11-08 19:13:43\''),('89','4','NULL','4','NULL','\'2023-11-08 19:13:00\'','NULL','NULL','\'2023-11-08 19:13:43\'','\'2023-11-08 19:13:43\''),('90','4','NULL','4','NULL','\'2023-11-08 19:13:00\'','NULL','NULL','\'2023-11-08 19:13:43\'','\'2023-11-08 19:13:43\''),('92','1','NULL','1','1','\'2023-11-01 19:08:00\'','NULL','NULL','\'2023-11-08 19:14:30\'','\'2023-11-08 19:14:30\''),('94','3','NULL','3','NULL','\'2023-11-04 17:07:00\'','NULL','NULL','\'2023-11-08 20:00:42\'','\'2023-11-08 20:00:42\''),('96','3','NULL','3','NULL','\'2023-11-04 17:07:00\'','NULL','NULL','\'2023-11-08 20:01:46\'','\'2023-11-08 20:01:46\''),('98','1','NULL','1','1','\'2023-11-01 19:08:00\'','NULL','NULL','\'2023-11-08 20:21:40\'','\'2023-11-08 20:21:40\''),('99','2','NULL','2','1','\'2023-11-10 10:01:00\'','NULL','NULL','\'2023-11-10 10:00:39\'','\'2023-11-10 10:01:37\''),('101','2','NULL','2','1','\'2023-11-10 10:01:00\'','NULL','NULL','\'2023-11-10 10:01:37\'','\'2023-11-10 10:01:37\''),('102','2','NULL','2','1','\'2023-11-11 21:43:00\'','NULL','NULL','\'2023-11-11 21:41:12\'','\'2023-11-11 21:43:01\''),('104','2','NULL','2','1','\'2023-11-11 21:43:00\'','NULL','NULL','\'2023-11-11 21:43:01\'','\'2023-11-11 21:43:01\''),('106','1','NULL','1','1','\'2023-11-01 19:08:00\'','NULL','NULL','\'2023-11-11 21:59:42\'','\'2023-11-11 21:59:42\''),('108','1','NULL','1','1','\'2023-11-01 19:08:00\'','NULL','NULL','\'2023-11-11 22:00:53\'','\'2023-11-11 22:00:53\''),('110','1','NULL','1','1','\'2023-11-01 19:08:00\'','NULL','NULL','\'2023-11-11 22:01:34\'','\'2023-11-11 22:01:34\''),('113','1','NULL','1','1','\'2023-11-01 19:08:00\'','NULL','NULL','\'2023-11-11 22:02:44\'','\'2023-11-11 22:02:44\''),('115','1','NULL','1','1','\'2023-11-01 19:08:00\'','NULL','NULL','\'2023-11-11 22:04:32\'','\'2023-11-11 22:04:32\''),('117','2','NULL','2','1','\'2023-11-11 22:06:12\'','NULL','NULL','\'2023-11-11 22:06:12\'','\'2023-11-11 22:06:12\''),('118','1','NULL','1','1','\'2023-11-01 19:08:00\'','NULL','NULL','\'2023-11-11 22:06:49\'','\'2023-11-11 22:06:49\''),('120','1','NULL','1','1','\'2023-11-01 19:08:00\'','NULL','NULL','\'2023-11-11 22:07:37\'','\'2023-11-11 22:07:37\''),('122','1','NULL','1','1','\'2023-11-01 19:08:00\'','NULL','NULL','\'2023-11-11 22:08:10\'','\'2023-11-11 22:08:10\''),('124','1','NULL','1','1','\'2023-11-01 19:08:00\'','NULL','NULL','\'2023-11-11 22:09:19\'','\'2023-11-11 22:09:19\'');

INSERT INTO entrytypes(id,sectionId,fieldLayoutId,name,handle,hasTitleField,titleTranslationMethod,titleTranslationKeyFormat,titleFormat,slugTranslationMethod,slugTranslationKeyFormat,showStatusField,sortOrder,dateCreated,dateUpdated,dateDeleted,uid) VALUES('1','1','1','\'Default\'','\'default\'','1','\'site\'','NULL','NULL','\'site\'','NULL','1','1','\'2023-11-01 16:59:03\'','\'2023-11-01 16:59:03\'','NULL','\'6b872adc-59d6-4c88-bc2e-3da36dce9594\''),('2','2','2','\'Default\'','\'default\'','1','\'site\'','NULL','NULL','\'site\'','NULL','1','1','\'2023-11-01 20:41:17\'','\'2023-11-01 20:41:17\'','NULL','\'668e7aaa-8b94-4b22-b980-38e1701e7d20\''),('3','3','4','\'Home\'','\'home\'','0','\'site\'','NULL','\'{section.name|raw}\'','\'site\'','NULL','1','1','\'2023-11-04 17:07:53\'','\'2023-11-04 17:07:53\'','NULL','\'860b4aa3-147f-43dd-a4bb-6b0577da1f93\''),('4','4','7','\'Contact\'','\'contact\'','0','\'site\'','NULL','\'{section.name|raw}\'','\'site\'','NULL','1','1','\'2023-11-08 19:13:43\'','\'2023-11-08 19:13:43\'','NULL','\'9db4bc4c-0a0b-411f-85fb-11b3cfa77af6\'');

INSERT INTO fieldgroups(id,name,dateCreated,dateUpdated,dateDeleted,uid) VALUES('1','\'Common\'','\'2023-10-31 12:08:32\'','\'2023-10-31 12:08:32\'','NULL','\'0254b196-50ac-4bfa-b010-1f99281ca1b5\''),('2','\'images\'','\'2023-11-07 08:58:49\'','\'2023-11-07 08:58:49\'','\'2023-11-07 08:59:18\'','\'3218bdd3-97ef-44ee-8887-6a13a9925f09\'');

INSERT INTO fieldlayoutfields(id,layoutId,tabId,fieldId,required,sortOrder,dateCreated,dateUpdated,uid) VALUES('7','4','9','1','0','1','\'2023-11-04 17:08:18\'','\'2023-11-04 17:08:18\'','\'19a62c77-a1c9-4afd-ac5c-1adde8c2bca8\''),('15','2','16','4','0','1','\'2023-11-10 09:28:38\'','\'2023-11-10 09:28:38\'','\'ac6286be-7f1f-461e-8422-1bba3afd070e\''),('16','2','16','3','0','2','\'2023-11-10 09:28:38\'','\'2023-11-10 09:28:38\'','\'742949e5-7c94-45bf-95ef-935417941024\''),('17','2','16','5','0','3','\'2023-11-10 09:28:38\'','\'2023-11-10 09:28:38\'','\'76e5a55f-b667-44c9-9298-f05b0f33b750\''),('18','2','16','6','0','4','\'2023-11-10 09:28:38\'','\'2023-11-10 09:28:38\'','\'59ff4b4e-8c99-40dc-bd6c-834a4845db7f\''),('19','2','16','7','0','5','\'2023-11-10 09:28:38\'','\'2023-11-10 09:28:38\'','\'a9d71ee0-453e-47ae-b300-f5a80ce62ed1\''),('20','1','17','1','0','1','\'2023-11-11 22:02:00\'','\'2023-11-11 22:02:00\'','\'54190a10-1023-48a9-a5d4-ed22102aed5e\''),('21','1','17','6','0','2','\'2023-11-11 22:02:00\'','\'2023-11-11 22:02:00\'','\'5b657887-100f-4443-8cd6-e7c0d25c2b87\'');

INSERT INTO fieldlayouts(id,type,dateCreated,dateUpdated,dateDeleted,uid) VALUES('1','\'craft\\\\elements\\\\Entry\'','\'2023-11-01 16:59:03\'','\'2023-11-01 16:59:03\'','NULL','\'f9d4f32e-2fb1-42c4-8654-8637067028fe\''),('2','\'craft\\\\elements\\\\Entry\'','\'2023-11-01 20:41:17\'','\'2023-11-01 20:41:17\'','NULL','\'395597df-a0fb-472d-92b8-ae28e9329bf1\''),('3','\'craft\\\\elements\\\\Category\'','\'2023-11-03 22:08:01\'','\'2023-11-03 22:08:01\'','\'2023-11-04 22:09:38\'','\'3e336927-6f55-409f-ac58-5786810450ed\''),('4','\'craft\\\\elements\\\\Entry\'','\'2023-11-04 17:07:53\'','\'2023-11-04 17:07:53\'','NULL','\'2b52acf5-1806-4261-8a39-4217edff9e28\''),('5','\'craft\\\\elements\\\\Category\'','\'2023-11-04 22:13:11\'','\'2023-11-04 22:13:11\'','NULL','\'feeaf542-cf9f-4c70-955a-4b3afbdd6113\''),('6','\'craft\\\\elements\\\\Asset\'','\'2023-11-07 09:11:03\'','\'2023-11-07 09:11:03\'','NULL','\'9343c105-1247-4ccd-95a6-05016bc24da9\''),('7','\'craft\\\\elements\\\\Entry\'','\'2023-11-08 19:13:43\'','\'2023-11-08 19:13:43\'','NULL','\'ffc04180-3a24-4133-9acb-2d7f8511bb57\'');

INSERT INTO fieldlayouttabs(id,layoutId,name,settings,elements,sortOrder,dateCreated,dateUpdated,uid) VALUES('7','3','\'Content\'','X\'7b2275736572436f6e646974696f6e223a6e756c6c2c22656c656d656e74436f6e646974696f6e223a6e756c6c7d\'','X\'5b7b2274797065223a2263726166745c5c6669656c646c61796f7574656c656d656e74735c5c5469746c654669656c64222c226175746f636f6d706c657465223a66616c73652c22636c617373223a6e756c6c2c2273697a65223a6e756c6c2c226e616d65223a6e756c6c2c226175746f636f7272656374223a747275652c226175746f6361706974616c697a65223a747275652c2264697361626c6564223a66616c73652c22726561646f6e6c79223a66616c73652c227469746c65223a6e756c6c2c22706c616365686f6c646572223a6e756c6c2c2273746570223a6e756c6c2c226d696e223a6e756c6c2c226d6178223a6e756c6c2c2272657175697261626c65223a66616c73652c226964223a6e756c6c2c22636f6e7461696e657241747472696275746573223a5b5d2c22696e707574436f6e7461696e657241747472696275746573223a5b5d2c226c6162656c41747472696275746573223a5b5d2c226f7269656e746174696f6e223a6e756c6c2c226c6162656c223a6e756c6c2c22696e737472756374696f6e73223a6e756c6c2c22746970223a6e756c6c2c227761726e696e67223a6e756c6c2c227769647468223a3130302c22756964223a2230643033373633332d353936322d346562302d623266362d623835383163326332653261222c2275736572436f6e646974696f6e223a6e756c6c2c22656c656d656e74436f6e646974696f6e223a6e756c6c7d5d\'','1','\'2023-11-03 22:08:01\'','\'2023-11-03 22:08:01\'','\'ddd78624-5e26-4064-bf52-adff4be75b9f\''),('9','4','\'Content\'','X\'7b2275736572436f6e646974696f6e223a6e756c6c2c22656c656d656e74436f6e646974696f6e223a6e756c6c7d\'','X\'5b7b2274797065223a2263726166745c5c6669656c646c61796f7574656c656d656e74735c5c656e74726965735c5c456e7472795469746c654669656c64222c226175746f636f6d706c657465223a66616c73652c22636c617373223a6e756c6c2c2273697a65223a6e756c6c2c226e616d65223a6e756c6c2c226175746f636f7272656374223a747275652c226175746f6361706974616c697a65223a747275652c2264697361626c6564223a66616c73652c22726561646f6e6c79223a66616c73652c227469746c65223a6e756c6c2c22706c616365686f6c646572223a6e756c6c2c2273746570223a6e756c6c2c226d696e223a6e756c6c2c226d6178223a6e756c6c2c2272657175697261626c65223a66616c73652c226964223a6e756c6c2c22636f6e7461696e657241747472696275746573223a5b5d2c22696e707574436f6e7461696e657241747472696275746573223a5b5d2c226c6162656c41747472696275746573223a5b5d2c226f7269656e746174696f6e223a6e756c6c2c226c6162656c223a6e756c6c2c22696e737472756374696f6e73223a6e756c6c2c22746970223a6e756c6c2c227761726e696e67223a6e756c6c2c227769647468223a3130302c22756964223a2265633434626635362d386635632d343437642d396133652d386365386236616161663963222c2275736572436f6e646974696f6e223a6e756c6c2c22656c656d656e74436f6e646974696f6e223a6e756c6c7d2c7b2274797065223a2263726166745c5c6669656c646c61796f7574656c656d656e74735c5c437573746f6d4669656c64222c226c6162656c223a6e756c6c2c22696e737472756374696f6e73223a6e756c6c2c22746970223a6e756c6c2c227761726e696e67223a6e756c6c2c227265717569726564223a66616c73652c227769647468223a3130302c22756964223a2234336562326536652d636634632d346666642d396338372d336639313464363437346463222c2275736572436f6e646974696f6e223a6e756c6c2c22656c656d656e74436f6e646974696f6e223a6e756c6c2c226669656c64556964223a2232643236323231382d626633312d346135392d386132652d633934323663656161396161227d5d\'','1','\'2023-11-04 17:08:18\'','\'2023-11-04 17:08:18\'','\'a00e91e1-3a4a-4746-b403-cf32b4b4b1d1\''),('12','5','\'Content\'','X\'7b2275736572436f6e646974696f6e223a6e756c6c2c22656c656d656e74436f6e646974696f6e223a6e756c6c7d\'','X\'5b7b2274797065223a2263726166745c5c6669656c646c61796f7574656c656d656e74735c5c5469746c654669656c64222c226175746f636f6d706c657465223a66616c73652c22636c617373223a6e756c6c2c2273697a65223a6e756c6c2c226e616d65223a6e756c6c2c226175746f636f7272656374223a747275652c226175746f6361706974616c697a65223a747275652c2264697361626c6564223a66616c73652c22726561646f6e6c79223a66616c73652c227469746c65223a6e756c6c2c22706c616365686f6c646572223a6e756c6c2c2273746570223a6e756c6c2c226d696e223a6e756c6c2c226d6178223a6e756c6c2c2272657175697261626c65223a66616c73652c226964223a6e756c6c2c22636f6e7461696e657241747472696275746573223a5b5d2c22696e707574436f6e7461696e657241747472696275746573223a5b5d2c226c6162656c41747472696275746573223a5b5d2c226f7269656e746174696f6e223a6e756c6c2c226c6162656c223a6e756c6c2c22696e737472756374696f6e73223a6e756c6c2c22746970223a6e756c6c2c227761726e696e67223a6e756c6c2c227769647468223a3130302c22756964223a2237623832313463352d303134302d343463632d616335662d303666626332326530393735222c2275736572436f6e646974696f6e223a6e756c6c2c22656c656d656e74436f6e646974696f6e223a6e756c6c7d5d\'','1','\'2023-11-06 10:15:22\'','\'2023-11-06 10:15:22\'','\'cf407d51-5b24-41c3-8e76-903e0ef025a6\''),('13','6','\'Content\'','X\'7b2275736572436f6e646974696f6e223a6e756c6c2c22656c656d656e74436f6e646974696f6e223a6e756c6c7d\'','X\'5b7b2274797065223a2263726166745c5c6669656c646c61796f7574656c656d656e74735c5c6173736574735c5c41737365745469746c654669656c64222c226175746f636f6d706c657465223a66616c73652c22636c617373223a6e756c6c2c2273697a65223a6e756c6c2c226e616d65223a6e756c6c2c226175746f636f7272656374223a747275652c226175746f6361706974616c697a65223a747275652c2264697361626c6564223a66616c73652c22726561646f6e6c79223a66616c73652c227469746c65223a6e756c6c2c22706c616365686f6c646572223a6e756c6c2c2273746570223a6e756c6c2c226d696e223a6e756c6c2c226d6178223a6e756c6c2c2272657175697261626c65223a66616c73652c226964223a6e756c6c2c22636f6e7461696e657241747472696275746573223a5b5d2c22696e707574436f6e7461696e657241747472696275746573223a5b5d2c226c6162656c41747472696275746573223a5b5d2c226f7269656e746174696f6e223a6e756c6c2c226c6162656c223a6e756c6c2c22696e737472756374696f6e73223a6e756c6c2c22746970223a6e756c6c2c227761726e696e67223a6e756c6c2c227769647468223a3130302c22756964223a2239666633343933332d376230392d346464322d383234662d636361373765626631333264222c2275736572436f6e646974696f6e223a6e756c6c2c22656c656d656e74436f6e646974696f6e223a6e756c6c7d5d\'','1','\'2023-11-07 09:11:03\'','\'2023-11-07 09:11:03\'','\'78af90d6-5374-4395-aaf3-7fa056bbefd0\''),('15','7','\'Content\'','X\'7b2275736572436f6e646974696f6e223a6e756c6c2c22656c656d656e74436f6e646974696f6e223a6e756c6c7d\'','X\'5b7b2274797065223a2263726166745c5c6669656c646c61796f7574656c656d656e74735c5c656e74726965735c5c456e7472795469746c654669656c64222c226175746f636f6d706c657465223a66616c73652c22636c617373223a6e756c6c2c2273697a65223a6e756c6c2c226e616d65223a6e756c6c2c226175746f636f7272656374223a747275652c226175746f6361706974616c697a65223a747275652c2264697361626c6564223a66616c73652c22726561646f6e6c79223a66616c73652c227469746c65223a6e756c6c2c22706c616365686f6c646572223a6e756c6c2c2273746570223a6e756c6c2c226d696e223a6e756c6c2c226d6178223a6e756c6c2c2272657175697261626c65223a66616c73652c226964223a6e756c6c2c22636f6e7461696e657241747472696275746573223a5b5d2c22696e707574436f6e7461696e657241747472696275746573223a5b5d2c226c6162656c41747472696275746573223a5b5d2c226f7269656e746174696f6e223a6e756c6c2c226c6162656c223a6e756c6c2c22696e737472756374696f6e73223a6e756c6c2c22746970223a6e756c6c2c227761726e696e67223a6e756c6c2c227769647468223a3130302c22756964223a2234323966356237632d353330372d343036372d613232342d313539396536393863353139222c2275736572436f6e646974696f6e223a6e756c6c2c22656c656d656e74436f6e646974696f6e223a6e756c6c7d5d\'','1','\'2023-11-08 19:13:43\'','\'2023-11-08 19:13:43\'','\'3933bb3f-0272-4f3d-a05c-2d66437a6e52\''),('16','2','\'Content\'','X\'7b2275736572436f6e646974696f6e223a6e756c6c2c22656c656d656e74436f6e646974696f6e223a6e756c6c7d\'','X\'5b7b2274797065223a2263726166745c5c6669656c646c61796f7574656c656d656e74735c5c656e74726965735c5c456e7472795469746c654669656c64222c226175746f636f6d706c657465223a66616c73652c22636c617373223a6e756c6c2c2273697a65223a6e756c6c2c226e616d65223a6e756c6c2c226175746f636f7272656374223a747275652c226175746f6361706974616c697a65223a747275652c2264697361626c6564223a66616c73652c22726561646f6e6c79223a66616c73652c227469746c65223a6e756c6c2c22706c616365686f6c646572223a6e756c6c2c2273746570223a6e756c6c2c226d696e223a6e756c6c2c226d6178223a6e756c6c2c2272657175697261626c65223a66616c73652c226964223a6e756c6c2c22636f6e7461696e657241747472696275746573223a5b5d2c22696e707574436f6e7461696e657241747472696275746573223a5b5d2c226c6162656c41747472696275746573223a5b5d2c226f7269656e746174696f6e223a6e756c6c2c226c6162656c223a6e756c6c2c22696e737472756374696f6e73223a6e756c6c2c22746970223a6e756c6c2c227761726e696e67223a6e756c6c2c227769647468223a3130302c22756964223a2263356236323236322d356265322d346362652d393134622d383432616635653631323931222c2275736572436f6e646974696f6e223a6e756c6c2c22656c656d656e74436f6e646974696f6e223a6e756c6c7d2c7b2274797065223a2263726166745c5c6669656c646c61796f7574656c656d656e74735c5c437573746f6d4669656c64222c226c6162656c223a6e756c6c2c22696e737472756374696f6e73223a6e756c6c2c22746970223a6e756c6c2c227761726e696e67223a6e756c6c2c227265717569726564223a66616c73652c227769647468223a3130302c22756964223a2230623838333138652d613839642d346166362d393833322d323266386164323936343733222c2275736572436f6e646974696f6e223a6e756c6c2c22656c656d656e74436f6e646974696f6e223a6e756c6c2c226669656c64556964223a2239383266623032392d356463612d343935332d386165382d316363666665653662336237227d2c7b2274797065223a2263726166745c5c6669656c646c61796f7574656c656d656e74735c5c437573746f6d4669656c64222c226c6162656c223a6e756c6c2c22696e737472756374696f6e73223a6e756c6c2c22746970223a6e756c6c2c227761726e696e67223a6e756c6c2c227265717569726564223a66616c73652c227769647468223a3130302c22756964223a2230623638303532322d356363632d343334652d623737382d346635316132633530346532222c2275736572436f6e646974696f6e223a6e756c6c2c22656c656d656e74436f6e646974696f6e223a6e756c6c2c226669656c64556964223a2263643231646530382d663463612d346431372d613235342d666539633838386339323538227d2c7b2274797065223a2263726166745c5c6669656c646c61796f7574656c656d656e74735c5c437573746f6d4669656c64222c226c6162656c223a6e756c6c2c22696e737472756374696f6e73223a6e756c6c2c22746970223a6e756c6c2c227761726e696e67223a6e756c6c2c227265717569726564223a66616c73652c227769647468223a3130302c22756964223a2262393938646135332d343663342d343461392d616635642d343863623634383266663163222c2275736572436f6e646974696f6e223a6e756c6c2c22656c656d656e74436f6e646974696f6e223a6e756c6c2c226669656c64556964223a2236653433363566632d313630622d343864632d396637642d383561643732623133386663227d2c7b2274797065223a2263726166745c5c6669656c646c61796f7574656c656d656e74735c5c437573746f6d4669656c64222c226c6162656c223a6e756c6c2c22696e737472756374696f6e73223a6e756c6c2c22746970223a6e756c6c2c227761726e696e67223a6e756c6c2c227265717569726564223a66616c73652c227769647468223a3130302c22756964223a2261376437643239332d613061662d343531322d613061392d313439653537636535343630222c2275736572436f6e646974696f6e223a6e756c6c2c22656c656d656e74436f6e646974696f6e223a6e756c6c2c226669656c64556964223a2261663135663730622d313963632d343565322d396462662d313562373466376533636337227d2c7b2274797065223a2263726166745c5c6669656c646c61796f7574656c656d656e74735c5c437573746f6d4669656c64222c226c6162656c223a6e756c6c2c22696e737472756374696f6e73223a6e756c6c2c22746970223a6e756c6c2c227761726e696e67223a6e756c6c2c227265717569726564223a66616c73652c227769647468223a3130302c22756964223a2233626362396262652d396237302d343363652d626665342d313961393433306663383566222c2275736572436f6e646974696f6e223a6e756c6c2c22656c656d656e74436f6e646974696f6e223a6e756c6c2c226669656c64556964223a2235633336316431652d363031372d346164662d383634302d643561653436393737313762227d5d\'','1','\'2023-11-10 09:28:38\'','\'2023-11-10 09:28:38\'','\'2f9f5af5-8238-456c-866f-5e1d17b364d5\''),('17','1','\'Content\'','X\'7b2275736572436f6e646974696f6e223a6e756c6c2c22656c656d656e74436f6e646974696f6e223a6e756c6c7d\'','X\'5b7b2274797065223a2263726166745c5c6669656c646c61796f7574656c656d656e74735c5c656e74726965735c5c456e7472795469746c654669656c64222c226175746f636f6d706c657465223a66616c73652c22636c617373223a6e756c6c2c2273697a65223a6e756c6c2c226e616d65223a6e756c6c2c226175746f636f7272656374223a747275652c226175746f6361706974616c697a65223a747275652c2264697361626c6564223a66616c73652c22726561646f6e6c79223a66616c73652c227469746c65223a6e756c6c2c22706c616365686f6c646572223a6e756c6c2c2273746570223a6e756c6c2c226d696e223a6e756c6c2c226d6178223a6e756c6c2c2272657175697261626c65223a66616c73652c226964223a6e756c6c2c22636f6e7461696e657241747472696275746573223a5b5d2c22696e707574436f6e7461696e657241747472696275746573223a5b5d2c226c6162656c41747472696275746573223a5b5d2c226f7269656e746174696f6e223a6e756c6c2c226c6162656c223a6e756c6c2c22696e737472756374696f6e73223a6e756c6c2c22746970223a6e756c6c2c227761726e696e67223a6e756c6c2c227769647468223a3130302c22756964223a2237323437373066622d323631612d343963312d396337652d353437376633303262363830222c2275736572436f6e646974696f6e223a6e756c6c2c22656c656d656e74436f6e646974696f6e223a6e756c6c7d2c7b2274797065223a2263726166745c5c6669656c646c61796f7574656c656d656e74735c5c437573746f6d4669656c64222c226c6162656c223a6e756c6c2c22696e737472756374696f6e73223a6e756c6c2c22746970223a6e756c6c2c227761726e696e67223a6e756c6c2c227265717569726564223a66616c73652c227769647468223a3130302c22756964223a2262336230336336382d353333372d343232302d623037372d613838303830366533376534222c2275736572436f6e646974696f6e223a6e756c6c2c22656c656d656e74436f6e646974696f6e223a6e756c6c2c226669656c64556964223a2232643236323231382d626633312d346135392d386132652d633934323663656161396161227d2c7b2274797065223a2263726166745c5c6669656c646c61796f7574656c656d656e74735c5c437573746f6d4669656c64222c226c6162656c223a6e756c6c2c22696e737472756374696f6e73223a6e756c6c2c22746970223a6e756c6c2c227761726e696e67223a6e756c6c2c227265717569726564223a66616c73652c227769647468223a3130302c22756964223a2265323734613163372d663039632d343163622d613034312d303465333130636536616537222c2275736572436f6e646974696f6e223a6e756c6c2c22656c656d656e74436f6e646974696f6e223a6e756c6c2c226669656c64556964223a2261663135663730622d313963632d343565322d396462662d313562373466376533636337227d5d\'','1','\'2023-11-11 22:02:00\'','\'2023-11-11 22:02:00\'','\'faca924a-65e7-41f1-bd3f-cc3b46b8fde1\'');

INSERT INTO fields(id,groupId,name,handle,context,columnSuffix,instructions,searchable,translationMethod,translationKeyFormat,type,settings,dateCreated,dateUpdated,uid) VALUES('1','1','\'Content\'','\'body\'','\'global\'','\'ivhuqfnz\'','NULL','0','\'none\'','NULL','\'craft\\\\ckeditor\\\\Field\'','X\'7b22617661696c61626c655472616e73666f726d73223a22222c22617661696c61626c65566f6c756d6573223a22222c22636b65436f6e666967223a2233393964313532392d323861662d343966362d396565662d333262646366623666656338222c22636f6c756d6e54797065223a2274657874222c2264656661756c745472616e73666f726d223a6e756c6c2c22656e61626c65536f7572636545646974696e67466f724e6f6e41646d696e73223a66616c73652c227075726966696572436f6e666967223a6e756c6c2c2270757269667948746d6c223a747275652c2273686f77556e7065726d697474656446696c6573223a66616c73652c2273686f77556e7065726d6974746564566f6c756d6573223a66616c73652c2273686f77576f7264436f756e74223a66616c73652c22776f72644c696d6974223a6e756c6c7d\'','\'2023-11-01 16:57:32\'','\'2023-11-01 16:57:32\'','\'2d262218-bf31-4a59-8a2e-c9426ceaa9aa\''),('3','1','\'Price\'','\'price\'','\'global\'','\'qjselyjq\'','NULL','0','\'none\'','NULL','\'craft\\\\fields\\\\Number\'','X\'7b22646563696d616c73223a302c2264656661756c7456616c7565223a6e756c6c2c226d6178223a6e756c6c2c226d696e223a302c22707265666978223a6e756c6c2c227072657669657743757272656e6379223a6e756c6c2c2270726576696577466f726d6174223a22646563696d616c222c2273697a65223a6e756c6c2c22737566666978223a6e756c6c7d\'','\'2023-11-01 20:42:35\'','\'2023-11-01 20:42:35\'','\'cd21de08-f4ca-4d17-a254-fe9c888c9258\''),('4','1','\'Description\'','\'description\'','\'global\'','\'wncjpcso\'','NULL','0','\'none\'','NULL','\'craft\\\\fields\\\\PlainText\'','X\'7b22627974654c696d6974223a6e756c6c2c22636861724c696d6974223a6e756c6c2c22636f6465223a66616c73652c22636f6c756d6e54797065223a6e756c6c2c22696e697469616c526f7773223a342c226d756c74696c696e65223a66616c73652c22706c616365686f6c646572223a6e756c6c2c2275694d6f6465223a226e6f726d616c227d\'','\'2023-11-01 20:43:17\'','\'2023-11-01 20:43:17\'','\'982fb029-5dca-4953-8ae8-1ccffee6b3b7\''),('5','1','\'Categorie\'','\'category\'','\'global\'','NULL','NULL','0','\'site\'','NULL','\'craft\\\\fields\\\\Categories\'','X\'7b22616c6c6f7753656c6652656c6174696f6e73223a66616c73652c226272616e63684c696d6974223a6e756c6c2c226c6f63616c697a6552656c6174696f6e73223a66616c73652c226d61696e7461696e486965726172636879223a747275652c226d617852656c6174696f6e73223a6e756c6c2c226d696e52656c6174696f6e73223a6e756c6c2c2273656c656374696f6e4c6162656c223a6e756c6c2c2273686f77536974654d656e75223a66616c73652c22736f75726365223a2267726f75703a32363339323964372d373130332d346636652d386538392d336236633166396536386463222c22746172676574536974654964223a6e756c6c2c2276616c696461746552656c61746564456c656d656e7473223a66616c73652c22766965774d6f6465223a6e756c6c7d\'','\'2023-11-04 22:16:50\'','\'2023-11-04 22:16:50\'','\'6e4365fc-160b-48dc-9f7d-85ad72b138fc\''),('6','1','\'Image\'','\'image\'','\'global\'','NULL','NULL','0','\'site\'','NULL','\'craft\\\\fields\\\\Assets\'','X\'7b22616c6c6f7753656c6652656c6174696f6e73223a66616c73652c22616c6c6f77537562666f6c64657273223a66616c73652c22616c6c6f7755706c6f616473223a747275652c22616c6c6f7765644b696e6473223a6e756c6c2c226272616e63684c696d6974223a6e756c6c2c2264656661756c7455706c6f61644c6f636174696f6e536f75726365223a22766f6c756d653a64376531623065612d376136302d343436342d616362332d663736636162306133383035222c2264656661756c7455706c6f61644c6f636174696f6e53756270617468223a227b736c75677d222c226c6f63616c697a6552656c6174696f6e73223a66616c73652c226d61696e7461696e486965726172636879223a66616c73652c226d617852656c6174696f6e73223a6e756c6c2c226d696e52656c6174696f6e73223a6e756c6c2c22707265766965774d6f6465223a2266756c6c222c22726573747269637446696c6573223a66616c73652c2272657374726963744c6f636174696f6e223a66616c73652c227265737472696374656444656661756c7455706c6f616453756270617468223a6e756c6c2c22726573747269637465644c6f636174696f6e536f75726365223a22766f6c756d653a64376531623065612d376136302d343436342d616362332d663736636162306133383035222c22726573747269637465644c6f636174696f6e53756270617468223a6e756c6c2c2273656c656374696f6e436f6e646974696f6e223a7b22656c656d656e7454797065223a2263726166745c5c656c656d656e74735c5c4173736574222c226669656c64436f6e74657874223a22676c6f62616c222c22636c617373223a2263726166745c5c656c656d656e74735c5c636f6e646974696f6e735c5c6173736574735c5c4173736574436f6e646974696f6e227d2c2273656c656374696f6e4c6162656c223a6e756c6c2c2273686f77536974654d656e75223a66616c73652c2273686f77556e7065726d697474656446696c6573223a66616c73652c2273686f77556e7065726d6974746564566f6c756d6573223a66616c73652c22736f7572636573223a5b22766f6c756d653a64376531623065612d376136302d343436342d616362332d663736636162306133383035225d2c22746172676574536974654964223a6e756c6c2c2276616c696461746552656c61746564456c656d656e7473223a66616c73652c22766965774d6f6465223a226c697374227d\'','\'2023-11-07 09:15:59\'','\'2023-11-07 09:15:59\'','\'af15f70b-19cc-45e2-9dbf-15b74f7e3cc7\''),('7','1','\'relatedProducts\'','\'relatedproducts\'','\'global\'','\'wrirorpm\'','NULL','0','\'none\'','NULL','\'craft\\\\fields\\\\PlainText\'','X\'7b22627974654c696d6974223a6e756c6c2c22636861724c696d6974223a6e756c6c2c22636f6465223a66616c73652c22636f6c756d6e54797065223a6e756c6c2c22696e697469616c526f7773223a342c226d756c74696c696e65223a66616c73652c22706c616365686f6c646572223a6e756c6c2c2275694d6f6465223a226e6f726d616c227d\'','\'2023-11-10 09:28:09\'','\'2023-11-10 09:28:09\'','\'5c361d1e-6017-4adf-8640-d5ae4697717b\'');




INSERT INTO imagetransformindex(id,assetId,transformer,filename,format,transformString,fileExists,inProgress,error,dateIndexed,dateCreated,dateUpdated,uid) VALUES('1','60','\'craft\\\\imagetransforms\\\\ImageTransformer\'','\'image.png\'','NULL','\'_34x19_crop_center-center_none\'','1','0','0','\'2023-11-07 09:12:31\'','\'2023-11-07 09:12:31\'','\'2023-11-07 09:12:32\'','\'761f0531-94ac-4d58-a44d-171b60c382ff\''),('2','60','\'craft\\\\imagetransforms\\\\ImageTransformer\'','\'image.png\'','NULL','\'_68x38_crop_center-center_none\'','1','0','0','\'2023-11-07 09:12:31\'','\'2023-11-07 09:12:31\'','\'2023-11-07 09:12:32\'','\'a7e72ea6-1753-4c18-94ce-03de4f11e347\''),('3','61','\'craft\\\\imagetransforms\\\\ImageTransformer\'','\'Web-capture_9-5-2023_163452_learn.umgc.edu-2.jpeg\'','NULL','\'_6x34_crop_center-center_none\'','1','0','0','\'2023-11-07 09:19:02\'','\'2023-11-07 09:19:02\'','\'2023-11-07 09:19:03\'','\'331decf3-0d6f-4232-9ea2-aed11b5135d3\''),('4','61','\'craft\\\\imagetransforms\\\\ImageTransformer\'','\'Web-capture_9-5-2023_163452_learn.umgc.edu-2.jpeg\'','NULL','\'_12x68_crop_center-center_none\'','1','0','0','\'2023-11-07 09:19:02\'','\'2023-11-07 09:19:02\'','\'2023-11-07 09:19:03\'','\'cb06c477-14f1-4eb9-bc9c-d071541dea6a\''),('5','64','\'craft\\\\imagetransforms\\\\ImageTransformer\'','\'PF_Playforever_PL-VF501_Verve_Leadbelly_Sonny_Lifestyle_02_672x672.jpeg\'','NULL','\'_34x34_crop_center-center_none\'','1','0','0','\'2023-11-07 09:20:04\'','\'2023-11-07 09:20:04\'','\'2023-11-07 09:20:04\'','\'a7a3daaa-3837-4d0a-b3bf-4504d555c04d\''),('6','64','\'craft\\\\imagetransforms\\\\ImageTransformer\'','\'PF_Playforever_PL-VF501_Verve_Leadbelly_Sonny_Lifestyle_02_672x672.jpeg\'','NULL','\'_68x68_crop_center-center_none\'','1','0','0','\'2023-11-07 09:20:04\'','\'2023-11-07 09:20:04\'','\'2023-11-07 09:20:04\'','\'ce83e5e8-63f2-4587-9ec7-850c44fa7f12\''),('7','67','\'craft\\\\imagetransforms\\\\ImageTransformer\'','\'iphone-12-combi-groen_2_600x600_BGresize_16777215-tj.png\'','NULL','\'_34x34_crop_center-center_none\'','1','0','0','\'2023-11-07 09:20:22\'','\'2023-11-07 09:20:22\'','\'2023-11-07 09:20:23\'','\'28e1a7ec-bf6c-44b2-b58c-f0e18daf8ee0\''),('8','67','\'craft\\\\imagetransforms\\\\ImageTransformer\'','\'iphone-12-combi-groen_2_600x600_BGresize_16777215-tj.png\'','NULL','\'_68x68_crop_center-center_none\'','1','0','0','\'2023-11-07 09:20:22\'','\'2023-11-07 09:20:22\'','\'2023-11-07 09:20:23\'','\'ff2c89de-1d2f-4827-aeca-28e324449220\''),('9','71','\'craft\\\\imagetransforms\\\\ImageTransformer\'','\'photo-1633332755192-727a05c4013d.avif\'','NULL','\'_34x34_crop_center-center_none\'','1','0','0','\'2023-11-07 09:24:51\'','\'2023-11-07 09:24:51\'','\'2023-11-07 09:24:52\'','\'79ba1b49-bd06-4617-9131-1cf6109f3826\''),('10','71','\'craft\\\\imagetransforms\\\\ImageTransformer\'','\'photo-1633332755192-727a05c4013d.avif\'','NULL','\'_68x68_crop_center-center_none\'','1','0','0','\'2023-11-07 09:24:51\'','\'2023-11-07 09:24:51\'','\'2023-11-07 09:24:53\'','\'1c978e4a-89ee-49cc-aca9-846cee143b81\''),('11','73','\'craft\\\\imagetransforms\\\\ImageTransformer\'','\'photo-1633332755192-727a05c4013d_2023-11-07-092523_jvzg.avif\'','NULL','\'_34x34_crop_center-center_none\'','1','0','0','\'2023-11-07 09:25:23\'','\'2023-11-07 09:25:23\'','\'2023-11-07 09:25:24\'','\'bccca509-9e72-4f7b-abde-a895a4d117fa\''),('12','73','\'craft\\\\imagetransforms\\\\ImageTransformer\'','\'photo-1633332755192-727a05c4013d_2023-11-07-092523_jvzg.avif\'','NULL','\'_68x68_crop_center-center_none\'','1','0','0','\'2023-11-07 09:25:23\'','\'2023-11-07 09:25:23\'','\'2023-11-07 09:25:25\'','\'dac722f2-a340-4130-97e5-875ff7cbbbef\''),('13','85','\'craft\\\\imagetransforms\\\\ImageTransformer\'','\'1771930.jpg\'','NULL','\'_34x34_crop_center-center_none\'','1','0','0','\'2023-11-08 18:14:18\'','\'2023-11-08 18:14:18\'','\'2023-11-08 18:14:19\'','\'c6768e78-f436-466e-a039-dc992a31fb80\''),('14','85','\'craft\\\\imagetransforms\\\\ImageTransformer\'','\'1771930.jpg\'','NULL','\'_68x68_crop_center-center_none\'','1','0','0','\'2023-11-08 18:14:18\'','\'2023-11-08 18:14:18\'','\'2023-11-08 18:14:19\'','\'c35a8544-47a9-450d-b33c-a0b69693500f\''),('15','86','\'craft\\\\imagetransforms\\\\ImageTransformer\'','\'1571792.jpg\'','NULL','\'_25x34_crop_center-center_none\'','1','0','0','\'2023-11-08 18:14:19\'','\'2023-11-08 18:14:19\'','\'2023-11-08 18:14:19\'','\'215b4c57-8d10-488d-ac7b-cc7e60f7e71d\''),('16','86','\'craft\\\\imagetransforms\\\\ImageTransformer\'','\'1571792.jpg\'','NULL','\'_50x68_crop_center-center_none\'','1','0','0','\'2023-11-08 18:14:19\'','\'2023-11-08 18:14:19\'','\'2023-11-08 18:14:19\'','\'045486cf-c28c-4cb7-89a2-9efec4b97bdd\''),('17','100','\'craft\\\\imagetransforms\\\\ImageTransformer\'','\'hp_prodesk_400_g1_sff_2_monitoren.jpg\'','NULL','\'_34x25_crop_center-center_none\'','1','0','0','\'2023-11-10 10:01:34\'','\'2023-11-10 10:01:34\'','\'2023-11-10 10:01:34\'','\'298319da-c1c7-4b22-8d14-e3d9f069054a\''),('18','100','\'craft\\\\imagetransforms\\\\ImageTransformer\'','\'hp_prodesk_400_g1_sff_2_monitoren.jpg\'','NULL','\'_68x50_crop_center-center_none\'','1','0','0','\'2023-11-10 10:01:34\'','\'2023-11-10 10:01:34\'','\'2023-11-10 10:01:34\'','\'06e174f7-1e84-43a4-807a-3bb3ea2b7e1f\''),('19','103','\'craft\\\\imagetransforms\\\\ImageTransformer\'','\'a-bird-with-the-word-eagle-on-its-wings_1340-33393.jpg\'','NULL','\'_34x22_crop_center-center_none\'','1','0','0','\'2023-11-11 21:42:57\'','\'2023-11-11 21:42:57\'','\'2023-11-11 21:42:58\'','\'55618e2a-55f2-44b4-8918-965397a75962\''),('20','103','\'craft\\\\imagetransforms\\\\ImageTransformer\'','\'a-bird-with-the-word-eagle-on-its-wings_1340-33393.jpg\'','NULL','\'_68x45_crop_center-center_none\'','1','0','0','\'2023-11-11 21:42:57\'','\'2023-11-11 21:42:57\'','\'2023-11-11 21:42:59\'','\'2e15f48c-3af9-49e8-ace8-53a9423df143\''),('21','111','\'craft\\\\imagetransforms\\\\ImageTransformer\'','\'maxresdefault.jpg\'','NULL','\'_34x19_crop_center-center_none\'','1','0','0','\'2023-11-11 22:02:39\'','\'2023-11-11 22:02:39\'','\'2023-11-11 22:02:39\'','\'d4c32c15-18fa-406a-9d45-79e2b4a94882\''),('22','111','\'craft\\\\imagetransforms\\\\ImageTransformer\'','\'maxresdefault.jpg\'','NULL','\'_68x38_crop_center-center_none\'','1','0','0','\'2023-11-11 22:02:39\'','\'2023-11-11 22:02:39\'','\'2023-11-11 22:02:39\'','\'c74dd7a8-b886-4ff6-90b9-9889f946410b\'');


INSERT INTO info(id,version,schemaVersion,maintenance,configVersion,fieldVersion,dateCreated,dateUpdated,uid) VALUES('1','\'4.5.10\'','\'4.5.3.0\'','0','\'njfzilisbrmr\'','\'3@ezsffjfvkw\'','\'2023-10-31 12:08:32\'','\'2023-11-11 22:02:00\'','\'8501c4e6-a987-49bd-9b8d-a8eb6b7178a0\'');




INSERT INTO migrations(id,track,name,applyTime,dateCreated,dateUpdated,uid) VALUES('1','\'craft\'','\'Install\'','\'2023-10-31 12:08:33\'','\'2023-10-31 12:08:33\'','\'2023-10-31 12:08:33\'','\'7671fca3-ff2a-44fe-8bab-17ddb375221e\''),('2','\'craft\'','\'m210121_145800_asset_indexing_changes\'','\'2023-10-31 12:08:33\'','\'2023-10-31 12:08:33\'','\'2023-10-31 12:08:33\'','\'acc5c375-ef34-4fd9-9411-4d469eb216e7\''),('3','\'craft\'','\'m210624_222934_drop_deprecated_tables\'','\'2023-10-31 12:08:33\'','\'2023-10-31 12:08:33\'','\'2023-10-31 12:08:33\'','\'46348a51-b2bd-444c-b7df-05ffa5df3b92\''),('4','\'craft\'','\'m210724_180756_rename_source_cols\'','\'2023-10-31 12:08:33\'','\'2023-10-31 12:08:33\'','\'2023-10-31 12:08:33\'','\'c4062eb6-f80f-4f6b-a305-62d4f3e5ccef\''),('5','\'craft\'','\'m210809_124211_remove_superfluous_uids\'','\'2023-10-31 12:08:33\'','\'2023-10-31 12:08:33\'','\'2023-10-31 12:08:33\'','\'7654d288-e77c-4b32-bc7c-6fabbe77dd9a\''),('6','\'craft\'','\'m210817_014201_universal_users\'','\'2023-10-31 12:08:33\'','\'2023-10-31 12:08:33\'','\'2023-10-31 12:08:33\'','\'ebda2736-5ddb-4b2f-af46-05a0a0591204\''),('7','\'craft\'','\'m210904_132612_store_element_source_settings_in_project_config\'','\'2023-10-31 12:08:33\'','\'2023-10-31 12:08:33\'','\'2023-10-31 12:08:33\'','\'b49d0f6b-1374-402b-a38b-67ff55997222\''),('8','\'craft\'','\'m211115_135500_image_transformers\'','\'2023-10-31 12:08:33\'','\'2023-10-31 12:08:33\'','\'2023-10-31 12:08:33\'','\'d9300279-a733-4349-98fd-4cb190b73850\''),('9','\'craft\'','\'m211201_131000_filesystems\'','\'2023-10-31 12:08:33\'','\'2023-10-31 12:08:33\'','\'2023-10-31 12:08:33\'','\'3573f59a-7e3a-406b-9025-4c7723e74482\''),('10','\'craft\'','\'m220103_043103_tab_conditions\'','\'2023-10-31 12:08:33\'','\'2023-10-31 12:08:33\'','\'2023-10-31 12:08:33\'','\'3540ae94-1e63-4fda-8305-57eed466fafa\''),('11','\'craft\'','\'m220104_003433_asset_alt_text\'','\'2023-10-31 12:08:33\'','\'2023-10-31 12:08:33\'','\'2023-10-31 12:08:33\'','\'ade06649-f020-454b-9721-0def12464003\''),('12','\'craft\'','\'m220123_213619_update_permissions\'','\'2023-10-31 12:08:33\'','\'2023-10-31 12:08:33\'','\'2023-10-31 12:08:33\'','\'9f93598e-4055-4446-824a-6b8983c3a8f7\''),('13','\'craft\'','\'m220126_003432_addresses\'','\'2023-10-31 12:08:33\'','\'2023-10-31 12:08:33\'','\'2023-10-31 12:08:33\'','\'b8b35519-cbad-422f-a873-e32cc82798d5\''),('14','\'craft\'','\'m220209_095604_add_indexes\'','\'2023-10-31 12:08:33\'','\'2023-10-31 12:08:33\'','\'2023-10-31 12:08:33\'','\'7b455c5f-f5d1-49e9-8b79-47f57082a91a\''),('15','\'craft\'','\'m220213_015220_matrixblocks_owners_table\'','\'2023-10-31 12:08:33\'','\'2023-10-31 12:08:33\'','\'2023-10-31 12:08:33\'','\'8674ff29-2b96-400d-8919-728760be9f49\''),('16','\'craft\'','\'m220214_000000_truncate_sessions\'','\'2023-10-31 12:08:33\'','\'2023-10-31 12:08:33\'','\'2023-10-31 12:08:33\'','\'321f710f-5f1c-401d-8f06-8256df1238a2\''),('17','\'craft\'','\'m220222_122159_full_names\'','\'2023-10-31 12:08:33\'','\'2023-10-31 12:08:33\'','\'2023-10-31 12:08:33\'','\'ee0d5eb5-0c8c-4cb1-9c80-c094b0972e9d\''),('18','\'craft\'','\'m220223_180559_nullable_address_owner\'','\'2023-10-31 12:08:33\'','\'2023-10-31 12:08:33\'','\'2023-10-31 12:08:33\'','\'c065ccb3-ae2c-4541-b03f-10d6b68c9439\''),('19','\'craft\'','\'m220225_165000_transform_filesystems\'','\'2023-10-31 12:08:33\'','\'2023-10-31 12:08:33\'','\'2023-10-31 12:08:33\'','\'026a2d68-e581-493c-86e5-54c1148bdf08\''),('20','\'craft\'','\'m220309_152006_rename_field_layout_elements\'','\'2023-10-31 12:08:33\'','\'2023-10-31 12:08:33\'','\'2023-10-31 12:08:33\'','\'d3099b4e-203c-4005-945b-2dba0272bc39\''),('21','\'craft\'','\'m220314_211928_field_layout_element_uids\'','\'2023-10-31 12:08:33\'','\'2023-10-31 12:08:33\'','\'2023-10-31 12:08:33\'','\'44c86cbd-e934-4404-8875-a0f56c92a105\''),('22','\'craft\'','\'m220316_123800_transform_fs_subpath\'','\'2023-10-31 12:08:33\'','\'2023-10-31 12:08:33\'','\'2023-10-31 12:08:33\'','\'c5b4d16a-83c3-4f97-bd83-a25a0d4e3bd2\''),('23','\'craft\'','\'m220317_174250_release_all_jobs\'','\'2023-10-31 12:08:33\'','\'2023-10-31 12:08:33\'','\'2023-10-31 12:08:33\'','\'493d87d0-5d02-42d1-a5c9-3c7d756fff86\''),('24','\'craft\'','\'m220330_150000_add_site_gql_schema_components\'','\'2023-10-31 12:08:33\'','\'2023-10-31 12:08:33\'','\'2023-10-31 12:08:33\'','\'fa5b64ac-9971-4f78-b1f4-bb432f6806c5\''),('25','\'craft\'','\'m220413_024536_site_enabled_string\'','\'2023-10-31 12:08:33\'','\'2023-10-31 12:08:33\'','\'2023-10-31 12:08:33\'','\'c608c474-4e5d-4c6e-8549-d22a23771045\''),('26','\'craft\'','\'m221027_160703_add_image_transform_fill\'','\'2023-10-31 12:08:33\'','\'2023-10-31 12:08:33\'','\'2023-10-31 12:08:33\'','\'6d23c7ca-88ad-44a0-b6b0-9c87267c2dfa\''),('27','\'craft\'','\'m221028_130548_add_canonical_id_index\'','\'2023-10-31 12:08:33\'','\'2023-10-31 12:08:33\'','\'2023-10-31 12:08:33\'','\'81aab45c-cfdf-4b86-a875-d8ef57845117\''),('28','\'craft\'','\'m221118_003031_drop_element_fks\'','\'2023-10-31 12:08:33\'','\'2023-10-31 12:08:33\'','\'2023-10-31 12:08:33\'','\'0cdf6867-82d8-4eca-915a-af9967a158aa\''),('29','\'craft\'','\'m230131_120713_asset_indexing_session_new_options\'','\'2023-10-31 12:08:33\'','\'2023-10-31 12:08:33\'','\'2023-10-31 12:08:33\'','\'b9964ce7-79e1-4321-9b6d-a3e78ea4a21f\''),('30','\'craft\'','\'m230226_013114_drop_plugin_license_columns\'','\'2023-10-31 12:08:33\'','\'2023-10-31 12:08:33\'','\'2023-10-31 12:08:33\'','\'1177c65b-7788-4d90-875c-993750da4f55\''),('31','\'craft\'','\'m230531_123004_add_entry_type_show_status_field\'','\'2023-10-31 12:08:33\'','\'2023-10-31 12:08:33\'','\'2023-10-31 12:08:33\'','\'e7798ac5-7bd7-4d60-a034-fa39f537a727\''),('32','\'craft\'','\'m230607_102049_add_entrytype_slug_translation_columns\'','\'2023-10-31 12:08:33\'','\'2023-10-31 12:08:33\'','\'2023-10-31 12:08:33\'','\'f02fd790-6957-4c4c-aa5c-a0e1ed418bfd\''),('33','\'craft\'','\'m230710_162700_element_activity\'','\'2023-10-31 12:08:33\'','\'2023-10-31 12:08:33\'','\'2023-10-31 12:08:33\'','\'5a6987fd-1118-441a-b91d-57417b50691b\''),('34','\'craft\'','\'m230820_162023_fix_cache_id_type\'','\'2023-10-31 12:08:33\'','\'2023-10-31 12:08:33\'','\'2023-10-31 12:08:33\'','\'d949919c-a4b0-4435-badb-13a9f0ddbf68\''),('35','\'craft\'','\'m230826_094050_fix_session_id_type\'','\'2023-10-31 12:08:33\'','\'2023-10-31 12:08:33\'','\'2023-10-31 12:08:33\'','\'1f73ad51-7d52-4634-b2f8-cfafec0ed71f\''),('36','\'plugin:ckeditor\'','\'Install\'','\'2023-10-31 20:27:36\'','\'2023-10-31 20:27:36\'','\'2023-10-31 20:27:36\'','\'3b5de236-23c6-45e6-b1c8-73e7e1b060d9\''),('37','\'plugin:ckeditor\'','\'m230408_163704_v3_upgrade\'','\'2023-10-31 20:27:37\'','\'2023-10-31 20:27:37\'','\'2023-10-31 20:27:37\'','\'f374569b-9f57-43fb-bef0-5c5bb36ae423\''),('38','\'plugin:wheelform\'','\'Install\'','\'2023-11-08 19:06:28\'','\'2023-11-08 19:06:28\'','\'2023-11-08 19:06:28\'','\'e58a6d73-986e-4d07-ba4d-69498d89a962\''),('39','\'plugin:wheelform\'','\'m180407_040301_add_index_view_column_to_form_fields_table\'','\'2023-11-08 19:06:28\'','\'2023-11-08 19:06:28\'','\'2023-11-08 19:06:28\'','\'a60af68e-ce6b-4c5d-af26-82aa0e92627f\''),('40','\'plugin:wheelform\'','\'m180407_170219_add_active_column_to_form_fields\'','\'2023-11-08 19:06:28\'','\'2023-11-08 19:06:28\'','\'2023-11-08 19:06:28\'','\'7dc54bae-c603-4daa-bd58-6503dd653510\''),('41','\'plugin:wheelform\'','\'m180430_232743_add_read_column_to_message\'','\'2023-11-08 19:06:28\'','\'2023-11-08 19:06:28\'','\'2023-11-08 19:06:28\'','\'abd7eed4-ce05-47d4-8b96-dc40a25025c9\''),('42','\'plugin:wheelform\'','\'m180602_051517_AddOrderToField\'','\'2023-11-08 19:06:28\'','\'2023-11-08 19:06:28\'','\'2023-11-08 19:06:28\'','\'75c2a420-ab41-47a8-b658-051a43ffc76b\''),('43','\'plugin:wheelform\'','\'m180802_015031_save_entry_to_forms_table\'','\'2023-11-08 19:06:28\'','\'2023-11-08 19:06:28\'','\'2023-11-08 19:06:28\'','\'1b97b51a-21f0-4951-a9f1-6379674c13a7\''),('44','\'plugin:wheelform\'','\'m180804_230709_add_options_to_form_fields\'','\'2023-11-08 19:06:28\'','\'2023-11-08 19:06:28\'','\'2023-11-08 19:06:28\'','\'32e137fd-34d1-4218-817d-2886366a1d27\''),('45','\'plugin:wheelform\'','\'m180814_230614_add_options_column_forms_table\'','\'2023-11-08 19:06:28\'','\'2023-11-08 19:06:28\'','\'2023-11-08 19:06:28\'','\'707af7ab-e6ed-40f4-89ec-a6200ee71cb2\'');

INSERT INTO plugins(id,handle,version,schemaVersion,installDate,dateCreated,dateUpdated,uid) VALUES('1','\'ckeditor\'','\'3.6.0\'','\'3.0.0.0\'','\'2023-10-31 20:27:36\'','\'2023-10-31 20:27:36\'','\'2023-10-31 20:27:36\'','\'845e9551-e908-42ca-afa8-0c3a735b67c4\''),('2','\'wheelform\'','\'3.1.7\'','\'2.0.0\'','\'2023-11-08 19:06:27\'','\'2023-11-08 19:06:27\'','\'2023-11-08 19:06:27\'','\'b38a87b0-e9e0-41c8-8717-852086bfdf52\'');

INSERT INTO projectconfig(path,value) VALUES('\'categoryGroups.263929d7-7103-4f6e-8e89-3b6c1f9e68dc.defaultPlacement\'','X\'22656e6422\''),('\'categoryGroups.263929d7-7103-4f6e-8e89-3b6c1f9e68dc.fieldLayouts.feeaf542-cf9f-4c70-955a-4b3afbdd6113.tabs.0.elementCondition\'','X\'6e756c6c\''),('\'categoryGroups.263929d7-7103-4f6e-8e89-3b6c1f9e68dc.fieldLayouts.feeaf542-cf9f-4c70-955a-4b3afbdd6113.tabs.0.elements.0.autocapitalize\'','X\'74727565\''),('\'categoryGroups.263929d7-7103-4f6e-8e89-3b6c1f9e68dc.fieldLayouts.feeaf542-cf9f-4c70-955a-4b3afbdd6113.tabs.0.elements.0.autocomplete\'','X\'66616c7365\''),('\'categoryGroups.263929d7-7103-4f6e-8e89-3b6c1f9e68dc.fieldLayouts.feeaf542-cf9f-4c70-955a-4b3afbdd6113.tabs.0.elements.0.autocorrect\'','X\'74727565\''),('\'categoryGroups.263929d7-7103-4f6e-8e89-3b6c1f9e68dc.fieldLayouts.feeaf542-cf9f-4c70-955a-4b3afbdd6113.tabs.0.elements.0.class\'','X\'6e756c6c\''),('\'categoryGroups.263929d7-7103-4f6e-8e89-3b6c1f9e68dc.fieldLayouts.feeaf542-cf9f-4c70-955a-4b3afbdd6113.tabs.0.elements.0.disabled\'','X\'66616c7365\''),('\'categoryGroups.263929d7-7103-4f6e-8e89-3b6c1f9e68dc.fieldLayouts.feeaf542-cf9f-4c70-955a-4b3afbdd6113.tabs.0.elements.0.elementCondition\'','X\'6e756c6c\''),('\'categoryGroups.263929d7-7103-4f6e-8e89-3b6c1f9e68dc.fieldLayouts.feeaf542-cf9f-4c70-955a-4b3afbdd6113.tabs.0.elements.0.id\'','X\'6e756c6c\''),('\'categoryGroups.263929d7-7103-4f6e-8e89-3b6c1f9e68dc.fieldLayouts.feeaf542-cf9f-4c70-955a-4b3afbdd6113.tabs.0.elements.0.instructions\'','X\'6e756c6c\''),('\'categoryGroups.263929d7-7103-4f6e-8e89-3b6c1f9e68dc.fieldLayouts.feeaf542-cf9f-4c70-955a-4b3afbdd6113.tabs.0.elements.0.label\'','X\'6e756c6c\''),('\'categoryGroups.263929d7-7103-4f6e-8e89-3b6c1f9e68dc.fieldLayouts.feeaf542-cf9f-4c70-955a-4b3afbdd6113.tabs.0.elements.0.max\'','X\'6e756c6c\''),('\'categoryGroups.263929d7-7103-4f6e-8e89-3b6c1f9e68dc.fieldLayouts.feeaf542-cf9f-4c70-955a-4b3afbdd6113.tabs.0.elements.0.min\'','X\'6e756c6c\''),('\'categoryGroups.263929d7-7103-4f6e-8e89-3b6c1f9e68dc.fieldLayouts.feeaf542-cf9f-4c70-955a-4b3afbdd6113.tabs.0.elements.0.name\'','X\'6e756c6c\''),('\'categoryGroups.263929d7-7103-4f6e-8e89-3b6c1f9e68dc.fieldLayouts.feeaf542-cf9f-4c70-955a-4b3afbdd6113.tabs.0.elements.0.orientation\'','X\'6e756c6c\''),('\'categoryGroups.263929d7-7103-4f6e-8e89-3b6c1f9e68dc.fieldLayouts.feeaf542-cf9f-4c70-955a-4b3afbdd6113.tabs.0.elements.0.placeholder\'','X\'6e756c6c\''),('\'categoryGroups.263929d7-7103-4f6e-8e89-3b6c1f9e68dc.fieldLayouts.feeaf542-cf9f-4c70-955a-4b3afbdd6113.tabs.0.elements.0.readonly\'','X\'66616c7365\''),('\'categoryGroups.263929d7-7103-4f6e-8e89-3b6c1f9e68dc.fieldLayouts.feeaf542-cf9f-4c70-955a-4b3afbdd6113.tabs.0.elements.0.requirable\'','X\'66616c7365\''),('\'categoryGroups.263929d7-7103-4f6e-8e89-3b6c1f9e68dc.fieldLayouts.feeaf542-cf9f-4c70-955a-4b3afbdd6113.tabs.0.elements.0.size\'','X\'6e756c6c\''),('\'categoryGroups.263929d7-7103-4f6e-8e89-3b6c1f9e68dc.fieldLayouts.feeaf542-cf9f-4c70-955a-4b3afbdd6113.tabs.0.elements.0.step\'','X\'6e756c6c\''),('\'categoryGroups.263929d7-7103-4f6e-8e89-3b6c1f9e68dc.fieldLayouts.feeaf542-cf9f-4c70-955a-4b3afbdd6113.tabs.0.elements.0.tip\'','X\'6e756c6c\''),('\'categoryGroups.263929d7-7103-4f6e-8e89-3b6c1f9e68dc.fieldLayouts.feeaf542-cf9f-4c70-955a-4b3afbdd6113.tabs.0.elements.0.title\'','X\'6e756c6c\''),('\'categoryGroups.263929d7-7103-4f6e-8e89-3b6c1f9e68dc.fieldLayouts.feeaf542-cf9f-4c70-955a-4b3afbdd6113.tabs.0.elements.0.type\'','X\'2263726166745c5c6669656c646c61796f7574656c656d656e74735c5c5469746c654669656c6422\''),('\'categoryGroups.263929d7-7103-4f6e-8e89-3b6c1f9e68dc.fieldLayouts.feeaf542-cf9f-4c70-955a-4b3afbdd6113.tabs.0.elements.0.uid\'','X\'2237623832313463352d303134302d343463632d616335662d30366662633232653039373522\''),('\'categoryGroups.263929d7-7103-4f6e-8e89-3b6c1f9e68dc.fieldLayouts.feeaf542-cf9f-4c70-955a-4b3afbdd6113.tabs.0.elements.0.userCondition\'','X\'6e756c6c\''),('\'categoryGroups.263929d7-7103-4f6e-8e89-3b6c1f9e68dc.fieldLayouts.feeaf542-cf9f-4c70-955a-4b3afbdd6113.tabs.0.elements.0.warning\'','X\'6e756c6c\''),('\'categoryGroups.263929d7-7103-4f6e-8e89-3b6c1f9e68dc.fieldLayouts.feeaf542-cf9f-4c70-955a-4b3afbdd6113.tabs.0.elements.0.width\'','X\'313030\''),('\'categoryGroups.263929d7-7103-4f6e-8e89-3b6c1f9e68dc.fieldLayouts.feeaf542-cf9f-4c70-955a-4b3afbdd6113.tabs.0.name\'','X\'22436f6e74656e7422\''),('\'categoryGroups.263929d7-7103-4f6e-8e89-3b6c1f9e68dc.fieldLayouts.feeaf542-cf9f-4c70-955a-4b3afbdd6113.tabs.0.uid\'','X\'2263663430376435312d356232342d343163332d386537362d39303365306566303235613622\''),('\'categoryGroups.263929d7-7103-4f6e-8e89-3b6c1f9e68dc.fieldLayouts.feeaf542-cf9f-4c70-955a-4b3afbdd6113.tabs.0.userCondition\'','X\'6e756c6c\''),('\'categoryGroups.263929d7-7103-4f6e-8e89-3b6c1f9e68dc.handle\'','X\'2263617465676f7269657322\''),('\'categoryGroups.263929d7-7103-4f6e-8e89-3b6c1f9e68dc.name\'','X\'2250726f64756374732043617465676f7269657322\''),('\'categoryGroups.263929d7-7103-4f6e-8e89-3b6c1f9e68dc.siteSettings.839dd7f1-0eb7-4069-bdb9-16ffd00a4887.hasUrls\'','X\'74727565\''),('\'categoryGroups.263929d7-7103-4f6e-8e89-3b6c1f9e68dc.siteSettings.839dd7f1-0eb7-4069-bdb9-16ffd00a4887.template\'','X\'2270726f647563742f696e6465782e7477696722\''),('\'categoryGroups.263929d7-7103-4f6e-8e89-3b6c1f9e68dc.siteSettings.839dd7f1-0eb7-4069-bdb9-16ffd00a4887.uriFormat\'','X\'2270726f64756374732f6361742f7b736c75677d22\''),('\'categoryGroups.263929d7-7103-4f6e-8e89-3b6c1f9e68dc.structure.maxLevels\'','X\'32\''),('\'categoryGroups.263929d7-7103-4f6e-8e89-3b6c1f9e68dc.structure.uid\'','X\'2232373465373263622d633235382d343464322d383036642d66623064306233393962666322\''),('\'ckeditor.configs.399d1529-28af-49f6-9eef-32bdcfb6fec8.headingLevels.0\'','X\'31\''),('\'ckeditor.configs.399d1529-28af-49f6-9eef-32bdcfb6fec8.headingLevels.1\'','X\'32\''),('\'ckeditor.configs.399d1529-28af-49f6-9eef-32bdcfb6fec8.headingLevels.2\'','X\'33\''),('\'ckeditor.configs.399d1529-28af-49f6-9eef-32bdcfb6fec8.headingLevels.3\'','X\'34\''),('\'ckeditor.configs.399d1529-28af-49f6-9eef-32bdcfb6fec8.headingLevels.4\'','X\'35\''),('\'ckeditor.configs.399d1529-28af-49f6-9eef-32bdcfb6fec8.headingLevels.5\'','X\'36\''),('\'ckeditor.configs.399d1529-28af-49f6-9eef-32bdcfb6fec8.listPlugin\'','X\'224c69737422\''),('\'ckeditor.configs.399d1529-28af-49f6-9eef-32bdcfb6fec8.name\'','X\'2253696d706c6522\''),('\'ckeditor.configs.399d1529-28af-49f6-9eef-32bdcfb6fec8.toolbar.0\'','X\'2268656164696e6722\''),('\'ckeditor.configs.399d1529-28af-49f6-9eef-32bdcfb6fec8.toolbar.1\'','X\'227c22\''),('\'ckeditor.configs.399d1529-28af-49f6-9eef-32bdcfb6fec8.toolbar.2\'','X\'22626f6c6422\''),('\'ckeditor.configs.399d1529-28af-49f6-9eef-32bdcfb6fec8.toolbar.3\'','X\'226974616c696322\''),('\'ckeditor.configs.399d1529-28af-49f6-9eef-32bdcfb6fec8.toolbar.4\'','X\'226c696e6b22\''),('\'dateModified\'','X\'31363939373430313230\''),('\'email.fromEmail\'','X\'2264796d6f7669636832303135406d61696c2e727522\''),('\'email.fromName\'','X\'22637261667422\''),('\'email.transportType\'','X\'2263726166745c5c6d61696c5c5c7472616e73706f727461646170746572735c5c53656e646d61696c22\''),('\'entryTypes.668e7aaa-8b94-4b22-b980-38e1701e7d20.fieldLayouts.395597df-a0fb-472d-92b8-ae28e9329bf1.tabs.0.elementCondition\'','X\'6e756c6c\''),('\'entryTypes.668e7aaa-8b94-4b22-b980-38e1701e7d20.fieldLayouts.395597df-a0fb-472d-92b8-ae28e9329bf1.tabs.0.elements.0.autocapitalize\'','X\'74727565\''),('\'entryTypes.668e7aaa-8b94-4b22-b980-38e1701e7d20.fieldLayouts.395597df-a0fb-472d-92b8-ae28e9329bf1.tabs.0.elements.0.autocomplete\'','X\'66616c7365\''),('\'entryTypes.668e7aaa-8b94-4b22-b980-38e1701e7d20.fieldLayouts.395597df-a0fb-472d-92b8-ae28e9329bf1.tabs.0.elements.0.autocorrect\'','X\'74727565\''),('\'entryTypes.668e7aaa-8b94-4b22-b980-38e1701e7d20.fieldLayouts.395597df-a0fb-472d-92b8-ae28e9329bf1.tabs.0.elements.0.class\'','X\'6e756c6c\''),('\'entryTypes.668e7aaa-8b94-4b22-b980-38e1701e7d20.fieldLayouts.395597df-a0fb-472d-92b8-ae28e9329bf1.tabs.0.elements.0.disabled\'','X\'66616c7365\''),('\'entryTypes.668e7aaa-8b94-4b22-b980-38e1701e7d20.fieldLayouts.395597df-a0fb-472d-92b8-ae28e9329bf1.tabs.0.elements.0.elementCondition\'','X\'6e756c6c\''),('\'entryTypes.668e7aaa-8b94-4b22-b980-38e1701e7d20.fieldLayouts.395597df-a0fb-472d-92b8-ae28e9329bf1.tabs.0.elements.0.id\'','X\'6e756c6c\''),('\'entryTypes.668e7aaa-8b94-4b22-b980-38e1701e7d20.fieldLayouts.395597df-a0fb-472d-92b8-ae28e9329bf1.tabs.0.elements.0.instructions\'','X\'6e756c6c\''),('\'entryTypes.668e7aaa-8b94-4b22-b980-38e1701e7d20.fieldLayouts.395597df-a0fb-472d-92b8-ae28e9329bf1.tabs.0.elements.0.label\'','X\'6e756c6c\''),('\'entryTypes.668e7aaa-8b94-4b22-b980-38e1701e7d20.fieldLayouts.395597df-a0fb-472d-92b8-ae28e9329bf1.tabs.0.elements.0.max\'','X\'6e756c6c\''),('\'entryTypes.668e7aaa-8b94-4b22-b980-38e1701e7d20.fieldLayouts.395597df-a0fb-472d-92b8-ae28e9329bf1.tabs.0.elements.0.min\'','X\'6e756c6c\''),('\'entryTypes.668e7aaa-8b94-4b22-b980-38e1701e7d20.fieldLayouts.395597df-a0fb-472d-92b8-ae28e9329bf1.tabs.0.elements.0.name\'','X\'6e756c6c\''),('\'entryTypes.668e7aaa-8b94-4b22-b980-38e1701e7d20.fieldLayouts.395597df-a0fb-472d-92b8-ae28e9329bf1.tabs.0.elements.0.orientation\'','X\'6e756c6c\''),('\'entryTypes.668e7aaa-8b94-4b22-b980-38e1701e7d20.fieldLayouts.395597df-a0fb-472d-92b8-ae28e9329bf1.tabs.0.elements.0.placeholder\'','X\'6e756c6c\''),('\'entryTypes.668e7aaa-8b94-4b22-b980-38e1701e7d20.fieldLayouts.395597df-a0fb-472d-92b8-ae28e9329bf1.tabs.0.elements.0.readonly\'','X\'66616c7365\''),('\'entryTypes.668e7aaa-8b94-4b22-b980-38e1701e7d20.fieldLayouts.395597df-a0fb-472d-92b8-ae28e9329bf1.tabs.0.elements.0.requirable\'','X\'66616c7365\''),('\'entryTypes.668e7aaa-8b94-4b22-b980-38e1701e7d20.fieldLayouts.395597df-a0fb-472d-92b8-ae28e9329bf1.tabs.0.elements.0.size\'','X\'6e756c6c\''),('\'entryTypes.668e7aaa-8b94-4b22-b980-38e1701e7d20.fieldLayouts.395597df-a0fb-472d-92b8-ae28e9329bf1.tabs.0.elements.0.step\'','X\'6e756c6c\''),('\'entryTypes.668e7aaa-8b94-4b22-b980-38e1701e7d20.fieldLayouts.395597df-a0fb-472d-92b8-ae28e9329bf1.tabs.0.elements.0.tip\'','X\'6e756c6c\''),('\'entryTypes.668e7aaa-8b94-4b22-b980-38e1701e7d20.fieldLayouts.395597df-a0fb-472d-92b8-ae28e9329bf1.tabs.0.elements.0.title\'','X\'6e756c6c\''),('\'entryTypes.668e7aaa-8b94-4b22-b980-38e1701e7d20.fieldLayouts.395597df-a0fb-472d-92b8-ae28e9329bf1.tabs.0.elements.0.type\'','X\'2263726166745c5c6669656c646c61796f7574656c656d656e74735c5c656e74726965735c5c456e7472795469746c654669656c6422\''),('\'entryTypes.668e7aaa-8b94-4b22-b980-38e1701e7d20.fieldLayouts.395597df-a0fb-472d-92b8-ae28e9329bf1.tabs.0.elements.0.uid\'','X\'2263356236323236322d356265322d346362652d393134622d38343261663565363132393122\''),('\'entryTypes.668e7aaa-8b94-4b22-b980-38e1701e7d20.fieldLayouts.395597df-a0fb-472d-92b8-ae28e9329bf1.tabs.0.elements.0.userCondition\'','X\'6e756c6c\''),('\'entryTypes.668e7aaa-8b94-4b22-b980-38e1701e7d20.fieldLayouts.395597df-a0fb-472d-92b8-ae28e9329bf1.tabs.0.elements.0.warning\'','X\'6e756c6c\''),('\'entryTypes.668e7aaa-8b94-4b22-b980-38e1701e7d20.fieldLayouts.395597df-a0fb-472d-92b8-ae28e9329bf1.tabs.0.elements.0.width\'','X\'313030\''),('\'entryTypes.668e7aaa-8b94-4b22-b980-38e1701e7d20.fieldLayouts.395597df-a0fb-472d-92b8-ae28e9329bf1.tabs.0.elements.1.elementCondition\'','X\'6e756c6c\''),('\'entryTypes.668e7aaa-8b94-4b22-b980-38e1701e7d20.fieldLayouts.395597df-a0fb-472d-92b8-ae28e9329bf1.tabs.0.elements.1.fieldUid\'','X\'2239383266623032392d356463612d343935332d386165382d31636366666565366233623722\''),('\'entryTypes.668e7aaa-8b94-4b22-b980-38e1701e7d20.fieldLayouts.395597df-a0fb-472d-92b8-ae28e9329bf1.tabs.0.elements.1.instructions\'','X\'6e756c6c\''),('\'entryTypes.668e7aaa-8b94-4b22-b980-38e1701e7d20.fieldLayouts.395597df-a0fb-472d-92b8-ae28e9329bf1.tabs.0.elements.1.label\'','X\'6e756c6c\''),('\'entryTypes.668e7aaa-8b94-4b22-b980-38e1701e7d20.fieldLayouts.395597df-a0fb-472d-92b8-ae28e9329bf1.tabs.0.elements.1.required\'','X\'66616c7365\''),('\'entryTypes.668e7aaa-8b94-4b22-b980-38e1701e7d20.fieldLayouts.395597df-a0fb-472d-92b8-ae28e9329bf1.tabs.0.elements.1.tip\'','X\'6e756c6c\''),('\'entryTypes.668e7aaa-8b94-4b22-b980-38e1701e7d20.fieldLayouts.395597df-a0fb-472d-92b8-ae28e9329bf1.tabs.0.elements.1.type\'','X\'2263726166745c5c6669656c646c61796f7574656c656d656e74735c5c437573746f6d4669656c6422\''),('\'entryTypes.668e7aaa-8b94-4b22-b980-38e1701e7d20.fieldLayouts.395597df-a0fb-472d-92b8-ae28e9329bf1.tabs.0.elements.1.uid\'','X\'2230623838333138652d613839642d346166362d393833322d32326638616432393634373322\''),('\'entryTypes.668e7aaa-8b94-4b22-b980-38e1701e7d20.fieldLayouts.395597df-a0fb-472d-92b8-ae28e9329bf1.tabs.0.elements.1.userCondition\'','X\'6e756c6c\''),('\'entryTypes.668e7aaa-8b94-4b22-b980-38e1701e7d20.fieldLayouts.395597df-a0fb-472d-92b8-ae28e9329bf1.tabs.0.elements.1.warning\'','X\'6e756c6c\''),('\'entryTypes.668e7aaa-8b94-4b22-b980-38e1701e7d20.fieldLayouts.395597df-a0fb-472d-92b8-ae28e9329bf1.tabs.0.elements.1.width\'','X\'313030\''),('\'entryTypes.668e7aaa-8b94-4b22-b980-38e1701e7d20.fieldLayouts.395597df-a0fb-472d-92b8-ae28e9329bf1.tabs.0.elements.2.elementCondition\'','X\'6e756c6c\''),('\'entryTypes.668e7aaa-8b94-4b22-b980-38e1701e7d20.fieldLayouts.395597df-a0fb-472d-92b8-ae28e9329bf1.tabs.0.elements.2.fieldUid\'','X\'2263643231646530382d663463612d346431372d613235342d66653963383838633932353822\''),('\'entryTypes.668e7aaa-8b94-4b22-b980-38e1701e7d20.fieldLayouts.395597df-a0fb-472d-92b8-ae28e9329bf1.tabs.0.elements.2.instructions\'','X\'6e756c6c\''),('\'entryTypes.668e7aaa-8b94-4b22-b980-38e1701e7d20.fieldLayouts.395597df-a0fb-472d-92b8-ae28e9329bf1.tabs.0.elements.2.label\'','X\'6e756c6c\''),('\'entryTypes.668e7aaa-8b94-4b22-b980-38e1701e7d20.fieldLayouts.395597df-a0fb-472d-92b8-ae28e9329bf1.tabs.0.elements.2.required\'','X\'66616c7365\''),('\'entryTypes.668e7aaa-8b94-4b22-b980-38e1701e7d20.fieldLayouts.395597df-a0fb-472d-92b8-ae28e9329bf1.tabs.0.elements.2.tip\'','X\'6e756c6c\''),('\'entryTypes.668e7aaa-8b94-4b22-b980-38e1701e7d20.fieldLayouts.395597df-a0fb-472d-92b8-ae28e9329bf1.tabs.0.elements.2.type\'','X\'2263726166745c5c6669656c646c61796f7574656c656d656e74735c5c437573746f6d4669656c6422\''),('\'entryTypes.668e7aaa-8b94-4b22-b980-38e1701e7d20.fieldLayouts.395597df-a0fb-472d-92b8-ae28e9329bf1.tabs.0.elements.2.uid\'','X\'2230623638303532322d356363632d343334652d623737382d34663531613263353034653222\''),('\'entryTypes.668e7aaa-8b94-4b22-b980-38e1701e7d20.fieldLayouts.395597df-a0fb-472d-92b8-ae28e9329bf1.tabs.0.elements.2.userCondition\'','X\'6e756c6c\''),('\'entryTypes.668e7aaa-8b94-4b22-b980-38e1701e7d20.fieldLayouts.395597df-a0fb-472d-92b8-ae28e9329bf1.tabs.0.elements.2.warning\'','X\'6e756c6c\''),('\'entryTypes.668e7aaa-8b94-4b22-b980-38e1701e7d20.fieldLayouts.395597df-a0fb-472d-92b8-ae28e9329bf1.tabs.0.elements.2.width\'','X\'313030\''),('\'entryTypes.668e7aaa-8b94-4b22-b980-38e1701e7d20.fieldLayouts.395597df-a0fb-472d-92b8-ae28e9329bf1.tabs.0.elements.3.elementCondition\'','X\'6e756c6c\''),('\'entryTypes.668e7aaa-8b94-4b22-b980-38e1701e7d20.fieldLayouts.395597df-a0fb-472d-92b8-ae28e9329bf1.tabs.0.elements.3.fieldUid\'','X\'2236653433363566632d313630622d343864632d396637642d38356164373262313338666322\''),('\'entryTypes.668e7aaa-8b94-4b22-b980-38e1701e7d20.fieldLayouts.395597df-a0fb-472d-92b8-ae28e9329bf1.tabs.0.elements.3.instructions\'','X\'6e756c6c\''),('\'entryTypes.668e7aaa-8b94-4b22-b980-38e1701e7d20.fieldLayouts.395597df-a0fb-472d-92b8-ae28e9329bf1.tabs.0.elements.3.label\'','X\'6e756c6c\''),('\'entryTypes.668e7aaa-8b94-4b22-b980-38e1701e7d20.fieldLayouts.395597df-a0fb-472d-92b8-ae28e9329bf1.tabs.0.elements.3.required\'','X\'66616c7365\''),('\'entryTypes.668e7aaa-8b94-4b22-b980-38e1701e7d20.fieldLayouts.395597df-a0fb-472d-92b8-ae28e9329bf1.tabs.0.elements.3.tip\'','X\'6e756c6c\''),('\'entryTypes.668e7aaa-8b94-4b22-b980-38e1701e7d20.fieldLayouts.395597df-a0fb-472d-92b8-ae28e9329bf1.tabs.0.elements.3.type\'','X\'2263726166745c5c6669656c646c61796f7574656c656d656e74735c5c437573746f6d4669656c6422\''),('\'entryTypes.668e7aaa-8b94-4b22-b980-38e1701e7d20.fieldLayouts.395597df-a0fb-472d-92b8-ae28e9329bf1.tabs.0.elements.3.uid\'','X\'2262393938646135332d343663342d343461392d616635642d34386362363438326666316322\''),('\'entryTypes.668e7aaa-8b94-4b22-b980-38e1701e7d20.fieldLayouts.395597df-a0fb-472d-92b8-ae28e9329bf1.tabs.0.elements.3.userCondition\'','X\'6e756c6c\''),('\'entryTypes.668e7aaa-8b94-4b22-b980-38e1701e7d20.fieldLayouts.395597df-a0fb-472d-92b8-ae28e9329bf1.tabs.0.elements.3.warning\'','X\'6e756c6c\''),('\'entryTypes.668e7aaa-8b94-4b22-b980-38e1701e7d20.fieldLayouts.395597df-a0fb-472d-92b8-ae28e9329bf1.tabs.0.elements.3.width\'','X\'313030\''),('\'entryTypes.668e7aaa-8b94-4b22-b980-38e1701e7d20.fieldLayouts.395597df-a0fb-472d-92b8-ae28e9329bf1.tabs.0.elements.4.elementCondition\'','X\'6e756c6c\''),('\'entryTypes.668e7aaa-8b94-4b22-b980-38e1701e7d20.fieldLayouts.395597df-a0fb-472d-92b8-ae28e9329bf1.tabs.0.elements.4.fieldUid\'','X\'2261663135663730622d313963632d343565322d396462662d31356237346637653363633722\''),('\'entryTypes.668e7aaa-8b94-4b22-b980-38e1701e7d20.fieldLayouts.395597df-a0fb-472d-92b8-ae28e9329bf1.tabs.0.elements.4.instructions\'','X\'6e756c6c\''),('\'entryTypes.668e7aaa-8b94-4b22-b980-38e1701e7d20.fieldLayouts.395597df-a0fb-472d-92b8-ae28e9329bf1.tabs.0.elements.4.label\'','X\'6e756c6c\''),('\'entryTypes.668e7aaa-8b94-4b22-b980-38e1701e7d20.fieldLayouts.395597df-a0fb-472d-92b8-ae28e9329bf1.tabs.0.elements.4.required\'','X\'66616c7365\''),('\'entryTypes.668e7aaa-8b94-4b22-b980-38e1701e7d20.fieldLayouts.395597df-a0fb-472d-92b8-ae28e9329bf1.tabs.0.elements.4.tip\'','X\'6e756c6c\''),('\'entryTypes.668e7aaa-8b94-4b22-b980-38e1701e7d20.fieldLayouts.395597df-a0fb-472d-92b8-ae28e9329bf1.tabs.0.elements.4.type\'','X\'2263726166745c5c6669656c646c61796f7574656c656d656e74735c5c437573746f6d4669656c6422\''),('\'entryTypes.668e7aaa-8b94-4b22-b980-38e1701e7d20.fieldLayouts.395597df-a0fb-472d-92b8-ae28e9329bf1.tabs.0.elements.4.uid\'','X\'2261376437643239332d613061662d343531322d613061392d31343965353763653534363022\''),('\'entryTypes.668e7aaa-8b94-4b22-b980-38e1701e7d20.fieldLayouts.395597df-a0fb-472d-92b8-ae28e9329bf1.tabs.0.elements.4.userCondition\'','X\'6e756c6c\''),('\'entryTypes.668e7aaa-8b94-4b22-b980-38e1701e7d20.fieldLayouts.395597df-a0fb-472d-92b8-ae28e9329bf1.tabs.0.elements.4.warning\'','X\'6e756c6c\''),('\'entryTypes.668e7aaa-8b94-4b22-b980-38e1701e7d20.fieldLayouts.395597df-a0fb-472d-92b8-ae28e9329bf1.tabs.0.elements.4.width\'','X\'313030\''),('\'entryTypes.668e7aaa-8b94-4b22-b980-38e1701e7d20.fieldLayouts.395597df-a0fb-472d-92b8-ae28e9329bf1.tabs.0.elements.5.elementCondition\'','X\'6e756c6c\''),('\'entryTypes.668e7aaa-8b94-4b22-b980-38e1701e7d20.fieldLayouts.395597df-a0fb-472d-92b8-ae28e9329bf1.tabs.0.elements.5.fieldUid\'','X\'2235633336316431652d363031372d346164662d383634302d64356165343639373731376222\''),('\'entryTypes.668e7aaa-8b94-4b22-b980-38e1701e7d20.fieldLayouts.395597df-a0fb-472d-92b8-ae28e9329bf1.tabs.0.elements.5.instructions\'','X\'6e756c6c\''),('\'entryTypes.668e7aaa-8b94-4b22-b980-38e1701e7d20.fieldLayouts.395597df-a0fb-472d-92b8-ae28e9329bf1.tabs.0.elements.5.label\'','X\'6e756c6c\''),('\'entryTypes.668e7aaa-8b94-4b22-b980-38e1701e7d20.fieldLayouts.395597df-a0fb-472d-92b8-ae28e9329bf1.tabs.0.elements.5.required\'','X\'66616c7365\''),('\'entryTypes.668e7aaa-8b94-4b22-b980-38e1701e7d20.fieldLayouts.395597df-a0fb-472d-92b8-ae28e9329bf1.tabs.0.elements.5.tip\'','X\'6e756c6c\''),('\'entryTypes.668e7aaa-8b94-4b22-b980-38e1701e7d20.fieldLayouts.395597df-a0fb-472d-92b8-ae28e9329bf1.tabs.0.elements.5.type\'','X\'2263726166745c5c6669656c646c61796f7574656c656d656e74735c5c437573746f6d4669656c6422\''),('\'entryTypes.668e7aaa-8b94-4b22-b980-38e1701e7d20.fieldLayouts.395597df-a0fb-472d-92b8-ae28e9329bf1.tabs.0.elements.5.uid\'','X\'2233626362396262652d396237302d343363652d626665342d31396139343330666338356622\''),('\'entryTypes.668e7aaa-8b94-4b22-b980-38e1701e7d20.fieldLayouts.395597df-a0fb-472d-92b8-ae28e9329bf1.tabs.0.elements.5.userCondition\'','X\'6e756c6c\''),('\'entryTypes.668e7aaa-8b94-4b22-b980-38e1701e7d20.fieldLayouts.395597df-a0fb-472d-92b8-ae28e9329bf1.tabs.0.elements.5.warning\'','X\'6e756c6c\''),('\'entryTypes.668e7aaa-8b94-4b22-b980-38e1701e7d20.fieldLayouts.395597df-a0fb-472d-92b8-ae28e9329bf1.tabs.0.elements.5.width\'','X\'313030\''),('\'entryTypes.668e7aaa-8b94-4b22-b980-38e1701e7d20.fieldLayouts.395597df-a0fb-472d-92b8-ae28e9329bf1.tabs.0.name\'','X\'22436f6e74656e7422\''),('\'entryTypes.668e7aaa-8b94-4b22-b980-38e1701e7d20.fieldLayouts.395597df-a0fb-472d-92b8-ae28e9329bf1.tabs.0.uid\'','X\'2232663966356166352d383233382d343536632d383636662d35653164313762333634643522\''),('\'entryTypes.668e7aaa-8b94-4b22-b980-38e1701e7d20.fieldLayouts.395597df-a0fb-472d-92b8-ae28e9329bf1.tabs.0.userCondition\'','X\'6e756c6c\''),('\'entryTypes.668e7aaa-8b94-4b22-b980-38e1701e7d20.handle\'','X\'2264656661756c7422\''),('\'entryTypes.668e7aaa-8b94-4b22-b980-38e1701e7d20.hasTitleField\'','X\'74727565\''),('\'entryTypes.668e7aaa-8b94-4b22-b980-38e1701e7d20.name\'','X\'2244656661756c7422\''),('\'entryTypes.668e7aaa-8b94-4b22-b980-38e1701e7d20.section\'','X\'2238613437373532342d396233342d343761622d623830372d61623233326361613236613122\''),('\'entryTypes.668e7aaa-8b94-4b22-b980-38e1701e7d20.showStatusField\'','X\'74727565\''),('\'entryTypes.668e7aaa-8b94-4b22-b980-38e1701e7d20.slugTranslationKeyFormat\'','X\'6e756c6c\''),('\'entryTypes.668e7aaa-8b94-4b22-b980-38e1701e7d20.slugTranslationMethod\'','X\'227369746522\''),('\'entryTypes.668e7aaa-8b94-4b22-b980-38e1701e7d20.sortOrder\'','X\'31\''),('\'entryTypes.668e7aaa-8b94-4b22-b980-38e1701e7d20.titleFormat\'','X\'6e756c6c\''),('\'entryTypes.668e7aaa-8b94-4b22-b980-38e1701e7d20.titleTranslationKeyFormat\'','X\'6e756c6c\''),('\'entryTypes.668e7aaa-8b94-4b22-b980-38e1701e7d20.titleTranslationMethod\'','X\'227369746522\''),('\'entryTypes.6b872adc-59d6-4c88-bc2e-3da36dce9594.fieldLayouts.f9d4f32e-2fb1-42c4-8654-8637067028fe.tabs.0.elementCondition\'','X\'6e756c6c\''),('\'entryTypes.6b872adc-59d6-4c88-bc2e-3da36dce9594.fieldLayouts.f9d4f32e-2fb1-42c4-8654-8637067028fe.tabs.0.elements.0.autocapitalize\'','X\'74727565\''),('\'entryTypes.6b872adc-59d6-4c88-bc2e-3da36dce9594.fieldLayouts.f9d4f32e-2fb1-42c4-8654-8637067028fe.tabs.0.elements.0.autocomplete\'','X\'66616c7365\''),('\'entryTypes.6b872adc-59d6-4c88-bc2e-3da36dce9594.fieldLayouts.f9d4f32e-2fb1-42c4-8654-8637067028fe.tabs.0.elements.0.autocorrect\'','X\'74727565\''),('\'entryTypes.6b872adc-59d6-4c88-bc2e-3da36dce9594.fieldLayouts.f9d4f32e-2fb1-42c4-8654-8637067028fe.tabs.0.elements.0.class\'','X\'6e756c6c\''),('\'entryTypes.6b872adc-59d6-4c88-bc2e-3da36dce9594.fieldLayouts.f9d4f32e-2fb1-42c4-8654-8637067028fe.tabs.0.elements.0.disabled\'','X\'66616c7365\''),('\'entryTypes.6b872adc-59d6-4c88-bc2e-3da36dce9594.fieldLayouts.f9d4f32e-2fb1-42c4-8654-8637067028fe.tabs.0.elements.0.elementCondition\'','X\'6e756c6c\''),('\'entryTypes.6b872adc-59d6-4c88-bc2e-3da36dce9594.fieldLayouts.f9d4f32e-2fb1-42c4-8654-8637067028fe.tabs.0.elements.0.id\'','X\'6e756c6c\''),('\'entryTypes.6b872adc-59d6-4c88-bc2e-3da36dce9594.fieldLayouts.f9d4f32e-2fb1-42c4-8654-8637067028fe.tabs.0.elements.0.instructions\'','X\'6e756c6c\''),('\'entryTypes.6b872adc-59d6-4c88-bc2e-3da36dce9594.fieldLayouts.f9d4f32e-2fb1-42c4-8654-8637067028fe.tabs.0.elements.0.label\'','X\'6e756c6c\''),('\'entryTypes.6b872adc-59d6-4c88-bc2e-3da36dce9594.fieldLayouts.f9d4f32e-2fb1-42c4-8654-8637067028fe.tabs.0.elements.0.max\'','X\'6e756c6c\''),('\'entryTypes.6b872adc-59d6-4c88-bc2e-3da36dce9594.fieldLayouts.f9d4f32e-2fb1-42c4-8654-8637067028fe.tabs.0.elements.0.min\'','X\'6e756c6c\''),('\'entryTypes.6b872adc-59d6-4c88-bc2e-3da36dce9594.fieldLayouts.f9d4f32e-2fb1-42c4-8654-8637067028fe.tabs.0.elements.0.name\'','X\'6e756c6c\''),('\'entryTypes.6b872adc-59d6-4c88-bc2e-3da36dce9594.fieldLayouts.f9d4f32e-2fb1-42c4-8654-8637067028fe.tabs.0.elements.0.orientation\'','X\'6e756c6c\''),('\'entryTypes.6b872adc-59d6-4c88-bc2e-3da36dce9594.fieldLayouts.f9d4f32e-2fb1-42c4-8654-8637067028fe.tabs.0.elements.0.placeholder\'','X\'6e756c6c\''),('\'entryTypes.6b872adc-59d6-4c88-bc2e-3da36dce9594.fieldLayouts.f9d4f32e-2fb1-42c4-8654-8637067028fe.tabs.0.elements.0.readonly\'','X\'66616c7365\''),('\'entryTypes.6b872adc-59d6-4c88-bc2e-3da36dce9594.fieldLayouts.f9d4f32e-2fb1-42c4-8654-8637067028fe.tabs.0.elements.0.requirable\'','X\'66616c7365\''),('\'entryTypes.6b872adc-59d6-4c88-bc2e-3da36dce9594.fieldLayouts.f9d4f32e-2fb1-42c4-8654-8637067028fe.tabs.0.elements.0.size\'','X\'6e756c6c\''),('\'entryTypes.6b872adc-59d6-4c88-bc2e-3da36dce9594.fieldLayouts.f9d4f32e-2fb1-42c4-8654-8637067028fe.tabs.0.elements.0.step\'','X\'6e756c6c\''),('\'entryTypes.6b872adc-59d6-4c88-bc2e-3da36dce9594.fieldLayouts.f9d4f32e-2fb1-42c4-8654-8637067028fe.tabs.0.elements.0.tip\'','X\'6e756c6c\''),('\'entryTypes.6b872adc-59d6-4c88-bc2e-3da36dce9594.fieldLayouts.f9d4f32e-2fb1-42c4-8654-8637067028fe.tabs.0.elements.0.title\'','X\'6e756c6c\''),('\'entryTypes.6b872adc-59d6-4c88-bc2e-3da36dce9594.fieldLayouts.f9d4f32e-2fb1-42c4-8654-8637067028fe.tabs.0.elements.0.type\'','X\'2263726166745c5c6669656c646c61796f7574656c656d656e74735c5c656e74726965735c5c456e7472795469746c654669656c6422\''),('\'entryTypes.6b872adc-59d6-4c88-bc2e-3da36dce9594.fieldLayouts.f9d4f32e-2fb1-42c4-8654-8637067028fe.tabs.0.elements.0.uid\'','X\'2237323437373066622d323631612d343963312d396337652d35343737663330326236383022\''),('\'entryTypes.6b872adc-59d6-4c88-bc2e-3da36dce9594.fieldLayouts.f9d4f32e-2fb1-42c4-8654-8637067028fe.tabs.0.elements.0.userCondition\'','X\'6e756c6c\''),('\'entryTypes.6b872adc-59d6-4c88-bc2e-3da36dce9594.fieldLayouts.f9d4f32e-2fb1-42c4-8654-8637067028fe.tabs.0.elements.0.warning\'','X\'6e756c6c\''),('\'entryTypes.6b872adc-59d6-4c88-bc2e-3da36dce9594.fieldLayouts.f9d4f32e-2fb1-42c4-8654-8637067028fe.tabs.0.elements.0.width\'','X\'313030\''),('\'entryTypes.6b872adc-59d6-4c88-bc2e-3da36dce9594.fieldLayouts.f9d4f32e-2fb1-42c4-8654-8637067028fe.tabs.0.elements.1.elementCondition\'','X\'6e756c6c\''),('\'entryTypes.6b872adc-59d6-4c88-bc2e-3da36dce9594.fieldLayouts.f9d4f32e-2fb1-42c4-8654-8637067028fe.tabs.0.elements.1.fieldUid\'','X\'2232643236323231382d626633312d346135392d386132652d63393432366365616139616122\''),('\'entryTypes.6b872adc-59d6-4c88-bc2e-3da36dce9594.fieldLayouts.f9d4f32e-2fb1-42c4-8654-8637067028fe.tabs.0.elements.1.instructions\'','X\'6e756c6c\''),('\'entryTypes.6b872adc-59d6-4c88-bc2e-3da36dce9594.fieldLayouts.f9d4f32e-2fb1-42c4-8654-8637067028fe.tabs.0.elements.1.label\'','X\'6e756c6c\''),('\'entryTypes.6b872adc-59d6-4c88-bc2e-3da36dce9594.fieldLayouts.f9d4f32e-2fb1-42c4-8654-8637067028fe.tabs.0.elements.1.required\'','X\'66616c7365\''),('\'entryTypes.6b872adc-59d6-4c88-bc2e-3da36dce9594.fieldLayouts.f9d4f32e-2fb1-42c4-8654-8637067028fe.tabs.0.elements.1.tip\'','X\'6e756c6c\''),('\'entryTypes.6b872adc-59d6-4c88-bc2e-3da36dce9594.fieldLayouts.f9d4f32e-2fb1-42c4-8654-8637067028fe.tabs.0.elements.1.type\'','X\'2263726166745c5c6669656c646c61796f7574656c656d656e74735c5c437573746f6d4669656c6422\''),('\'entryTypes.6b872adc-59d6-4c88-bc2e-3da36dce9594.fieldLayouts.f9d4f32e-2fb1-42c4-8654-8637067028fe.tabs.0.elements.1.uid\'','X\'2262336230336336382d353333372d343232302d623037372d61383830383036653337653422\''),('\'entryTypes.6b872adc-59d6-4c88-bc2e-3da36dce9594.fieldLayouts.f9d4f32e-2fb1-42c4-8654-8637067028fe.tabs.0.elements.1.userCondition\'','X\'6e756c6c\''),('\'entryTypes.6b872adc-59d6-4c88-bc2e-3da36dce9594.fieldLayouts.f9d4f32e-2fb1-42c4-8654-8637067028fe.tabs.0.elements.1.warning\'','X\'6e756c6c\''),('\'entryTypes.6b872adc-59d6-4c88-bc2e-3da36dce9594.fieldLayouts.f9d4f32e-2fb1-42c4-8654-8637067028fe.tabs.0.elements.1.width\'','X\'313030\''),('\'entryTypes.6b872adc-59d6-4c88-bc2e-3da36dce9594.fieldLayouts.f9d4f32e-2fb1-42c4-8654-8637067028fe.tabs.0.elements.2.elementCondition\'','X\'6e756c6c\''),('\'entryTypes.6b872adc-59d6-4c88-bc2e-3da36dce9594.fieldLayouts.f9d4f32e-2fb1-42c4-8654-8637067028fe.tabs.0.elements.2.fieldUid\'','X\'2261663135663730622d313963632d343565322d396462662d31356237346637653363633722\''),('\'entryTypes.6b872adc-59d6-4c88-bc2e-3da36dce9594.fieldLayouts.f9d4f32e-2fb1-42c4-8654-8637067028fe.tabs.0.elements.2.instructions\'','X\'6e756c6c\''),('\'entryTypes.6b872adc-59d6-4c88-bc2e-3da36dce9594.fieldLayouts.f9d4f32e-2fb1-42c4-8654-8637067028fe.tabs.0.elements.2.label\'','X\'6e756c6c\''),('\'entryTypes.6b872adc-59d6-4c88-bc2e-3da36dce9594.fieldLayouts.f9d4f32e-2fb1-42c4-8654-8637067028fe.tabs.0.elements.2.required\'','X\'66616c7365\''),('\'entryTypes.6b872adc-59d6-4c88-bc2e-3da36dce9594.fieldLayouts.f9d4f32e-2fb1-42c4-8654-8637067028fe.tabs.0.elements.2.tip\'','X\'6e756c6c\''),('\'entryTypes.6b872adc-59d6-4c88-bc2e-3da36dce9594.fieldLayouts.f9d4f32e-2fb1-42c4-8654-8637067028fe.tabs.0.elements.2.type\'','X\'2263726166745c5c6669656c646c61796f7574656c656d656e74735c5c437573746f6d4669656c6422\''),('\'entryTypes.6b872adc-59d6-4c88-bc2e-3da36dce9594.fieldLayouts.f9d4f32e-2fb1-42c4-8654-8637067028fe.tabs.0.elements.2.uid\'','X\'2265323734613163372d663039632d343163622d613034312d30346533313063653661653722\''),('\'entryTypes.6b872adc-59d6-4c88-bc2e-3da36dce9594.fieldLayouts.f9d4f32e-2fb1-42c4-8654-8637067028fe.tabs.0.elements.2.userCondition\'','X\'6e756c6c\''),('\'entryTypes.6b872adc-59d6-4c88-bc2e-3da36dce9594.fieldLayouts.f9d4f32e-2fb1-42c4-8654-8637067028fe.tabs.0.elements.2.warning\'','X\'6e756c6c\''),('\'entryTypes.6b872adc-59d6-4c88-bc2e-3da36dce9594.fieldLayouts.f9d4f32e-2fb1-42c4-8654-8637067028fe.tabs.0.elements.2.width\'','X\'313030\''),('\'entryTypes.6b872adc-59d6-4c88-bc2e-3da36dce9594.fieldLayouts.f9d4f32e-2fb1-42c4-8654-8637067028fe.tabs.0.name\'','X\'22436f6e74656e7422\''),('\'entryTypes.6b872adc-59d6-4c88-bc2e-3da36dce9594.fieldLayouts.f9d4f32e-2fb1-42c4-8654-8637067028fe.tabs.0.uid\'','X\'2266616361393234612d363565372d343166312d626433662d63633362343662386664653122\''),('\'entryTypes.6b872adc-59d6-4c88-bc2e-3da36dce9594.fieldLayouts.f9d4f32e-2fb1-42c4-8654-8637067028fe.tabs.0.userCondition\'','X\'6e756c6c\''),('\'entryTypes.6b872adc-59d6-4c88-bc2e-3da36dce9594.handle\'','X\'2264656661756c7422\''),('\'entryTypes.6b872adc-59d6-4c88-bc2e-3da36dce9594.hasTitleField\'','X\'74727565\''),('\'entryTypes.6b872adc-59d6-4c88-bc2e-3da36dce9594.name\'','X\'2244656661756c7422\''),('\'entryTypes.6b872adc-59d6-4c88-bc2e-3da36dce9594.section\'','X\'2233356530393230632d306631612d346465332d613835352d63643932356535616163383522\''),('\'entryTypes.6b872adc-59d6-4c88-bc2e-3da36dce9594.showStatusField\'','X\'74727565\''),('\'entryTypes.6b872adc-59d6-4c88-bc2e-3da36dce9594.slugTranslationKeyFormat\'','X\'6e756c6c\''),('\'entryTypes.6b872adc-59d6-4c88-bc2e-3da36dce9594.slugTranslationMethod\'','X\'227369746522\''),('\'entryTypes.6b872adc-59d6-4c88-bc2e-3da36dce9594.sortOrder\'','X\'31\''),('\'entryTypes.6b872adc-59d6-4c88-bc2e-3da36dce9594.titleFormat\'','X\'6e756c6c\''),('\'entryTypes.6b872adc-59d6-4c88-bc2e-3da36dce9594.titleTranslationKeyFormat\'','X\'6e756c6c\''),('\'entryTypes.6b872adc-59d6-4c88-bc2e-3da36dce9594.titleTranslationMethod\'','X\'227369746522\''),('\'entryTypes.860b4aa3-147f-43dd-a4bb-6b0577da1f93.fieldLayouts.2b52acf5-1806-4261-8a39-4217edff9e28.tabs.0.elementCondition\'','X\'6e756c6c\''),('\'entryTypes.860b4aa3-147f-43dd-a4bb-6b0577da1f93.fieldLayouts.2b52acf5-1806-4261-8a39-4217edff9e28.tabs.0.elements.0.autocapitalize\'','X\'74727565\''),('\'entryTypes.860b4aa3-147f-43dd-a4bb-6b0577da1f93.fieldLayouts.2b52acf5-1806-4261-8a39-4217edff9e28.tabs.0.elements.0.autocomplete\'','X\'66616c7365\''),('\'entryTypes.860b4aa3-147f-43dd-a4bb-6b0577da1f93.fieldLayouts.2b52acf5-1806-4261-8a39-4217edff9e28.tabs.0.elements.0.autocorrect\'','X\'74727565\''),('\'entryTypes.860b4aa3-147f-43dd-a4bb-6b0577da1f93.fieldLayouts.2b52acf5-1806-4261-8a39-4217edff9e28.tabs.0.elements.0.class\'','X\'6e756c6c\''),('\'entryTypes.860b4aa3-147f-43dd-a4bb-6b0577da1f93.fieldLayouts.2b52acf5-1806-4261-8a39-4217edff9e28.tabs.0.elements.0.disabled\'','X\'66616c7365\''),('\'entryTypes.860b4aa3-147f-43dd-a4bb-6b0577da1f93.fieldLayouts.2b52acf5-1806-4261-8a39-4217edff9e28.tabs.0.elements.0.elementCondition\'','X\'6e756c6c\''),('\'entryTypes.860b4aa3-147f-43dd-a4bb-6b0577da1f93.fieldLayouts.2b52acf5-1806-4261-8a39-4217edff9e28.tabs.0.elements.0.id\'','X\'6e756c6c\''),('\'entryTypes.860b4aa3-147f-43dd-a4bb-6b0577da1f93.fieldLayouts.2b52acf5-1806-4261-8a39-4217edff9e28.tabs.0.elements.0.instructions\'','X\'6e756c6c\''),('\'entryTypes.860b4aa3-147f-43dd-a4bb-6b0577da1f93.fieldLayouts.2b52acf5-1806-4261-8a39-4217edff9e28.tabs.0.elements.0.label\'','X\'6e756c6c\''),('\'entryTypes.860b4aa3-147f-43dd-a4bb-6b0577da1f93.fieldLayouts.2b52acf5-1806-4261-8a39-4217edff9e28.tabs.0.elements.0.max\'','X\'6e756c6c\''),('\'entryTypes.860b4aa3-147f-43dd-a4bb-6b0577da1f93.fieldLayouts.2b52acf5-1806-4261-8a39-4217edff9e28.tabs.0.elements.0.min\'','X\'6e756c6c\''),('\'entryTypes.860b4aa3-147f-43dd-a4bb-6b0577da1f93.fieldLayouts.2b52acf5-1806-4261-8a39-4217edff9e28.tabs.0.elements.0.name\'','X\'6e756c6c\''),('\'entryTypes.860b4aa3-147f-43dd-a4bb-6b0577da1f93.fieldLayouts.2b52acf5-1806-4261-8a39-4217edff9e28.tabs.0.elements.0.orientation\'','X\'6e756c6c\''),('\'entryTypes.860b4aa3-147f-43dd-a4bb-6b0577da1f93.fieldLayouts.2b52acf5-1806-4261-8a39-4217edff9e28.tabs.0.elements.0.placeholder\'','X\'6e756c6c\''),('\'entryTypes.860b4aa3-147f-43dd-a4bb-6b0577da1f93.fieldLayouts.2b52acf5-1806-4261-8a39-4217edff9e28.tabs.0.elements.0.readonly\'','X\'66616c7365\''),('\'entryTypes.860b4aa3-147f-43dd-a4bb-6b0577da1f93.fieldLayouts.2b52acf5-1806-4261-8a39-4217edff9e28.tabs.0.elements.0.requirable\'','X\'66616c7365\''),('\'entryTypes.860b4aa3-147f-43dd-a4bb-6b0577da1f93.fieldLayouts.2b52acf5-1806-4261-8a39-4217edff9e28.tabs.0.elements.0.size\'','X\'6e756c6c\''),('\'entryTypes.860b4aa3-147f-43dd-a4bb-6b0577da1f93.fieldLayouts.2b52acf5-1806-4261-8a39-4217edff9e28.tabs.0.elements.0.step\'','X\'6e756c6c\''),('\'entryTypes.860b4aa3-147f-43dd-a4bb-6b0577da1f93.fieldLayouts.2b52acf5-1806-4261-8a39-4217edff9e28.tabs.0.elements.0.tip\'','X\'6e756c6c\''),('\'entryTypes.860b4aa3-147f-43dd-a4bb-6b0577da1f93.fieldLayouts.2b52acf5-1806-4261-8a39-4217edff9e28.tabs.0.elements.0.title\'','X\'6e756c6c\''),('\'entryTypes.860b4aa3-147f-43dd-a4bb-6b0577da1f93.fieldLayouts.2b52acf5-1806-4261-8a39-4217edff9e28.tabs.0.elements.0.type\'','X\'2263726166745c5c6669656c646c61796f7574656c656d656e74735c5c656e74726965735c5c456e7472795469746c654669656c6422\''),('\'entryTypes.860b4aa3-147f-43dd-a4bb-6b0577da1f93.fieldLayouts.2b52acf5-1806-4261-8a39-4217edff9e28.tabs.0.elements.0.uid\'','X\'2265633434626635362d386635632d343437642d396133652d38636538623661616166396322\''),('\'entryTypes.860b4aa3-147f-43dd-a4bb-6b0577da1f93.fieldLayouts.2b52acf5-1806-4261-8a39-4217edff9e28.tabs.0.elements.0.userCondition\'','X\'6e756c6c\''),('\'entryTypes.860b4aa3-147f-43dd-a4bb-6b0577da1f93.fieldLayouts.2b52acf5-1806-4261-8a39-4217edff9e28.tabs.0.elements.0.warning\'','X\'6e756c6c\''),('\'entryTypes.860b4aa3-147f-43dd-a4bb-6b0577da1f93.fieldLayouts.2b52acf5-1806-4261-8a39-4217edff9e28.tabs.0.elements.0.width\'','X\'313030\''),('\'entryTypes.860b4aa3-147f-43dd-a4bb-6b0577da1f93.fieldLayouts.2b52acf5-1806-4261-8a39-4217edff9e28.tabs.0.elements.1.elementCondition\'','X\'6e756c6c\''),('\'entryTypes.860b4aa3-147f-43dd-a4bb-6b0577da1f93.fieldLayouts.2b52acf5-1806-4261-8a39-4217edff9e28.tabs.0.elements.1.fieldUid\'','X\'2232643236323231382d626633312d346135392d386132652d63393432366365616139616122\''),('\'entryTypes.860b4aa3-147f-43dd-a4bb-6b0577da1f93.fieldLayouts.2b52acf5-1806-4261-8a39-4217edff9e28.tabs.0.elements.1.instructions\'','X\'6e756c6c\''),('\'entryTypes.860b4aa3-147f-43dd-a4bb-6b0577da1f93.fieldLayouts.2b52acf5-1806-4261-8a39-4217edff9e28.tabs.0.elements.1.label\'','X\'6e756c6c\''),('\'entryTypes.860b4aa3-147f-43dd-a4bb-6b0577da1f93.fieldLayouts.2b52acf5-1806-4261-8a39-4217edff9e28.tabs.0.elements.1.required\'','X\'66616c7365\''),('\'entryTypes.860b4aa3-147f-43dd-a4bb-6b0577da1f93.fieldLayouts.2b52acf5-1806-4261-8a39-4217edff9e28.tabs.0.elements.1.tip\'','X\'6e756c6c\''),('\'entryTypes.860b4aa3-147f-43dd-a4bb-6b0577da1f93.fieldLayouts.2b52acf5-1806-4261-8a39-4217edff9e28.tabs.0.elements.1.type\'','X\'2263726166745c5c6669656c646c61796f7574656c656d656e74735c5c437573746f6d4669656c6422\''),('\'entryTypes.860b4aa3-147f-43dd-a4bb-6b0577da1f93.fieldLayouts.2b52acf5-1806-4261-8a39-4217edff9e28.tabs.0.elements.1.uid\'','X\'2234336562326536652d636634632d346666642d396338372d33663931346436343734646322\''),('\'entryTypes.860b4aa3-147f-43dd-a4bb-6b0577da1f93.fieldLayouts.2b52acf5-1806-4261-8a39-4217edff9e28.tabs.0.elements.1.userCondition\'','X\'6e756c6c\''),('\'entryTypes.860b4aa3-147f-43dd-a4bb-6b0577da1f93.fieldLayouts.2b52acf5-1806-4261-8a39-4217edff9e28.tabs.0.elements.1.warning\'','X\'6e756c6c\''),('\'entryTypes.860b4aa3-147f-43dd-a4bb-6b0577da1f93.fieldLayouts.2b52acf5-1806-4261-8a39-4217edff9e28.tabs.0.elements.1.width\'','X\'313030\''),('\'entryTypes.860b4aa3-147f-43dd-a4bb-6b0577da1f93.fieldLayouts.2b52acf5-1806-4261-8a39-4217edff9e28.tabs.0.name\'','X\'22436f6e74656e7422\''),('\'entryTypes.860b4aa3-147f-43dd-a4bb-6b0577da1f93.fieldLayouts.2b52acf5-1806-4261-8a39-4217edff9e28.tabs.0.uid\'','X\'2261303065393165312d336134612d343734362d623430332d63663332623462346231643122\''),('\'entryTypes.860b4aa3-147f-43dd-a4bb-6b0577da1f93.fieldLayouts.2b52acf5-1806-4261-8a39-4217edff9e28.tabs.0.userCondition\'','X\'6e756c6c\''),('\'entryTypes.860b4aa3-147f-43dd-a4bb-6b0577da1f93.handle\'','X\'22686f6d6522\''),('\'entryTypes.860b4aa3-147f-43dd-a4bb-6b0577da1f93.hasTitleField\'','X\'66616c7365\''),('\'entryTypes.860b4aa3-147f-43dd-a4bb-6b0577da1f93.name\'','X\'22486f6d6522\''),('\'entryTypes.860b4aa3-147f-43dd-a4bb-6b0577da1f93.section\'','X\'2237393230616561642d363364322d343536642d396434392d35333935616138356231613022\''),('\'entryTypes.860b4aa3-147f-43dd-a4bb-6b0577da1f93.showStatusField\'','X\'74727565\''),('\'entryTypes.860b4aa3-147f-43dd-a4bb-6b0577da1f93.slugTranslationKeyFormat\'','X\'6e756c6c\''),('\'entryTypes.860b4aa3-147f-43dd-a4bb-6b0577da1f93.slugTranslationMethod\'','X\'227369746522\''),('\'entryTypes.860b4aa3-147f-43dd-a4bb-6b0577da1f93.sortOrder\'','X\'31\''),('\'entryTypes.860b4aa3-147f-43dd-a4bb-6b0577da1f93.titleFormat\'','X\'227b73656374696f6e2e6e616d657c7261777d22\''),('\'entryTypes.860b4aa3-147f-43dd-a4bb-6b0577da1f93.titleTranslationKeyFormat\'','X\'6e756c6c\''),('\'entryTypes.860b4aa3-147f-43dd-a4bb-6b0577da1f93.titleTranslationMethod\'','X\'227369746522\''),('\'entryTypes.9db4bc4c-0a0b-411f-85fb-11b3cfa77af6.fieldLayouts.ffc04180-3a24-4133-9acb-2d7f8511bb57.tabs.0.elementCondition\'','X\'6e756c6c\''),('\'entryTypes.9db4bc4c-0a0b-411f-85fb-11b3cfa77af6.fieldLayouts.ffc04180-3a24-4133-9acb-2d7f8511bb57.tabs.0.elements.0.autocapitalize\'','X\'74727565\''),('\'entryTypes.9db4bc4c-0a0b-411f-85fb-11b3cfa77af6.fieldLayouts.ffc04180-3a24-4133-9acb-2d7f8511bb57.tabs.0.elements.0.autocomplete\'','X\'66616c7365\''),('\'entryTypes.9db4bc4c-0a0b-411f-85fb-11b3cfa77af6.fieldLayouts.ffc04180-3a24-4133-9acb-2d7f8511bb57.tabs.0.elements.0.autocorrect\'','X\'74727565\''),('\'entryTypes.9db4bc4c-0a0b-411f-85fb-11b3cfa77af6.fieldLayouts.ffc04180-3a24-4133-9acb-2d7f8511bb57.tabs.0.elements.0.class\'','X\'6e756c6c\''),('\'entryTypes.9db4bc4c-0a0b-411f-85fb-11b3cfa77af6.fieldLayouts.ffc04180-3a24-4133-9acb-2d7f8511bb57.tabs.0.elements.0.disabled\'','X\'66616c7365\''),('\'entryTypes.9db4bc4c-0a0b-411f-85fb-11b3cfa77af6.fieldLayouts.ffc04180-3a24-4133-9acb-2d7f8511bb57.tabs.0.elements.0.elementCondition\'','X\'6e756c6c\''),('\'entryTypes.9db4bc4c-0a0b-411f-85fb-11b3cfa77af6.fieldLayouts.ffc04180-3a24-4133-9acb-2d7f8511bb57.tabs.0.elements.0.id\'','X\'6e756c6c\''),('\'entryTypes.9db4bc4c-0a0b-411f-85fb-11b3cfa77af6.fieldLayouts.ffc04180-3a24-4133-9acb-2d7f8511bb57.tabs.0.elements.0.instructions\'','X\'6e756c6c\''),('\'entryTypes.9db4bc4c-0a0b-411f-85fb-11b3cfa77af6.fieldLayouts.ffc04180-3a24-4133-9acb-2d7f8511bb57.tabs.0.elements.0.label\'','X\'6e756c6c\''),('\'entryTypes.9db4bc4c-0a0b-411f-85fb-11b3cfa77af6.fieldLayouts.ffc04180-3a24-4133-9acb-2d7f8511bb57.tabs.0.elements.0.max\'','X\'6e756c6c\''),('\'entryTypes.9db4bc4c-0a0b-411f-85fb-11b3cfa77af6.fieldLayouts.ffc04180-3a24-4133-9acb-2d7f8511bb57.tabs.0.elements.0.min\'','X\'6e756c6c\''),('\'entryTypes.9db4bc4c-0a0b-411f-85fb-11b3cfa77af6.fieldLayouts.ffc04180-3a24-4133-9acb-2d7f8511bb57.tabs.0.elements.0.name\'','X\'6e756c6c\''),('\'entryTypes.9db4bc4c-0a0b-411f-85fb-11b3cfa77af6.fieldLayouts.ffc04180-3a24-4133-9acb-2d7f8511bb57.tabs.0.elements.0.orientation\'','X\'6e756c6c\''),('\'entryTypes.9db4bc4c-0a0b-411f-85fb-11b3cfa77af6.fieldLayouts.ffc04180-3a24-4133-9acb-2d7f8511bb57.tabs.0.elements.0.placeholder\'','X\'6e756c6c\''),('\'entryTypes.9db4bc4c-0a0b-411f-85fb-11b3cfa77af6.fieldLayouts.ffc04180-3a24-4133-9acb-2d7f8511bb57.tabs.0.elements.0.readonly\'','X\'66616c7365\''),('\'entryTypes.9db4bc4c-0a0b-411f-85fb-11b3cfa77af6.fieldLayouts.ffc04180-3a24-4133-9acb-2d7f8511bb57.tabs.0.elements.0.requirable\'','X\'66616c7365\''),('\'entryTypes.9db4bc4c-0a0b-411f-85fb-11b3cfa77af6.fieldLayouts.ffc04180-3a24-4133-9acb-2d7f8511bb57.tabs.0.elements.0.size\'','X\'6e756c6c\''),('\'entryTypes.9db4bc4c-0a0b-411f-85fb-11b3cfa77af6.fieldLayouts.ffc04180-3a24-4133-9acb-2d7f8511bb57.tabs.0.elements.0.step\'','X\'6e756c6c\''),('\'entryTypes.9db4bc4c-0a0b-411f-85fb-11b3cfa77af6.fieldLayouts.ffc04180-3a24-4133-9acb-2d7f8511bb57.tabs.0.elements.0.tip\'','X\'6e756c6c\''),('\'entryTypes.9db4bc4c-0a0b-411f-85fb-11b3cfa77af6.fieldLayouts.ffc04180-3a24-4133-9acb-2d7f8511bb57.tabs.0.elements.0.title\'','X\'6e756c6c\''),('\'entryTypes.9db4bc4c-0a0b-411f-85fb-11b3cfa77af6.fieldLayouts.ffc04180-3a24-4133-9acb-2d7f8511bb57.tabs.0.elements.0.type\'','X\'2263726166745c5c6669656c646c61796f7574656c656d656e74735c5c656e74726965735c5c456e7472795469746c654669656c6422\''),('\'entryTypes.9db4bc4c-0a0b-411f-85fb-11b3cfa77af6.fieldLayouts.ffc04180-3a24-4133-9acb-2d7f8511bb57.tabs.0.elements.0.uid\'','X\'2234323966356237632d353330372d343036372d613232342d31353939653639386335313922\''),('\'entryTypes.9db4bc4c-0a0b-411f-85fb-11b3cfa77af6.fieldLayouts.ffc04180-3a24-4133-9acb-2d7f8511bb57.tabs.0.elements.0.userCondition\'','X\'6e756c6c\''),('\'entryTypes.9db4bc4c-0a0b-411f-85fb-11b3cfa77af6.fieldLayouts.ffc04180-3a24-4133-9acb-2d7f8511bb57.tabs.0.elements.0.warning\'','X\'6e756c6c\''),('\'entryTypes.9db4bc4c-0a0b-411f-85fb-11b3cfa77af6.fieldLayouts.ffc04180-3a24-4133-9acb-2d7f8511bb57.tabs.0.elements.0.width\'','X\'313030\''),('\'entryTypes.9db4bc4c-0a0b-411f-85fb-11b3cfa77af6.fieldLayouts.ffc04180-3a24-4133-9acb-2d7f8511bb57.tabs.0.name\'','X\'22436f6e74656e7422\''),('\'entryTypes.9db4bc4c-0a0b-411f-85fb-11b3cfa77af6.fieldLayouts.ffc04180-3a24-4133-9acb-2d7f8511bb57.tabs.0.uid\'','X\'2233393333626233662d303237322d346633642d613035632d32643636343337613665353222\''),('\'entryTypes.9db4bc4c-0a0b-411f-85fb-11b3cfa77af6.fieldLayouts.ffc04180-3a24-4133-9acb-2d7f8511bb57.tabs.0.userCondition\'','X\'6e756c6c\''),('\'entryTypes.9db4bc4c-0a0b-411f-85fb-11b3cfa77af6.handle\'','X\'22636f6e7461637422\''),('\'entryTypes.9db4bc4c-0a0b-411f-85fb-11b3cfa77af6.hasTitleField\'','X\'66616c7365\''),('\'entryTypes.9db4bc4c-0a0b-411f-85fb-11b3cfa77af6.name\'','X\'22436f6e7461637422\''),('\'entryTypes.9db4bc4c-0a0b-411f-85fb-11b3cfa77af6.section\'','X\'2237643265633962622d333732312d346465332d613666372d61323263353261383565656522\''),('\'entryTypes.9db4bc4c-0a0b-411f-85fb-11b3cfa77af6.showStatusField\'','X\'74727565\''),('\'entryTypes.9db4bc4c-0a0b-411f-85fb-11b3cfa77af6.slugTranslationKeyFormat\'','X\'6e756c6c\''),('\'entryTypes.9db4bc4c-0a0b-411f-85fb-11b3cfa77af6.slugTranslationMethod\'','X\'227369746522\''),('\'entryTypes.9db4bc4c-0a0b-411f-85fb-11b3cfa77af6.sortOrder\'','X\'31\''),('\'entryTypes.9db4bc4c-0a0b-411f-85fb-11b3cfa77af6.titleFormat\'','X\'227b73656374696f6e2e6e616d657c7261777d22\''),('\'entryTypes.9db4bc4c-0a0b-411f-85fb-11b3cfa77af6.titleTranslationKeyFormat\'','X\'6e756c6c\''),('\'entryTypes.9db4bc4c-0a0b-411f-85fb-11b3cfa77af6.titleTranslationMethod\'','X\'227369746522\''),('\'fieldGroups.0254b196-50ac-4bfa-b010-1f99281ca1b5.name\'','X\'22436f6d6d6f6e22\''),('\'fields.2d262218-bf31-4a59-8a2e-c9426ceaa9aa.columnSuffix\'','X\'226976687571666e7a22\''),('\'fields.2d262218-bf31-4a59-8a2e-c9426ceaa9aa.contentColumnType\'','X\'227465787422\''),('\'fields.2d262218-bf31-4a59-8a2e-c9426ceaa9aa.fieldGroup\'','X\'2230323534623139362d353061632d346266612d623031302d31663939323831636131623522\''),('\'fields.2d262218-bf31-4a59-8a2e-c9426ceaa9aa.handle\'','X\'22626f647922\''),('\'fields.2d262218-bf31-4a59-8a2e-c9426ceaa9aa.instructions\'','X\'6e756c6c\''),('\'fields.2d262218-bf31-4a59-8a2e-c9426ceaa9aa.name\'','X\'22436f6e74656e7422\''),('\'fields.2d262218-bf31-4a59-8a2e-c9426ceaa9aa.searchable\'','X\'66616c7365\''),('\'fields.2d262218-bf31-4a59-8a2e-c9426ceaa9aa.settings.availableTransforms\'','X\'2222\''),('\'fields.2d262218-bf31-4a59-8a2e-c9426ceaa9aa.settings.availableVolumes\'','X\'2222\''),('\'fields.2d262218-bf31-4a59-8a2e-c9426ceaa9aa.settings.ckeConfig\'','X\'2233393964313532392d323861662d343966362d396565662d33326264636662366665633822\''),('\'fields.2d262218-bf31-4a59-8a2e-c9426ceaa9aa.settings.columnType\'','X\'227465787422\''),('\'fields.2d262218-bf31-4a59-8a2e-c9426ceaa9aa.settings.defaultTransform\'','X\'6e756c6c\''),('\'fields.2d262218-bf31-4a59-8a2e-c9426ceaa9aa.settings.enableSourceEditingForNonAdmins\'','X\'66616c7365\''),('\'fields.2d262218-bf31-4a59-8a2e-c9426ceaa9aa.settings.purifierConfig\'','X\'6e756c6c\''),('\'fields.2d262218-bf31-4a59-8a2e-c9426ceaa9aa.settings.purifyHtml\'','X\'74727565\''),('\'fields.2d262218-bf31-4a59-8a2e-c9426ceaa9aa.settings.showUnpermittedFiles\'','X\'66616c7365\''),('\'fields.2d262218-bf31-4a59-8a2e-c9426ceaa9aa.settings.showUnpermittedVolumes\'','X\'66616c7365\''),('\'fields.2d262218-bf31-4a59-8a2e-c9426ceaa9aa.settings.showWordCount\'','X\'66616c7365\''),('\'fields.2d262218-bf31-4a59-8a2e-c9426ceaa9aa.settings.wordLimit\'','X\'6e756c6c\''),('\'fields.2d262218-bf31-4a59-8a2e-c9426ceaa9aa.translationKeyFormat\'','X\'6e756c6c\''),('\'fields.2d262218-bf31-4a59-8a2e-c9426ceaa9aa.translationMethod\'','X\'226e6f6e6522\''),('\'fields.2d262218-bf31-4a59-8a2e-c9426ceaa9aa.type\'','X\'2263726166745c5c636b656469746f725c5c4669656c6422\''),('\'fields.5c361d1e-6017-4adf-8640-d5ae4697717b.columnSuffix\'','X\'22777269726f72706d22\''),('\'fields.5c361d1e-6017-4adf-8640-d5ae4697717b.contentColumnType\'','X\'227465787422\''),('\'fields.5c361d1e-6017-4adf-8640-d5ae4697717b.fieldGroup\'','X\'2230323534623139362d353061632d346266612d623031302d31663939323831636131623522\''),('\'fields.5c361d1e-6017-4adf-8640-d5ae4697717b.handle\'','X\'2272656c6174656470726f647563747322\''),('\'fields.5c361d1e-6017-4adf-8640-d5ae4697717b.instructions\'','X\'6e756c6c\''),('\'fields.5c361d1e-6017-4adf-8640-d5ae4697717b.name\'','X\'2272656c6174656450726f647563747322\''),('\'fields.5c361d1e-6017-4adf-8640-d5ae4697717b.searchable\'','X\'66616c7365\''),('\'fields.5c361d1e-6017-4adf-8640-d5ae4697717b.settings.byteLimit\'','X\'6e756c6c\''),('\'fields.5c361d1e-6017-4adf-8640-d5ae4697717b.settings.charLimit\'','X\'6e756c6c\''),('\'fields.5c361d1e-6017-4adf-8640-d5ae4697717b.settings.code\'','X\'66616c7365\''),('\'fields.5c361d1e-6017-4adf-8640-d5ae4697717b.settings.columnType\'','X\'6e756c6c\''),('\'fields.5c361d1e-6017-4adf-8640-d5ae4697717b.settings.initialRows\'','X\'34\''),('\'fields.5c361d1e-6017-4adf-8640-d5ae4697717b.settings.multiline\'','X\'66616c7365\''),('\'fields.5c361d1e-6017-4adf-8640-d5ae4697717b.settings.placeholder\'','X\'6e756c6c\''),('\'fields.5c361d1e-6017-4adf-8640-d5ae4697717b.settings.uiMode\'','X\'226e6f726d616c22\''),('\'fields.5c361d1e-6017-4adf-8640-d5ae4697717b.translationKeyFormat\'','X\'6e756c6c\''),('\'fields.5c361d1e-6017-4adf-8640-d5ae4697717b.translationMethod\'','X\'226e6f6e6522\''),('\'fields.5c361d1e-6017-4adf-8640-d5ae4697717b.type\'','X\'2263726166745c5c6669656c64735c5c506c61696e5465787422\''),('\'fields.6e4365fc-160b-48dc-9f7d-85ad72b138fc.columnSuffix\'','X\'6e756c6c\''),('\'fields.6e4365fc-160b-48dc-9f7d-85ad72b138fc.contentColumnType\'','X\'22737472696e6722\''),('\'fields.6e4365fc-160b-48dc-9f7d-85ad72b138fc.fieldGroup\'','X\'2230323534623139362d353061632d346266612d623031302d31663939323831636131623522\''),('\'fields.6e4365fc-160b-48dc-9f7d-85ad72b138fc.handle\'','X\'2263617465676f727922\''),('\'fields.6e4365fc-160b-48dc-9f7d-85ad72b138fc.instructions\'','X\'6e756c6c\''),('\'fields.6e4365fc-160b-48dc-9f7d-85ad72b138fc.name\'','X\'2243617465676f72696522\''),('\'fields.6e4365fc-160b-48dc-9f7d-85ad72b138fc.searchable\'','X\'66616c7365\''),('\'fields.6e4365fc-160b-48dc-9f7d-85ad72b138fc.settings.allowSelfRelations\'','X\'66616c7365\''),('\'fields.6e4365fc-160b-48dc-9f7d-85ad72b138fc.settings.branchLimit\'','X\'6e756c6c\''),('\'fields.6e4365fc-160b-48dc-9f7d-85ad72b138fc.settings.localizeRelations\'','X\'66616c7365\''),('\'fields.6e4365fc-160b-48dc-9f7d-85ad72b138fc.settings.maintainHierarchy\'','X\'74727565\''),('\'fields.6e4365fc-160b-48dc-9f7d-85ad72b138fc.settings.maxRelations\'','X\'6e756c6c\''),('\'fields.6e4365fc-160b-48dc-9f7d-85ad72b138fc.settings.minRelations\'','X\'6e756c6c\''),('\'fields.6e4365fc-160b-48dc-9f7d-85ad72b138fc.settings.selectionLabel\'','X\'6e756c6c\''),('\'fields.6e4365fc-160b-48dc-9f7d-85ad72b138fc.settings.showSiteMenu\'','X\'66616c7365\''),('\'fields.6e4365fc-160b-48dc-9f7d-85ad72b138fc.settings.source\'','X\'2267726f75703a32363339323964372d373130332d346636652d386538392d33623663316639653638646322\''),('\'fields.6e4365fc-160b-48dc-9f7d-85ad72b138fc.settings.targetSiteId\'','X\'6e756c6c\''),('\'fields.6e4365fc-160b-48dc-9f7d-85ad72b138fc.settings.validateRelatedElements\'','X\'66616c7365\''),('\'fields.6e4365fc-160b-48dc-9f7d-85ad72b138fc.settings.viewMode\'','X\'6e756c6c\''),('\'fields.6e4365fc-160b-48dc-9f7d-85ad72b138fc.translationKeyFormat\'','X\'6e756c6c\''),('\'fields.6e4365fc-160b-48dc-9f7d-85ad72b138fc.translationMethod\'','X\'227369746522\''),('\'fields.6e4365fc-160b-48dc-9f7d-85ad72b138fc.type\'','X\'2263726166745c5c6669656c64735c5c43617465676f7269657322\''),('\'fields.982fb029-5dca-4953-8ae8-1ccffee6b3b7.columnSuffix\'','X\'22776e636a7063736f22\''),('\'fields.982fb029-5dca-4953-8ae8-1ccffee6b3b7.contentColumnType\'','X\'227465787422\''),('\'fields.982fb029-5dca-4953-8ae8-1ccffee6b3b7.fieldGroup\'','X\'2230323534623139362d353061632d346266612d623031302d31663939323831636131623522\''),('\'fields.982fb029-5dca-4953-8ae8-1ccffee6b3b7.handle\'','X\'226465736372697074696f6e22\''),('\'fields.982fb029-5dca-4953-8ae8-1ccffee6b3b7.instructions\'','X\'6e756c6c\''),('\'fields.982fb029-5dca-4953-8ae8-1ccffee6b3b7.name\'','X\'224465736372697074696f6e22\''),('\'fields.982fb029-5dca-4953-8ae8-1ccffee6b3b7.searchable\'','X\'66616c7365\''),('\'fields.982fb029-5dca-4953-8ae8-1ccffee6b3b7.settings.byteLimit\'','X\'6e756c6c\''),('\'fields.982fb029-5dca-4953-8ae8-1ccffee6b3b7.settings.charLimit\'','X\'6e756c6c\''),('\'fields.982fb029-5dca-4953-8ae8-1ccffee6b3b7.settings.code\'','X\'66616c7365\''),('\'fields.982fb029-5dca-4953-8ae8-1ccffee6b3b7.settings.columnType\'','X\'6e756c6c\''),('\'fields.982fb029-5dca-4953-8ae8-1ccffee6b3b7.settings.initialRows\'','X\'34\''),('\'fields.982fb029-5dca-4953-8ae8-1ccffee6b3b7.settings.multiline\'','X\'66616c7365\''),('\'fields.982fb029-5dca-4953-8ae8-1ccffee6b3b7.settings.placeholder\'','X\'6e756c6c\''),('\'fields.982fb029-5dca-4953-8ae8-1ccffee6b3b7.settings.uiMode\'','X\'226e6f726d616c22\''),('\'fields.982fb029-5dca-4953-8ae8-1ccffee6b3b7.translationKeyFormat\'','X\'6e756c6c\''),('\'fields.982fb029-5dca-4953-8ae8-1ccffee6b3b7.translationMethod\'','X\'226e6f6e6522\''),('\'fields.982fb029-5dca-4953-8ae8-1ccffee6b3b7.type\'','X\'2263726166745c5c6669656c64735c5c506c61696e5465787422\''),('\'fields.af15f70b-19cc-45e2-9dbf-15b74f7e3cc7.columnSuffix\'','X\'6e756c6c\''),('\'fields.af15f70b-19cc-45e2-9dbf-15b74f7e3cc7.contentColumnType\'','X\'22737472696e6722\''),('\'fields.af15f70b-19cc-45e2-9dbf-15b74f7e3cc7.fieldGroup\'','X\'2230323534623139362d353061632d346266612d623031302d31663939323831636131623522\''),('\'fields.af15f70b-19cc-45e2-9dbf-15b74f7e3cc7.handle\'','X\'22696d61676522\''),('\'fields.af15f70b-19cc-45e2-9dbf-15b74f7e3cc7.instructions\'','X\'6e756c6c\''),('\'fields.af15f70b-19cc-45e2-9dbf-15b74f7e3cc7.name\'','X\'22496d61676522\''),('\'fields.af15f70b-19cc-45e2-9dbf-15b74f7e3cc7.searchable\'','X\'66616c7365\''),('\'fields.af15f70b-19cc-45e2-9dbf-15b74f7e3cc7.settings.allowedKinds\'','X\'6e756c6c\''),('\'fields.af15f70b-19cc-45e2-9dbf-15b74f7e3cc7.settings.allowSelfRelations\'','X\'66616c7365\''),('\'fields.af15f70b-19cc-45e2-9dbf-15b74f7e3cc7.settings.allowSubfolders\'','X\'66616c7365\''),('\'fields.af15f70b-19cc-45e2-9dbf-15b74f7e3cc7.settings.allowUploads\'','X\'74727565\''),('\'fields.af15f70b-19cc-45e2-9dbf-15b74f7e3cc7.settings.branchLimit\'','X\'6e756c6c\''),('\'fields.af15f70b-19cc-45e2-9dbf-15b74f7e3cc7.settings.defaultUploadLocationSource\'','X\'22766f6c756d653a64376531623065612d376136302d343436342d616362332d66373663616230613338303522\''),('\'fields.af15f70b-19cc-45e2-9dbf-15b74f7e3cc7.settings.defaultUploadLocationSubpath\'','X\'227b736c75677d22\''),('\'fields.af15f70b-19cc-45e2-9dbf-15b74f7e3cc7.settings.localizeRelations\'','X\'66616c7365\''),('\'fields.af15f70b-19cc-45e2-9dbf-15b74f7e3cc7.settings.maintainHierarchy\'','X\'66616c7365\''),('\'fields.af15f70b-19cc-45e2-9dbf-15b74f7e3cc7.settings.maxRelations\'','X\'6e756c6c\''),('\'fields.af15f70b-19cc-45e2-9dbf-15b74f7e3cc7.settings.minRelations\'','X\'6e756c6c\''),('\'fields.af15f70b-19cc-45e2-9dbf-15b74f7e3cc7.settings.previewMode\'','X\'2266756c6c22\''),('\'fields.af15f70b-19cc-45e2-9dbf-15b74f7e3cc7.settings.restrictedDefaultUploadSubpath\'','X\'6e756c6c\''),('\'fields.af15f70b-19cc-45e2-9dbf-15b74f7e3cc7.settings.restrictedLocationSource\'','X\'22766f6c756d653a64376531623065612d376136302d343436342d616362332d66373663616230613338303522\''),('\'fields.af15f70b-19cc-45e2-9dbf-15b74f7e3cc7.settings.restrictedLocationSubpath\'','X\'6e756c6c\''),('\'fields.af15f70b-19cc-45e2-9dbf-15b74f7e3cc7.settings.restrictFiles\'','X\'66616c7365\''),('\'fields.af15f70b-19cc-45e2-9dbf-15b74f7e3cc7.settings.restrictLocation\'','X\'66616c7365\''),('\'fields.af15f70b-19cc-45e2-9dbf-15b74f7e3cc7.settings.selectionCondition.__assoc__.0.0\'','X\'22656c656d656e745479706522\''),('\'fields.af15f70b-19cc-45e2-9dbf-15b74f7e3cc7.settings.selectionCondition.__assoc__.0.1\'','X\'2263726166745c5c656c656d656e74735c5c417373657422\''),('\'fields.af15f70b-19cc-45e2-9dbf-15b74f7e3cc7.settings.selectionCondition.__assoc__.1.0\'','X\'226669656c64436f6e7465787422\''),('\'fields.af15f70b-19cc-45e2-9dbf-15b74f7e3cc7.settings.selectionCondition.__assoc__.1.1\'','X\'22676c6f62616c22\''),('\'fields.af15f70b-19cc-45e2-9dbf-15b74f7e3cc7.settings.selectionCondition.__assoc__.2.0\'','X\'22636c61737322\''),('\'fields.af15f70b-19cc-45e2-9dbf-15b74f7e3cc7.settings.selectionCondition.__assoc__.2.1\'','X\'2263726166745c5c656c656d656e74735c5c636f6e646974696f6e735c5c6173736574735c5c4173736574436f6e646974696f6e22\''),('\'fields.af15f70b-19cc-45e2-9dbf-15b74f7e3cc7.settings.selectionLabel\'','X\'6e756c6c\''),('\'fields.af15f70b-19cc-45e2-9dbf-15b74f7e3cc7.settings.showSiteMenu\'','X\'66616c7365\''),('\'fields.af15f70b-19cc-45e2-9dbf-15b74f7e3cc7.settings.showUnpermittedFiles\'','X\'66616c7365\''),('\'fields.af15f70b-19cc-45e2-9dbf-15b74f7e3cc7.settings.showUnpermittedVolumes\'','X\'66616c7365\''),('\'fields.af15f70b-19cc-45e2-9dbf-15b74f7e3cc7.settings.sources.0\'','X\'22766f6c756d653a64376531623065612d376136302d343436342d616362332d66373663616230613338303522\''),('\'fields.af15f70b-19cc-45e2-9dbf-15b74f7e3cc7.settings.targetSiteId\'','X\'6e756c6c\''),('\'fields.af15f70b-19cc-45e2-9dbf-15b74f7e3cc7.settings.validateRelatedElements\'','X\'66616c7365\''),('\'fields.af15f70b-19cc-45e2-9dbf-15b74f7e3cc7.settings.viewMode\'','X\'226c69737422\''),('\'fields.af15f70b-19cc-45e2-9dbf-15b74f7e3cc7.translationKeyFormat\'','X\'6e756c6c\''),('\'fields.af15f70b-19cc-45e2-9dbf-15b74f7e3cc7.translationMethod\'','X\'227369746522\''),('\'fields.af15f70b-19cc-45e2-9dbf-15b74f7e3cc7.type\'','X\'2263726166745c5c6669656c64735c5c41737365747322\''),('\'fields.cd21de08-f4ca-4d17-a254-fe9c888c9258.columnSuffix\'','X\'22716a73656c796a7122\''),('\'fields.cd21de08-f4ca-4d17-a254-fe9c888c9258.contentColumnType\'','X\'22696e74656765722831302922\''),('\'fields.cd21de08-f4ca-4d17-a254-fe9c888c9258.fieldGroup\'','X\'2230323534623139362d353061632d346266612d623031302d31663939323831636131623522\''),('\'fields.cd21de08-f4ca-4d17-a254-fe9c888c9258.handle\'','X\'22707269636522\''),('\'fields.cd21de08-f4ca-4d17-a254-fe9c888c9258.instructions\'','X\'6e756c6c\''),('\'fields.cd21de08-f4ca-4d17-a254-fe9c888c9258.name\'','X\'22507269636522\''),('\'fields.cd21de08-f4ca-4d17-a254-fe9c888c9258.searchable\'','X\'66616c7365\''),('\'fields.cd21de08-f4ca-4d17-a254-fe9c888c9258.settings.decimals\'','X\'30\''),('\'fields.cd21de08-f4ca-4d17-a254-fe9c888c9258.settings.defaultValue\'','X\'6e756c6c\''),('\'fields.cd21de08-f4ca-4d17-a254-fe9c888c9258.settings.max\'','X\'6e756c6c\''),('\'fields.cd21de08-f4ca-4d17-a254-fe9c888c9258.settings.min\'','X\'30\''),('\'fields.cd21de08-f4ca-4d17-a254-fe9c888c9258.settings.prefix\'','X\'6e756c6c\''),('\'fields.cd21de08-f4ca-4d17-a254-fe9c888c9258.settings.previewCurrency\'','X\'6e756c6c\''),('\'fields.cd21de08-f4ca-4d17-a254-fe9c888c9258.settings.previewFormat\'','X\'22646563696d616c22\''),('\'fields.cd21de08-f4ca-4d17-a254-fe9c888c9258.settings.size\'','X\'6e756c6c\''),('\'fields.cd21de08-f4ca-4d17-a254-fe9c888c9258.settings.suffix\'','X\'6e756c6c\''),('\'fields.cd21de08-f4ca-4d17-a254-fe9c888c9258.translationKeyFormat\'','X\'6e756c6c\''),('\'fields.cd21de08-f4ca-4d17-a254-fe9c888c9258.translationMethod\'','X\'226e6f6e6522\''),('\'fields.cd21de08-f4ca-4d17-a254-fe9c888c9258.type\'','X\'2263726166745c5c6669656c64735c5c4e756d62657222\''),('\'fs.uploads.hasUrls\'','X\'74727565\''),('\'fs.uploads.name\'','X\'2255706c6f61647322\''),('\'fs.uploads.settings.path\'','X\'222f7661722f7777772f68746d6c2f7765622f75706c6f61647322\''),('\'fs.uploads.type\'','X\'2263726166745c5c66735c5c4c6f63616c22\''),('\'fs.uploads.url\'','X\'222f75706c6f61647322\''),('\'meta.__names__.0254b196-50ac-4bfa-b010-1f99281ca1b5\'','X\'22436f6d6d6f6e22\''),('\'meta.__names__.263929d7-7103-4f6e-8e89-3b6c1f9e68dc\'','X\'2250726f64756374732043617465676f7269657322\''),('\'meta.__names__.2d262218-bf31-4a59-8a2e-c9426ceaa9aa\'','X\'22436f6e74656e7422\''),('\'meta.__names__.35e0920c-0f1a-4de3-a855-cd925e5aac85\'','X\'22506167657322\''),('\'meta.__names__.399d1529-28af-49f6-9eef-32bdcfb6fec8\'','X\'2253696d706c6522\''),('\'meta.__names__.5c361d1e-6017-4adf-8640-d5ae4697717b\'','X\'2272656c6174656450726f647563747322\''),('\'meta.__names__.668e7aaa-8b94-4b22-b980-38e1701e7d20\'','X\'2244656661756c7422\''),('\'meta.__names__.6b872adc-59d6-4c88-bc2e-3da36dce9594\'','X\'2244656661756c7422\''),('\'meta.__names__.6e4365fc-160b-48dc-9f7d-85ad72b138fc\'','X\'2243617465676f72696522\''),('\'meta.__names__.7920aead-63d2-456d-9d49-5395aa85b1a0\'','X\'22486f6d6522\''),('\'meta.__names__.7d2ec9bb-3721-4de3-a6f7-a22c52a85eee\'','X\'22436f6e7461637422\''),('\'meta.__names__.839dd7f1-0eb7-4069-bdb9-16ffd00a4887\'','X\'22637261667422\''),('\'meta.__names__.860b4aa3-147f-43dd-a4bb-6b0577da1f93\'','X\'22486f6d6522\''),('\'meta.__names__.8a477524-9b34-47ab-b807-ab232caa26a1\'','X\'2250726f6475637422\''),('\'meta.__names__.982fb029-5dca-4953-8ae8-1ccffee6b3b7\'','X\'224465736372697074696f6e22\''),('\'meta.__names__.9db4bc4c-0a0b-411f-85fb-11b3cfa77af6\'','X\'22436f6e7461637422\''),('\'meta.__names__.af15f70b-19cc-45e2-9dbf-15b74f7e3cc7\'','X\'22496d61676522\''),('\'meta.__names__.cd21de08-f4ca-4d17-a254-fe9c888c9258\'','X\'22507269636522\''),('\'meta.__names__.d7e1b0ea-7a60-4464-acb3-f76cab0a3805\'','X\'22696d6167657322\''),('\'meta.__names__.e360b3e5-21a4-4612-a660-bfb24c3360a4\'','X\'22637261667422\''),('\'plugins.ckeditor.edition\'','X\'227374616e6461726422\''),('\'plugins.ckeditor.enabled\'','X\'74727565\''),('\'plugins.ckeditor.schemaVersion\'','X\'22332e302e302e3022\''),('\'plugins.wheelform.edition\'','X\'227374616e6461726422\''),('\'plugins.wheelform.enabled\'','X\'74727565\''),('\'plugins.wheelform.schemaVersion\'','X\'22322e302e3022\''),('\'plugins.wheelform.settings.cp_label\'','X\'22466f726d7322\''),('\'plugins.wheelform.settings.disabled_fields.0\'','X\'22656d61696c22\''),('\'plugins.wheelform.settings.from_email\'','X\'226e696b6964796d6f4073747564656e742e6172746576656c646568732e626522\''),('\'plugins.wheelform.settings.from_name\'','X\'2222\''),('\'plugins.wheelform.settings.recaptcha_min_score\'','X\'22302e3522\''),('\'plugins.wheelform.settings.recaptcha_public\'','X\'2222\''),('\'plugins.wheelform.settings.recaptcha_secret\'','X\'2222\''),('\'plugins.wheelform.settings.recaptcha_version\'','X\'223322\''),('\'plugins.wheelform.settings.success_message\'','X\'225468616e6b20596f75212077652077696c6c2072657669657720796f7572207375626d697373696f6e2073686f72746c792e22\''),('\'plugins.wheelform.settings.volume_id\'','X\'223122\''),('\'sections.35e0920c-0f1a-4de3-a855-cd925e5aac85.defaultPlacement\'','X\'22656e6422\''),('\'sections.35e0920c-0f1a-4de3-a855-cd925e5aac85.enableVersioning\'','X\'74727565\''),('\'sections.35e0920c-0f1a-4de3-a855-cd925e5aac85.handle\'','X\'22706167657322\''),('\'sections.35e0920c-0f1a-4de3-a855-cd925e5aac85.name\'','X\'22506167657322\''),('\'sections.35e0920c-0f1a-4de3-a855-cd925e5aac85.propagationMethod\'','X\'22616c6c22\''),('\'sections.35e0920c-0f1a-4de3-a855-cd925e5aac85.siteSettings.839dd7f1-0eb7-4069-bdb9-16ffd00a4887.enabledByDefault\'','X\'74727565\''),('\'sections.35e0920c-0f1a-4de3-a855-cd925e5aac85.siteSettings.839dd7f1-0eb7-4069-bdb9-16ffd00a4887.hasUrls\'','X\'74727565\''),('\'sections.35e0920c-0f1a-4de3-a855-cd925e5aac85.siteSettings.839dd7f1-0eb7-4069-bdb9-16ffd00a4887.template\'','X\'2270616765732f5f656e74727922\''),('\'sections.35e0920c-0f1a-4de3-a855-cd925e5aac85.siteSettings.839dd7f1-0eb7-4069-bdb9-16ffd00a4887.uriFormat\'','X\'2270616765732f7b736c75677d22\''),('\'sections.35e0920c-0f1a-4de3-a855-cd925e5aac85.structure.maxLevels\'','X\'32\''),('\'sections.35e0920c-0f1a-4de3-a855-cd925e5aac85.structure.uid\'','X\'2239313863343033652d643637392d346333392d383035392d62356161643830643866363422\''),('\'sections.35e0920c-0f1a-4de3-a855-cd925e5aac85.type\'','X\'2273747275637475726522\''),('\'sections.7920aead-63d2-456d-9d49-5395aa85b1a0.defaultPlacement\'','X\'22656e6422\''),('\'sections.7920aead-63d2-456d-9d49-5395aa85b1a0.enableVersioning\'','X\'74727565\''),('\'sections.7920aead-63d2-456d-9d49-5395aa85b1a0.handle\'','X\'22686f6d6522\''),('\'sections.7920aead-63d2-456d-9d49-5395aa85b1a0.name\'','X\'22486f6d6522\''),('\'sections.7920aead-63d2-456d-9d49-5395aa85b1a0.propagationMethod\'','X\'22616c6c22\''),('\'sections.7920aead-63d2-456d-9d49-5395aa85b1a0.siteSettings.839dd7f1-0eb7-4069-bdb9-16ffd00a4887.enabledByDefault\'','X\'74727565\''),('\'sections.7920aead-63d2-456d-9d49-5395aa85b1a0.siteSettings.839dd7f1-0eb7-4069-bdb9-16ffd00a4887.hasUrls\'','X\'74727565\''),('\'sections.7920aead-63d2-456d-9d49-5395aa85b1a0.siteSettings.839dd7f1-0eb7-4069-bdb9-16ffd00a4887.template\'','X\'22696e64657822\''),('\'sections.7920aead-63d2-456d-9d49-5395aa85b1a0.siteSettings.839dd7f1-0eb7-4069-bdb9-16ffd00a4887.uriFormat\'','X\'225f5f686f6d655f5f22\''),('\'sections.7920aead-63d2-456d-9d49-5395aa85b1a0.type\'','X\'2273696e676c6522\''),('\'sections.7d2ec9bb-3721-4de3-a6f7-a22c52a85eee.defaultPlacement\'','X\'22656e6422\''),('\'sections.7d2ec9bb-3721-4de3-a6f7-a22c52a85eee.enableVersioning\'','X\'74727565\''),('\'sections.7d2ec9bb-3721-4de3-a6f7-a22c52a85eee.handle\'','X\'22636f6e7461637422\''),('\'sections.7d2ec9bb-3721-4de3-a6f7-a22c52a85eee.name\'','X\'22436f6e7461637422\''),('\'sections.7d2ec9bb-3721-4de3-a6f7-a22c52a85eee.propagationMethod\'','X\'22616c6c22\''),('\'sections.7d2ec9bb-3721-4de3-a6f7-a22c52a85eee.siteSettings.839dd7f1-0eb7-4069-bdb9-16ffd00a4887.enabledByDefault\'','X\'74727565\''),('\'sections.7d2ec9bb-3721-4de3-a6f7-a22c52a85eee.siteSettings.839dd7f1-0eb7-4069-bdb9-16ffd00a4887.hasUrls\'','X\'74727565\''),('\'sections.7d2ec9bb-3721-4de3-a6f7-a22c52a85eee.siteSettings.839dd7f1-0eb7-4069-bdb9-16ffd00a4887.template\'','X\'22636f6e746163742f5f636f6e74616374652e7477696722\''),('\'sections.7d2ec9bb-3721-4de3-a6f7-a22c52a85eee.siteSettings.839dd7f1-0eb7-4069-bdb9-16ffd00a4887.uriFormat\'','X\'22636f6e7461637422\''),('\'sections.7d2ec9bb-3721-4de3-a6f7-a22c52a85eee.type\'','X\'2273696e676c6522\''),('\'sections.8a477524-9b34-47ab-b807-ab232caa26a1.defaultPlacement\'','X\'22656e6422\''),('\'sections.8a477524-9b34-47ab-b807-ab232caa26a1.enableVersioning\'','X\'74727565\''),('\'sections.8a477524-9b34-47ab-b807-ab232caa26a1.handle\'','X\'2270726f647563747322\''),('\'sections.8a477524-9b34-47ab-b807-ab232caa26a1.name\'','X\'2250726f6475637422\''),('\'sections.8a477524-9b34-47ab-b807-ab232caa26a1.propagationMethod\'','X\'22616c6c22\''),('\'sections.8a477524-9b34-47ab-b807-ab232caa26a1.siteSettings.839dd7f1-0eb7-4069-bdb9-16ffd00a4887.enabledByDefault\'','X\'74727565\''),('\'sections.8a477524-9b34-47ab-b807-ab232caa26a1.siteSettings.839dd7f1-0eb7-4069-bdb9-16ffd00a4887.hasUrls\'','X\'74727565\''),('\'sections.8a477524-9b34-47ab-b807-ab232caa26a1.siteSettings.839dd7f1-0eb7-4069-bdb9-16ffd00a4887.template\'','X\'2270726f647563742f5f656e74727922\''),('\'sections.8a477524-9b34-47ab-b807-ab232caa26a1.siteSettings.839dd7f1-0eb7-4069-bdb9-16ffd00a4887.uriFormat\'','X\'2270726f64756374732f7b736c75677d22\''),('\'sections.8a477524-9b34-47ab-b807-ab232caa26a1.type\'','X\'226368616e6e656c22\''),('\'siteGroups.e360b3e5-21a4-4612-a660-bfb24c3360a4.name\'','X\'22637261667422\''),('\'sites.839dd7f1-0eb7-4069-bdb9-16ffd00a4887.baseUrl\'','X\'22245052494d4152595f534954455f55524c22\''),('\'sites.839dd7f1-0eb7-4069-bdb9-16ffd00a4887.handle\'','X\'2264656661756c7422\''),('\'sites.839dd7f1-0eb7-4069-bdb9-16ffd00a4887.hasUrls\'','X\'74727565\''),('\'sites.839dd7f1-0eb7-4069-bdb9-16ffd00a4887.language\'','X\'22656e2d555322\''),('\'sites.839dd7f1-0eb7-4069-bdb9-16ffd00a4887.name\'','X\'22637261667422\''),('\'sites.839dd7f1-0eb7-4069-bdb9-16ffd00a4887.primary\'','X\'74727565\''),('\'sites.839dd7f1-0eb7-4069-bdb9-16ffd00a4887.siteGroup\'','X\'2265333630623365352d323161342d343631322d613636302d62666232346333333630613422\''),('\'sites.839dd7f1-0eb7-4069-bdb9-16ffd00a4887.sortOrder\'','X\'31\''),('\'system.edition\'','X\'22736f6c6f22\''),('\'system.live\'','X\'74727565\''),('\'system.name\'','X\'22637261667422\''),('\'system.schemaVersion\'','X\'22342e352e332e3022\''),('\'system.timeZone\'','X\'22416d65726963612f4c6f735f416e67656c657322\''),('\'users.allowPublicRegistration\'','X\'66616c7365\''),('\'users.defaultGroup\'','X\'6e756c6c\''),('\'users.photoSubpath\'','X\'6e756c6c\''),('\'users.photoVolumeUid\'','X\'6e756c6c\''),('\'users.requireEmailVerification\'','X\'74727565\''),('\'volumes.d7e1b0ea-7a60-4464-acb3-f76cab0a3805.fieldLayouts.9343c105-1247-4ccd-95a6-05016bc24da9.tabs.0.elementCondition\'','X\'6e756c6c\''),('\'volumes.d7e1b0ea-7a60-4464-acb3-f76cab0a3805.fieldLayouts.9343c105-1247-4ccd-95a6-05016bc24da9.tabs.0.elements.0.autocapitalize\'','X\'74727565\''),('\'volumes.d7e1b0ea-7a60-4464-acb3-f76cab0a3805.fieldLayouts.9343c105-1247-4ccd-95a6-05016bc24da9.tabs.0.elements.0.autocomplete\'','X\'66616c7365\''),('\'volumes.d7e1b0ea-7a60-4464-acb3-f76cab0a3805.fieldLayouts.9343c105-1247-4ccd-95a6-05016bc24da9.tabs.0.elements.0.autocorrect\'','X\'74727565\''),('\'volumes.d7e1b0ea-7a60-4464-acb3-f76cab0a3805.fieldLayouts.9343c105-1247-4ccd-95a6-05016bc24da9.tabs.0.elements.0.class\'','X\'6e756c6c\''),('\'volumes.d7e1b0ea-7a60-4464-acb3-f76cab0a3805.fieldLayouts.9343c105-1247-4ccd-95a6-05016bc24da9.tabs.0.elements.0.disabled\'','X\'66616c7365\''),('\'volumes.d7e1b0ea-7a60-4464-acb3-f76cab0a3805.fieldLayouts.9343c105-1247-4ccd-95a6-05016bc24da9.tabs.0.elements.0.elementCondition\'','X\'6e756c6c\''),('\'volumes.d7e1b0ea-7a60-4464-acb3-f76cab0a3805.fieldLayouts.9343c105-1247-4ccd-95a6-05016bc24da9.tabs.0.elements.0.id\'','X\'6e756c6c\''),('\'volumes.d7e1b0ea-7a60-4464-acb3-f76cab0a3805.fieldLayouts.9343c105-1247-4ccd-95a6-05016bc24da9.tabs.0.elements.0.instructions\'','X\'6e756c6c\''),('\'volumes.d7e1b0ea-7a60-4464-acb3-f76cab0a3805.fieldLayouts.9343c105-1247-4ccd-95a6-05016bc24da9.tabs.0.elements.0.label\'','X\'6e756c6c\''),('\'volumes.d7e1b0ea-7a60-4464-acb3-f76cab0a3805.fieldLayouts.9343c105-1247-4ccd-95a6-05016bc24da9.tabs.0.elements.0.max\'','X\'6e756c6c\''),('\'volumes.d7e1b0ea-7a60-4464-acb3-f76cab0a3805.fieldLayouts.9343c105-1247-4ccd-95a6-05016bc24da9.tabs.0.elements.0.min\'','X\'6e756c6c\''),('\'volumes.d7e1b0ea-7a60-4464-acb3-f76cab0a3805.fieldLayouts.9343c105-1247-4ccd-95a6-05016bc24da9.tabs.0.elements.0.name\'','X\'6e756c6c\''),('\'volumes.d7e1b0ea-7a60-4464-acb3-f76cab0a3805.fieldLayouts.9343c105-1247-4ccd-95a6-05016bc24da9.tabs.0.elements.0.orientation\'','X\'6e756c6c\''),('\'volumes.d7e1b0ea-7a60-4464-acb3-f76cab0a3805.fieldLayouts.9343c105-1247-4ccd-95a6-05016bc24da9.tabs.0.elements.0.placeholder\'','X\'6e756c6c\''),('\'volumes.d7e1b0ea-7a60-4464-acb3-f76cab0a3805.fieldLayouts.9343c105-1247-4ccd-95a6-05016bc24da9.tabs.0.elements.0.readonly\'','X\'66616c7365\''),('\'volumes.d7e1b0ea-7a60-4464-acb3-f76cab0a3805.fieldLayouts.9343c105-1247-4ccd-95a6-05016bc24da9.tabs.0.elements.0.requirable\'','X\'66616c7365\''),('\'volumes.d7e1b0ea-7a60-4464-acb3-f76cab0a3805.fieldLayouts.9343c105-1247-4ccd-95a6-05016bc24da9.tabs.0.elements.0.size\'','X\'6e756c6c\''),('\'volumes.d7e1b0ea-7a60-4464-acb3-f76cab0a3805.fieldLayouts.9343c105-1247-4ccd-95a6-05016bc24da9.tabs.0.elements.0.step\'','X\'6e756c6c\''),('\'volumes.d7e1b0ea-7a60-4464-acb3-f76cab0a3805.fieldLayouts.9343c105-1247-4ccd-95a6-05016bc24da9.tabs.0.elements.0.tip\'','X\'6e756c6c\''),('\'volumes.d7e1b0ea-7a60-4464-acb3-f76cab0a3805.fieldLayouts.9343c105-1247-4ccd-95a6-05016bc24da9.tabs.0.elements.0.title\'','X\'6e756c6c\''),('\'volumes.d7e1b0ea-7a60-4464-acb3-f76cab0a3805.fieldLayouts.9343c105-1247-4ccd-95a6-05016bc24da9.tabs.0.elements.0.type\'','X\'2263726166745c5c6669656c646c61796f7574656c656d656e74735c5c6173736574735c5c41737365745469746c654669656c6422\''),('\'volumes.d7e1b0ea-7a60-4464-acb3-f76cab0a3805.fieldLayouts.9343c105-1247-4ccd-95a6-05016bc24da9.tabs.0.elements.0.uid\'','X\'2239666633343933332d376230392d346464322d383234662d63636137376562663133326422\''),('\'volumes.d7e1b0ea-7a60-4464-acb3-f76cab0a3805.fieldLayouts.9343c105-1247-4ccd-95a6-05016bc24da9.tabs.0.elements.0.userCondition\'','X\'6e756c6c\''),('\'volumes.d7e1b0ea-7a60-4464-acb3-f76cab0a3805.fieldLayouts.9343c105-1247-4ccd-95a6-05016bc24da9.tabs.0.elements.0.warning\'','X\'6e756c6c\''),('\'volumes.d7e1b0ea-7a60-4464-acb3-f76cab0a3805.fieldLayouts.9343c105-1247-4ccd-95a6-05016bc24da9.tabs.0.elements.0.width\'','X\'313030\''),('\'volumes.d7e1b0ea-7a60-4464-acb3-f76cab0a3805.fieldLayouts.9343c105-1247-4ccd-95a6-05016bc24da9.tabs.0.name\'','X\'22436f6e74656e7422\''),('\'volumes.d7e1b0ea-7a60-4464-acb3-f76cab0a3805.fieldLayouts.9343c105-1247-4ccd-95a6-05016bc24da9.tabs.0.uid\'','X\'2237386166393064362d353337342d343339352d616166332d37666130353662626566643022\''),('\'volumes.d7e1b0ea-7a60-4464-acb3-f76cab0a3805.fieldLayouts.9343c105-1247-4ccd-95a6-05016bc24da9.tabs.0.userCondition\'','X\'6e756c6c\''),('\'volumes.d7e1b0ea-7a60-4464-acb3-f76cab0a3805.fs\'','X\'2275706c6f61647322\''),('\'volumes.d7e1b0ea-7a60-4464-acb3-f76cab0a3805.handle\'','X\'22696d6167657322\''),('\'volumes.d7e1b0ea-7a60-4464-acb3-f76cab0a3805.name\'','X\'22696d6167657322\''),('\'volumes.d7e1b0ea-7a60-4464-acb3-f76cab0a3805.sortOrder\'','X\'31\''),('\'volumes.d7e1b0ea-7a60-4464-acb3-f76cab0a3805.titleTranslationKeyFormat\'','X\'6e756c6c\''),('\'volumes.d7e1b0ea-7a60-4464-acb3-f76cab0a3805.titleTranslationMethod\'','X\'227369746522\''),('\'volumes.d7e1b0ea-7a60-4464-acb3-f76cab0a3805.transformFs\'','X\'2222\''),('\'volumes.d7e1b0ea-7a60-4464-acb3-f76cab0a3805.transformSubpath\'','X\'2222\'');


INSERT INTO relations(id,fieldId,sourceId,sourceSiteId,targetId,sortOrder,dateCreated,dateUpdated,uid) VALUES('2','5','32','NULL','50','1','\'2023-11-04 22:18:37\'','\'2023-11-04 22:18:37\'','\'06614e07-a01d-4797-a023-63e169f82c75\''),('3','5','54','NULL','50','1','\'2023-11-04 22:18:37\'','\'2023-11-04 22:18:37\'','\'8e7d219d-7300-45f3-a737-6dab14634ee3\''),('5','5','28','NULL','51','1','\'2023-11-04 22:18:55\'','\'2023-11-04 22:18:55\'','\'ca86a6a2-bf53-4267-9f9d-bff25457792e\''),('6','5','56','NULL','51','1','\'2023-11-04 22:18:55\'','\'2023-11-04 22:18:55\'','\'a35e5d30-7544-4101-a63a-f979b8bab73f\''),('8','5','30','NULL','49','1','\'2023-11-04 22:19:04\'','\'2023-11-04 22:19:04\'','\'070de745-ae94-43db-91e5-e6ac152d4f70\''),('9','5','58','NULL','49','1','\'2023-11-04 22:19:04\'','\'2023-11-04 22:19:04\'','\'5c54a6c8-a02c-4bfb-be7c-0c96d0876918\''),('13','5','63','NULL','50','1','\'2023-11-07 09:19:30\'','\'2023-11-07 09:19:30\'','\'bc2caea4-4dec-4c99-8175-0a6373c0f29c\''),('14','6','63','NULL','61','1','\'2023-11-07 09:19:30\'','\'2023-11-07 09:19:30\'','\'cefbf360-c5d9-46a2-8548-55177d9cde3c\''),('17','6','28','NULL','64','1','\'2023-11-07 09:20:07\'','\'2023-11-07 09:20:07\'','\'d759ea2d-a876-43dd-9abe-ac94689a8e19\''),('18','5','66','NULL','51','1','\'2023-11-07 09:20:07\'','\'2023-11-07 09:20:07\'','\'428702c0-eb5e-4dbd-8e14-3e28a935512a\''),('19','6','66','NULL','64','1','\'2023-11-07 09:20:07\'','\'2023-11-07 09:20:07\'','\'374b670d-81dd-4743-947e-0d0ba98d82c0\''),('22','6','30','NULL','67','1','\'2023-11-07 09:20:27\'','\'2023-11-07 09:20:27\'','\'0bb1f40c-f985-4a2c-84b6-a765e7c331b3\''),('23','5','69','NULL','49','1','\'2023-11-07 09:20:27\'','\'2023-11-07 09:20:27\'','\'f5ce564c-14a0-4589-9288-34c8d0c2d75b\''),('24','6','69','NULL','67','1','\'2023-11-07 09:20:27\'','\'2023-11-07 09:20:27\'','\'bdbdfff6-202d-4a99-8ae5-227186ab49d3\''),('27','5','72','NULL','50','1','\'2023-11-07 09:24:51\'','\'2023-11-07 09:24:51\'','\'49103692-277b-45a9-963f-ff1e32919479\''),('30','6','32','NULL','73','1','\'2023-11-07 09:25:41\'','\'2023-11-07 09:25:41\'','\'e8dc9778-120a-4b53-856c-f8482293bf16\''),('31','5','75','NULL','50','1','\'2023-11-07 09:25:41\'','\'2023-11-07 09:25:41\'','\'4b4404fc-c7d0-4873-a786-b9f1ac428bc5\''),('32','6','75','NULL','73','1','\'2023-11-07 09:25:41\'','\'2023-11-07 09:25:41\'','\'fcbd7b8c-6b0e-4ae0-8417-36c719535c0a\''),('33','5','76','NULL','50','1','\'2023-11-07 09:32:35\'','\'2023-11-07 09:32:35\'','\'ae400662-5254-4b94-8ee2-6f332e1c0810\''),('34','6','76','NULL','73','1','\'2023-11-07 09:32:35\'','\'2023-11-07 09:32:35\'','\'cb51f937-aef0-4787-bb50-df9699b0fdcb\''),('37','5','78','NULL','50','1','\'2023-11-07 09:33:06\'','\'2023-11-07 09:33:06\'','\'82667cad-b0c8-494c-a65a-45fd26081aae\''),('38','6','78','NULL','73','1','\'2023-11-07 09:33:06\'','\'2023-11-07 09:33:06\'','\'fb2e94c9-318b-4f5d-9a90-07ba8505aa84\''),('41','5','80','NULL','50','1','\'2023-11-07 09:34:06\'','\'2023-11-07 09:34:06\'','\'52d766fd-a0b8-4ce3-a754-6ca6606b3ad3\''),('42','6','80','NULL','73','1','\'2023-11-07 09:34:06\'','\'2023-11-07 09:34:06\'','\'79cfb371-a435-408e-900c-3fabc5973f83\''),('43','5','28','NULL','81','NULL','\'2023-11-07 09:40:10\'','\'2023-11-07 09:40:10\'','\'3a18ac38-2c2e-43fe-8c41-b662d50aa646\''),('44','5','56','NULL','81','NULL','\'2023-11-07 09:40:10\'','\'2023-11-07 09:40:10\'','\'9e0cc959-6cbe-405d-b993-f21071e0c5b8\''),('45','5','66','NULL','81','NULL','\'2023-11-07 09:40:10\'','\'2023-11-07 09:40:10\'','\'15f3f9b1-3cc8-46c0-9c40-6465e657486b\''),('46','5','84','NULL','49','1','\'2023-11-08 18:11:48\'','\'2023-11-08 18:11:48\'','\'3526344f-d164-446c-a4cc-dcb2a1c3212c\''),('47','6','84','NULL','85','1','\'2023-11-08 18:14:19\'','\'2023-11-08 18:14:19\'','\'5b068edd-c191-495d-8f14-f2b1e0b187d8\''),('48','6','84','NULL','86','2','\'2023-11-08 18:14:19\'','\'2023-11-08 18:14:19\'','\'c1556c7e-47a4-4a11-9e5f-9e6d93059d1e\''),('49','5','87','NULL','49','1','\'2023-11-08 18:14:22\'','\'2023-11-08 18:14:22\'','\'1dd18c31-bf44-41f6-a583-89278b26c2a2\''),('50','6','87','NULL','85','1','\'2023-11-08 18:14:22\'','\'2023-11-08 18:14:22\'','\'40f51951-c5ca-4581-a1c9-2d45425ab744\''),('51','6','87','NULL','86','2','\'2023-11-08 18:14:22\'','\'2023-11-08 18:14:22\'','\'d4f3c023-d98d-49f6-8f67-399daac62797\''),('52','5','99','NULL','81','1','\'2023-11-10 10:01:25\'','\'2023-11-10 10:01:25\'','\'8ea5b868-d972-45a8-98dc-f6e2d92ffe8f\''),('53','5','99','NULL','82','2','\'2023-11-10 10:01:25\'','\'2023-11-10 10:01:25\'','\'c928e7ea-7125-4fe1-918d-6d7dae857ada\''),('54','6','99','NULL','100','1','\'2023-11-10 10:01:34\'','\'2023-11-10 10:01:34\'','\'325e44cf-b3b9-4a1e-9600-52b62b44f9fb\''),('55','5','101','NULL','81','1','\'2023-11-10 10:01:37\'','\'2023-11-10 10:01:37\'','\'41d39991-b1de-440f-9872-059a548bba86\''),('56','5','101','NULL','82','2','\'2023-11-10 10:01:37\'','\'2023-11-10 10:01:37\'','\'7626a4e7-73cd-4f41-947e-3d2f3c9f2285\''),('57','6','101','NULL','100','1','\'2023-11-10 10:01:37\'','\'2023-11-10 10:01:37\'','\'46eb5841-d91e-4fdf-9f75-e7707e14e286\''),('58','5','102','NULL','50','1','\'2023-11-11 21:42:52\'','\'2023-11-11 21:42:52\'','\'8f7b308c-87fd-411d-a240-32a1a45632e5\''),('59','6','102','NULL','103','1','\'2023-11-11 21:42:58\'','\'2023-11-11 21:42:58\'','\'a5d33c62-b498-4f6a-927f-76a0ff98f8ee\''),('60','5','104','NULL','50','1','\'2023-11-11 21:43:01\'','\'2023-11-11 21:43:01\'','\'3fbf88c1-94ea-4773-9a9b-b883112bd951\''),('61','6','104','NULL','103','1','\'2023-11-11 21:43:01\'','\'2023-11-11 21:43:01\'','\'74092376-075d-4b13-a130-592b83337964\''),('64','6','113','NULL','111','1','\'2023-11-11 22:02:44\'','\'2023-11-11 22:02:44\'','\'d965d172-8a54-4c98-b469-a0fb316b6c35\'');

INSERT INTO resourcepaths(hash,path) VALUES('\'1121ea2f\'','\'@craft/web/assets/jquerypayment/dist\''),('\'1172354d\'','\'@craft/web/assets/jquerytouchevents/dist\''),('\'14b6e898\'','\'@craft/web/assets/velocity/dist\''),('\'1bb36771\'','\'@craft/web/assets/feed/dist\''),('\'24a65a35\'','\'@craft/web/assets/craftsupport/dist\''),('\'26c28df1\'','\'@craft/web/assets/xregexp/dist\''),('\'2cd753d6\'','\'@craft/web/assets/fabric/dist\''),('\'2d7a30f1\'','\'@craft/web/assets/picturefill/dist\''),('\'3cfdc5e8\'','\'@craft/web/assets/utilities/dist\''),('\'426f5e0f\'','\'@craft/web/assets/elementresizedetector/dist\''),('\'42cb66dd\'','\'@craft/web/assets/recententries/dist\''),('\'46564c1\'','\'@craft/web/assets/garnish/dist\''),('\'478f41e7\'','\'@bower/jquery/dist\''),('\'4d68d1f1\'','\'@craft/web/assets/jqueryui/dist\''),('\'5313075a\'','\'@craft/web/assets/fileupload/dist\''),('\'5a3ef384\'','\'@craft/web/assets/axios/dist\''),('\'62f041ba\'','\'@craft/web/assets/dashboard/dist\''),('\'660ffd22\'','\'@craft/web/assets/cp/dist\''),('\'6a475f6a\'','\'@craft/web/assets/selectize/dist\''),('\'6d52e548\'','\'@craft/web/assets/tailwindreset/dist\''),('\'6f74cd5f\'','\'@craft/web/assets/pluginstore/dist\''),('\'713207ea\'','\'@craft/web/assets/fieldsettings/dist\''),('\'755e70e8\'','\'@craft/web/assets/generalsettings/dist\''),('\'7626c335\'','\'@craft/web/assets/htmx/dist\''),('\'775bd2dc\'','\'@craft/web/assets/iframeresizer/dist\''),('\'7c3adb6b\'','\'@craft/web/assets/d3/dist\''),('\'7c7124b3\'','\'@craft/web/assets/updateswidget/dist\''),('\'7d3aa2d6\'','\'@craft/web/assets/matrixsettings/dist\''),('\'830aac3c\'','\'@craft/web/assets/updateswidget/dist\''),('\'834153e4\'','\'@craft/web/assets/d3/dist\''),('\'88205a53\'','\'@craft/web/assets/iframeresizer/dist\''),('\'8a25f867\'','\'@craft/web/assets/generalsettings/dist\''),('\'8e498f65\'','\'@craft/web/assets/fieldsettings/dist\''),('\'900f45d0\'','\'@craft/web/assets/pluginstore/dist\''),('\'92296dc7\'','\'@craft/web/assets/tailwindreset/dist\''),('\'953cd7e5\'','\'@craft/web/assets/selectize/dist\''),('\'9630c3\'','\'@craft/web/assets/vue/dist\''),('\'997475ad\'','\'@craft/web/assets/cp/dist\''),('\'9d8bc935\'','\'@craft/web/assets/dashboard/dist\''),('\'a45a9663\'','\'@craft/web/assets/updates/dist\''),('\'a5457b0b\'','\'@craft/web/assets/axios/dist\''),('\'ac688fd5\'','\'@craft/web/assets/fileupload/dist\''),('\'b213597e\'','\'@craft/web/assets/jqueryui/dist\''),('\'b473a80d\'','\'@craft/web/assets/updater/dist\''),('\'b8f4c968\'','\'@bower/jquery/dist\''),('\'bd14d680\'','\'@craft/web/assets/elementresizedetector/dist\''),('\'bdb0ee52\'','\'@craft/web/assets/recententries/dist\''),('\'be378606\'','\'@craft/web/assets/conditionbuilder/dist\''),('\'c3864d67\'','\'@craft/web/assets/utilities/dist\''),('\'cec09c\'','\'@craft/web/assets/editsection/dist\''),('\'d201b87e\'','\'@craft/web/assets/picturefill/dist\''),('\'d3acdb59\'','\'@craft/web/assets/fabric/dist\''),('\'d9b9057e\'','\'@craft/web/assets/xregexp/dist\''),('\'dbddd2ba\'','\'@craft/web/assets/craftsupport/dist\''),('\'dd5edf44\'','\'@craft/web/assets/sites/dist\''),('\'e4c8effe\'','\'@craft/web/assets/feed/dist\''),('\'ebcd6017\'','\'@craft/web/assets/velocity/dist\''),('\'ee09bdc2\'','\'@craft/web/assets/jquerytouchevents/dist\''),('\'ee5a62a0\'','\'@craft/web/assets/jquerypayment/dist\''),('\'fb1eec4e\'','\'@craft/web/assets/garnish/dist\''),('\'ffb54813\'','\'@craft/web/assets/editsection/dist\''),('\'ffedb84c\'','\'@craft/web/assets/vue/dist\'');

INSERT INTO revisions(id,canonicalId,creatorId,num,notes) VALUES('1','2','1','1','X\'\''),('2','4','1','1','X\'\''),('3','6','1','1','X\'\''),('4','6','1','2','X\'4170706c69656420e2809c44726166742031e2809d\''),('5','6','1','3','X\'4170706c69656420e2809c44726166742031e2809d\''),('6','2','1','2','X\'4170706c69656420e2809c44726166742031e2809d\''),('7','4','1','2','X\'4170706c69656420e2809c44726166742031e2809d\''),('8','6','1','4','X\'4170706c69656420e2809c44726166742031e2809d\''),('9','4','1','3','X\'\''),('10','4','1','4','X\'\''),('11','4','1','5','X\'4170706c69656420e2809c44726166742031e2809d\''),('12','6','1','5','X\'4170706c69656420e2809c44726166742031e2809d\''),('13','2','1','3','X\'4170706c69656420e2809c44726166742031e2809d\''),('14','28','1','1','X\'\''),('15','30','1','1','X\'\''),('16','32','1','1','X\'\''),('17','34','1','1','X\'\''),('18','36','1','1','NULL'),('19','36','1','2','NULL'),('20','36','1','3','NULL'),('21','6','1','6','X\'4170706c69656420e2809c44726166742031e2809d\''),('22','6','1','7','X\'4170706c69656420e2809c44726166742031e2809d\''),('23','44','1','1','X\'\''),('24','44','1','2','X\'\''),('25','47','1','1','X\'\''),('26','32','1','2','X\'4170706c69656420e2809c44726166742031e2809d\''),('27','28','1','2','X\'4170706c69656420e2809c44726166742031e2809d\''),('28','30','1','2','X\'4170706c69656420e2809c44726166742031e2809d\''),('29','32','1','3','X\'4170706c69656420e2809c44726166742031e2809d\''),('30','28','1','3','X\'4170706c69656420e2809c44726166742031e2809d\''),('31','30','1','3','X\'4170706c69656420e2809c44726166742031e2809d\''),('32','32','1','4','X\'4170706c69656420e2809c44726166742031e2809d\''),('33','32','1','5','X\'4170706c69656420e2809c44726166742031e2809d\''),('34','32','1','6','X\'\''),('35','32','1','7','X\'4170706c69656420e2809c44726166742031e2809d\''),('36','32','1','8','X\'4170706c69656420e2809c44726166742031e2809d\''),('37','84','1','1','X\'\''),('38','88','1','1','NULL'),('39','88','1','2','NULL'),('40','4','1','6','X\'4170706c69656420e2809c44726166742031e2809d\''),('41','36','1','4','X\'4170706c69656420e2809c44726166742031e2809d\''),('42','36','1','5','X\'4170706c69656420e2809c44726166742031e2809d\''),('43','4','1','7','X\'4170706c69656420e2809c44726166742031e2809d\''),('44','99','1','1','X\'\''),('45','102','1','1','X\'\''),('46','4','1','8','X\'4170706c69656420e2809c44726166742031e2809d\''),('47','4','1','9','X\'4170706c69656420e2809c44726166742031e2809d\''),('48','4','1','10','X\'4170706c69656420e2809c44726166742031e2809d\''),('49','4','1','11','X\'4170706c69656420e2809c44726166742031e2809d\''),('50','4','1','12','X\'4170706c69656420e2809c44726166742031e2809d\''),('51','4','1','13','X\'4170706c69656420e2809c44726166742031e2809d\''),('52','4','1','14','X\'4170706c69656420e2809c44726166742031e2809d\''),('53','4','1','15','X\'\''),('54','4','1','16','X\'\'');

INSERT INTO searchindex(elementId,attribute,fieldId,siteId,keywords) VALUES('1','\'email\'','0','1','X\'2064796d6f7669636832303135206d61696c20727520\''),('1','\'firstname\'','0','1','X\'\''),('1','\'fullname\'','0','1','X\'\''),('1','\'lastname\'','0','1','X\'\''),('1','\'slug\'','0','1','X\'\''),('1','\'username\'','0','1','X\'2061646d696e20\''),('2','\'slug\'','0','1','X\'2077656c6b6f6d206f7020637261667420\''),('2','\'title\'','0','1','X\'2077656c6b6f6d206f7020637261667420\''),('4','\'slug\'','0','1','X\'20696e666f20\''),('4','\'title\'','0','1','X\'20696e666f20\''),('6','\'slug\'','0','1','X\'2070726f6475637420\''),('6','\'title\'','0','1','X\'2070726f647563747320\''),('26','\'slug\'','0','1','X\'2074656d70207774776973756261656d726d7666777776757174746a61776e707372786278657a63766920\''),('26','\'title\'','0','1','X\'\''),('27','\'slug\'','0','1','X\'2074656d70206f70767a656a6c62617671746b746e6c77667179786565766873756f7066636b71707a7420\''),('27','\'title\'','0','1','X\'\''),('28','\'slug\'','0','1','X\'207465737420\''),('28','\'title\'','0','1','X\'207465737420\''),('30','\'slug\'','0','1','X\'20746573743220\''),('30','\'title\'','0','1','X\'20746573743220\''),('32','\'slug\'','0','1','X\'206e696b69746120\''),('32','\'title\'','0','1','X\'206e696b69746120\''),('34','\'slug\'','0','1','X\'20637261667420\''),('34','\'title\'','0','1','X\'20637261667420\''),('36','\'slug\'','0','1','X\'20686f6d6520\''),('36','\'title\'','0','1','X\'20686f6d6520\''),('44','\'slug\'','0','1','X\'2070726f6475637420\''),('44','\'title\'','0','1','X\'2070726f6475637420\''),('47','\'slug\'','0','1','X\'20706f6475637420\''),('47','\'title\'','0','1','X\'20706f647563747320\''),('49','\'slug\'','0','1','X\'2067736d20\''),('49','\'title\'','0','1','X\'2067736d20\''),('50','\'slug\'','0','1','X\'20666f746f20\''),('50','\'title\'','0','1','X\'20666f746f20\''),('51','\'slug\'','0','1','X\'206c6170746f7020\''),('51','\'title\'','0','1','X\'206c6170746f7020\''),('59','\'slug\'','0','1','X\'20616c67656d65656e20\''),('59','\'title\'','0','1','X\'20616c67656d65656e20\''),('60','\'alt\'','0','1','X\'\''),('60','\'extension\'','0','1','X\'20706e6720\''),('60','\'filename\'','0','1','X\'20696d61676520706e6720\''),('60','\'kind\'','0','1','X\'20696d61676520\''),('60','\'slug\'','0','1','X\'\''),('60','\'title\'','0','1','X\'20696d61676520\''),('61','\'alt\'','0','1','X\'\''),('61','\'extension\'','0','1','X\'206a70656720\''),('61','\'filename\'','0','1','X\'20776562206361707475726520392035203230323320313633343532206c6561726e20756d6763206564752032206a70656720\''),('61','\'kind\'','0','1','X\'20696d61676520\''),('61','\'slug\'','0','1','X\'\''),('61','\'title\'','0','1','X\'20776562206361707475726520392035203230323320313633343532206c6561726e20756d676320656475203220\''),('64','\'alt\'','0','1','X\'\''),('64','\'extension\'','0','1','X\'206a70656720\''),('64','\'filename\'','0','1','X\'20706620706c6179666f726576657220706c207666353031207665727665206c65616462656c6c7920736f6e6e79206c6966657374796c652030322036373278363732206a70656720\''),('64','\'kind\'','0','1','X\'20696d61676520\''),('64','\'slug\'','0','1','X\'\''),('64','\'title\'','0','1','X\'20706620706c6179666f726576657220706c207666353031207665727665206c65616462656c6c7920736f6e6e79206c6966657374796c65203032203637327836373220\''),('67','\'alt\'','0','1','X\'\''),('67','\'extension\'','0','1','X\'20706e6720\''),('67','\'filename\'','0','1','X\'206970686f6e6520313220636f6d62692067726f656e20322036303078363030206267726573697a6520313637373732313520746a20706e6720\''),('67','\'kind\'','0','1','X\'20696d61676520\''),('67','\'slug\'','0','1','X\'\''),('67','\'title\'','0','1','X\'206970686f6e6520313220636f6d62692067726f656e2032203630307836303020622067726573697a6520313637373732313520746a20\''),('71','\'alt\'','0','1','X\'\''),('71','\'extension\'','0','1','X\'206176696620\''),('71','\'filename\'','0','1','X\'2070686f746f203136333333333237353531393220373237613035633430313364206176696620\''),('71','\'kind\'','0','1','X\'20696d61676520\''),('71','\'slug\'','0','1','X\'\''),('71','\'title\'','0','1','X\'2070686f746f20313633333333323735353139322037323761303563343031336420\''),('73','\'alt\'','0','1','X\'\''),('73','\'extension\'','0','1','X\'206176696620\''),('73','\'filename\'','0','1','X\'2070686f746f203136333333333237353531393220373237613035633430313364203230323320313120303720303932353233206a767a67206176696620\''),('73','\'kind\'','0','1','X\'20696d61676520\''),('73','\'slug\'','0','1','X\'\''),('73','\'title\'','0','1','X\'2070686f746f20313633333333323735353139322037323761303563343031336420\''),('81','\'slug\'','0','1','X\'20636f6d707574657220\''),('81','\'title\'','0','1','X\'20636f6d707574657220\''),('82','\'slug\'','0','1','X\'20646573746f7020\''),('82','\'title\'','0','1','X\'20646573746f7020\''),('83','\'slug\'','0','1','X\'2074656d7020746f6e757061757066636d776b656162646a747a746d63666f78686b647a6c62766f6e6720\''),('83','\'title\'','0','1','X\'\''),('84','\'slug\'','0','1','X\'206170706c65206970686f6e6520313220\''),('84','\'title\'','0','1','X\'206170706c65206970686f6e6520313220\''),('85','\'alt\'','0','1','X\'\''),('85','\'extension\'','0','1','X\'206a706720\''),('85','\'filename\'','0','1','X\'2031373731393330206a706720\''),('85','\'kind\'','0','1','X\'20696d61676520\''),('85','\'slug\'','0','1','X\'\''),('85','\'title\'','0','1','X\'203137373139333020\''),('86','\'alt\'','0','1','X\'\''),('86','\'extension\'','0','1','X\'206a706720\''),('86','\'filename\'','0','1','X\'2031353731373932206a706720\''),('86','\'kind\'','0','1','X\'20696d61676520\''),('86','\'slug\'','0','1','X\'\''),('86','\'title\'','0','1','X\'203135373137393220\''),('88','\'slug\'','0','1','X\'20636f6e7461637420\''),('88','\'title\'','0','1','X\'20636f6e7461637420\''),('99','\'slug\'','0','1','X\'2061637469652068702070726f6465736b20343030206731207366662069352034652067656e20696e636c2032206d6f6e69746f72656e2032206a61617220676172616e74696520\''),('99','\'title\'','0','1','X\'2061637469652068702070726f6465736b20343030206731207366662069352034652067656e20696e636c2032206d6f6e69746f72656e2032206a61617220676172616e74696520\''),('100','\'alt\'','0','1','X\'\''),('100','\'extension\'','0','1','X\'206a706720\''),('100','\'filename\'','0','1','X\'2068702070726f6465736b20343030206731207366662032206d6f6e69746f72656e206a706720\''),('100','\'kind\'','0','1','X\'20696d61676520\''),('100','\'slug\'','0','1','X\'\''),('100','\'title\'','0','1','X\'2068702070726f6465736b20343030206731207366662032206d6f6e69746f72656e20\''),('102','\'slug\'','0','1','X\'20666f746f2076616e20766f67656c20\''),('102','\'title\'','0','1','X\'20666f746f2076616e20766f67656c20\''),('103','\'alt\'','0','1','X\'\''),('103','\'extension\'','0','1','X\'206a706720\''),('103','\'filename\'','0','1','X\'2061206269726420776974682074686520776f7264206561676c65206f6e206974732077696e67732031333430203333333933206a706720\''),('103','\'kind\'','0','1','X\'20696d61676520\''),('103','\'slug\'','0','1','X\'\''),('103','\'title\'','0','1','X\'2061206269726420776974682074686520776f7264206561676c65206f6e206974732077696e6773203133343020333333393320\''),('111','\'alt\'','0','1','X\'\''),('111','\'extension\'','0','1','X\'206a706720\''),('111','\'filename\'','0','1','X\'206d617872657364656661756c74206a706720\''),('111','\'kind\'','0','1','X\'20696d61676520\''),('111','\'slug\'','0','1','X\'\''),('111','\'title\'','0','1','X\'206d617872657364656661756c7420\''),('117','\'slug\'','0','1','X\'2074656d70207a7a766c77656c717579616677796e7763697872747976686c6b68707473716d6f78676c20\''),('117','\'title\'','0','1','X\'\'');

INSERT INTO sections(id,structureId,name,handle,type,enableVersioning,propagationMethod,defaultPlacement,previewTargets,dateCreated,dateUpdated,dateDeleted,uid) VALUES('1','1','\'Pages\'','\'pages\'','\'structure\'','1','\'all\'','\'end\'','NULL','\'2023-11-01 16:59:03\'','\'2023-11-01 16:59:03\'','NULL','\'35e0920c-0f1a-4de3-a855-cd925e5aac85\''),('2','NULL','\'Product\'','\'products\'','\'channel\'','1','\'all\'','\'end\'','NULL','\'2023-11-01 20:41:16\'','\'2023-11-04 22:05:00\'','NULL','\'8a477524-9b34-47ab-b807-ab232caa26a1\''),('3','NULL','\'Home\'','\'home\'','\'single\'','1','\'all\'','\'end\'','NULL','\'2023-11-04 17:07:53\'','\'2023-11-04 17:07:53\'','NULL','\'7920aead-63d2-456d-9d49-5395aa85b1a0\''),('4','NULL','\'Contact\'','\'contact\'','\'single\'','1','\'all\'','\'end\'','NULL','\'2023-11-08 19:13:43\'','\'2023-11-08 19:13:43\'','NULL','\'7d2ec9bb-3721-4de3-a6f7-a22c52a85eee\'');

INSERT INTO sections_sites(id,sectionId,siteId,hasUrls,uriFormat,template,enabledByDefault,dateCreated,dateUpdated,uid) VALUES('1','1','1','1','X\'70616765732f7b736c75677d\'','\'pages/_entry\'','1','\'2023-11-01 16:59:03\'','\'2023-11-01 16:59:03\'','\'88e2df6f-551a-4f8e-9753-d845603f76cc\''),('2','2','1','1','X\'70726f64756374732f7b736c75677d\'','\'product/_entry\'','1','\'2023-11-01 20:41:16\'','\'2023-11-04 22:05:00\'','\'5605348b-7299-4ffe-a12b-9b458a0e1e55\''),('3','3','1','1','X\'5f5f686f6d655f5f\'','\'index\'','1','\'2023-11-04 17:07:53\'','\'2023-11-04 17:07:53\'','\'a12f4adf-1a09-479a-92ea-fccdb2b86c9f\''),('4','4','1','1','X\'636f6e74616374\'','\'contact/_contacte.twig\'','1','\'2023-11-08 19:13:43\'','\'2023-11-08 19:13:43\'','\'08fb4261-93d7-4d10-804c-ab335a7446c3\'');


INSERT INTO sessions(id,userId,token,dateCreated,dateUpdated,uid) VALUES('1','1','\'FiGDc7aP9zYjmTCK1KRV3-UgAHhit6vyCkY5b2JVnVgAKBoapVpqW1edX7lk-IAOqu5SMaix_h-KV18JrheQgpWeK57nlwZoFyaz\'','\'2023-10-31 12:11:50\'','\'2023-10-31 14:07:13\'','\'f4e53afe-9530-41fb-9dc8-7199f9649226\''),('2','1','\'cL0A00-BusodjenjWla8pSbowa7U4S9J608B9MqfaOYl3MJUvtOu5zFU7EqqQcuZyZqI2sx0nM_ZZZWWTONAIxTx-IA-RC-MoMOF\'','\'2023-10-31 18:48:17\'','\'2023-10-31 18:54:15\'','\'d6bcb421-43c3-4597-8458-6b4495b6644e\''),('5','1','\'EOTaw9UI80BlCqQdVuJD41FvbOVXdcRRadMcl1FWT15gLTryRS1jYNeovoHi9v_cLCK27DLLKAC5l_CgtN_kwXQU6EudUyNVQe6b\'','\'2023-11-01 19:02:51\'','\'2023-11-01 22:16:03\'','\'bfa56e5e-8485-4492-a0c0-5d483d67b2c0\''),('6','1','\'tdoQvZahPynZUEfbgEWthAaj_cNC2vdGtFaXXDvYyzVcBcKrLvJdttpnJqQFx14FAa5mZTz9Snkx34YVPVrDFtOrVIoJldI97yWU\'','\'2023-11-03 21:07:12\'','\'2023-11-03 22:05:08\'','\'feb29b0d-285c-4254-ab6e-802ee54ac8a6\''),('7','1','\'PQ3i-ECb2jITLu1MbEa091W5fibqJBgdvTPoTp4AGZsQIWFghcuyycAYz3Drpktp1AqMZ00sFIekri6dxn0XfRgfTE1alxSc-7Sh\'','\'2023-11-03 22:05:08\'','\'2023-11-03 22:23:08\'','\'99a82f1a-629b-4701-bc82-f9556c57e15b\''),('8','1','\'jXUzZOzWSIvylYGYffsvIcqSfmOXdVyY_ML3TREQdLBuk8cj3pK834MEORD3a1x4jWH9TG8IKwdIQPv7qx3W-kxwAJTFDzGIR0xM\'','\'2023-11-04 17:05:18\'','\'2023-11-04 17:29:05\'','\'2aea7426-ec27-4c8c-9573-00c76489bfb8\''),('9','1','\'lth3Kcpc0k1r1LLOGgFai4XF97tii5HrRj-UotrtdiILjLjIBiASXY12s-VbvO8n9fV5m7pY46pW8fMPUbfxK1d2_9lgtaDGSp-f\'','\'2023-11-04 21:03:34\'','\'2023-11-04 22:40:25\'','\'5466fd42-fd6f-4426-82ee-2bcc71c916c7\''),('10','1','\'5BUSzFtL0vcCOOwE-QYQn488lCPunlOZQhgHLNPxtjNZne9ElCN9MxPzFnPsM7T3l3aYeDzlxoc7wFeZQDlylGZpcmekjExoFQ25\'','\'2023-11-06 07:45:06\'','\'2023-11-06 10:42:01\'','\'5d750f1c-6345-4ec9-85ef-747d72d4fce6\''),('11','1','\'k4ip-7hQ6mVoFoyb16TJlTMOB0knzgJ7FLdngsUjYkPullrelel0xqOoeeYL032UWd0miVyK7zGJmkgVTuzcNesmq5ryE_DfC5PM\'','\'2023-11-07 08:58:24\'','\'2023-11-07 10:39:30\'','\'204e9f36-f7a4-43b0-8ccc-395bdf61f977\''),('12','1','\'1jUr0auwc1zGOn-oP9hbXG15YfAZjW0VnQB4NsXSTHEBngtp5Z4l4zn0B6NOrWHbSHNyOZC8VhWwq38snmT3H1-WXp5K-j9olBnJ\'','\'2023-11-08 18:10:05\'','\'2023-11-08 21:12:30\'','\'75d57b7f-9ca6-4f4b-bb04-9c452827c589\''),('13','1','\'ixqEeTDK-pUuFuuDcoR2HKY38lsEwI0ihNA9cSnwzyGu-MYU8xAJY1mO-3m0Vo2wtPnJswsPR5O2PfV7B7I-bnBaIU6O7k8APsa-\'','\'2023-11-09 15:50:22\'','\'2023-11-09 15:53:36\'','\'42cbb29a-86b6-4166-8387-cb1f74715699\''),('14','1','\'25IDiPv-EGNKxdzpS_xDimq3BoZJ_MOlwyJI2thIhEKym8KJQ3P4pU9XVYalsHlDaE-q9_V9ouRZiR2pvaknRsEHrHMw6VqlAcJ8\'','\'2023-11-10 09:25:28\'','\'2023-11-10 10:36:35\'','\'40ec70bd-b071-4386-9cc3-5f2e823517ea\''),('15','1','\'Q5NwHVZK0MRBhY2rmlI7ZvMRPHQ6MjITEDOgLOz00zvNjSrm7AEVm_M01wbo4FKFBoR0wBoyBi-wA66KVfmygpEbCJxllqP5pj90\'','\'2023-11-10 19:43:43\'','\'2023-11-10 20:23:34\'','\'d7729548-8c7c-4de2-ab5b-0fb01539250f\''),('16','1','\'i9niIZw5n31wAaMb1c82sQeytMJe7Javv-PCCTdw18KVx02vx2Kw357g66WX3E8tcgyLwRkvCURzHQfyRlahgnAB7lSQ9oLheh-Z\'','\'2023-11-11 20:42:43\'','\'2023-11-11 22:10:22\'','\'9dd58102-a080-4cd4-9114-e1e993b71ae7\'');


INSERT INTO sitegroups(id,name,dateCreated,dateUpdated,dateDeleted,uid) VALUES('1','\'craft\'','\'2023-10-31 12:08:32\'','\'2023-10-31 12:08:32\'','NULL','\'e360b3e5-21a4-4612-a660-bfb24c3360a4\'');

INSERT INTO sites(id,groupId,primary,enabled,name,handle,language,hasUrls,baseUrl,sortOrder,dateCreated,dateUpdated,dateDeleted,uid) VALUES('1','1','1','\'true\'','\'craft\'','\'default\'','\'en-US\'','1','\'$PRIMARY_SITE_URL\'','1','\'2023-10-31 12:08:32\'','\'2023-10-31 12:08:32\'','NULL','\'839dd7f1-0eb7-4069-bdb9-16ffd00a4887\'');

INSERT INTO structureelements(id,structureId,elementId,root,lft,rgt,level,dateCreated,dateUpdated,uid) VALUES('1','1','NULL','1','1','8','0','\'2023-11-01 17:00:43\'','\'2023-11-04 21:58:42\'','\'abe5eea0-9736-4dd7-ba98-bd168723adba\''),('3','1','4','1','2','3','1','\'2023-11-01 17:37:36\'','\'2023-11-04 17:11:30\'','\'e606e4be-8655-43af-8c11-eb1fd852da3a\''),('5','1','26','1','4','5','1','\'2023-11-01 20:37:19\'','\'2023-11-04 21:44:56\'','\'f2a439f9-5840-448c-8d92-c6020e95650c\''),('6','1','27','1','6','7','1','\'2023-11-01 20:39:41\'','\'2023-11-04 21:44:56\'','\'ed5732d6-1f61-43a9-8a10-d9969ead9738\''),('10','3','NULL','10','1','14','0','\'2023-11-04 22:13:32\'','\'2023-11-07 10:13:48\'','\'9cffd79c-bae0-4882-87f8-0fa1bb89b7c9\''),('11','3','49','10','2','3','1','\'2023-11-04 22:13:32\'','\'2023-11-07 10:13:48\'','\'dc410982-99a3-4f87-a837-f2162557bf0a\''),('12','3','50','10','4','5','1','\'2023-11-04 22:13:40\'','\'2023-11-07 10:13:48\'','\'4433192d-940c-48d1-8b57-079416c66122\''),('13','3','51','10','7','8','2','\'2023-11-04 22:13:54\'','\'2023-11-07 10:13:48\'','\'af3cf25a-4d5e-494f-a148-58dcdfa66062\''),('15','3','81','10','6','11','1','\'2023-11-07 09:39:53\'','\'2023-11-07 10:13:48\'','\'1d89fa40-e424-49b6-a024-d70881f23650\''),('16','3','82','10','9','10','2','\'2023-11-07 09:40:16\'','\'2023-11-07 10:13:48\'','\'756c1483-66ab-4d70-a476-b249327da35a\''),('17','3','83','10','12','13','1','\'2023-11-07 10:13:38\'','\'2023-11-07 10:13:48\'','\'6100020e-3b66-4075-8986-6f36ef389fac\'');

INSERT INTO structures(id,maxLevels,dateCreated,dateUpdated,dateDeleted,uid) VALUES('1','2','\'2023-11-01 16:59:03\'','\'2023-11-01 16:59:03\'','NULL','\'918c403e-d679-4c39-8059-b5aad80d8f64\''),('2','NULL','\'2023-11-03 22:08:01\'','\'2023-11-03 22:08:01\'','\'2023-11-04 22:09:38\'','\'944b8efd-0bc1-4eb1-9f75-3652cf684e44\''),('3','2','\'2023-11-04 22:13:11\'','\'2023-11-04 22:13:11\'','NULL','\'274e72cb-c258-44d2-806d-fb0d0b399bfc\'');










INSERT INTO userpreferences(userId,preferences) VALUES('1','X\'7b226c616e6775616765223a22656e2d5553227d\'');

INSERT INTO users(id,photoId,active,pending,locked,suspended,admin,username,fullName,firstName,lastName,email,password,lastLoginDate,lastLoginAttemptIp,invalidLoginWindowStart,invalidLoginCount,lastInvalidLoginDate,lockoutDate,hasDashboard,verificationCode,verificationCodeIssuedDate,unverifiedEmail,passwordResetRequired,lastPasswordChangeDate,dateCreated,dateUpdated) VALUES('1','NULL','1','0','0','0','1','\'admin\'','NULL','NULL','NULL','\'dymovich2015@mail.ru\'','\'$2y$13$G/HvPGXzGGWYPvnQDTP/3uMh1twl8.omPdFYGUqU6XKqXm6kz/Zti\'','\'2023-11-11 20:42:43\'','NULL','NULL','NULL','NULL','NULL','1','NULL','NULL','NULL','0','\'2023-10-31 12:08:33\'','\'2023-10-31 12:08:33\'','\'2023-11-11 20:42:43\'');

INSERT INTO volumefolders(id,parentId,volumeId,name,path,dateCreated,dateUpdated,uid) VALUES('1','NULL','1','\'images\'','\'\'','\'2023-11-07 09:11:03\'','\'2023-11-07 09:11:03\'','\'1a17d120-6eb2-4e2d-a21d-1f8acc47c103\''),('2','NULL','NULL','\'Temporary filesystem\'','NULL','\'2023-11-07 09:11:50\'','\'2023-11-07 09:11:50\'','\'95d7400e-8876-4c50-ad5c-bf51c71a8d95\''),('3','2','NULL','\'user_1\'','\'user_1/\'','\'2023-11-07 09:11:50\'','\'2023-11-07 09:11:50\'','\'9a73a343-b1a0-47d8-a9ef-fa819f3627fc\''),('4','1','1','\'nikita\'','\'nikita/\'','\'2023-11-07 09:19:01\'','\'2023-11-07 09:19:01\'','\'c291c463-e4b6-4dca-b785-c55065aed213\''),('5','1','1','\'test\'','\'test/\'','\'2023-11-07 09:20:04\'','\'2023-11-07 09:20:04\'','\'bd9c32d5-fdcc-49a8-8476-4dade2a43d56\''),('6','1','1','\'test2\'','\'test2/\'','\'2023-11-07 09:20:22\'','\'2023-11-07 09:20:22\'','\'5d508289-bab0-474c-81c7-208b63dae84f\''),('7','1','1','\'apple-iphone-12\'','\'apple-iphone-12/\'','\'2023-11-08 18:14:18\'','\'2023-11-08 18:14:18\'','\'a24542d0-80e4-4eba-b915-fbcef59d5bd4\''),('8','1','1','\'actie-hp-prodesk-400-g1-sff-i5-4e-gen-incl-2-monitoren-2-jaar-garantie\'','\'actie-hp-prodesk-400-g1-sff-i5-4e-gen-incl-2-monitoren-2-jaar-garantie/\'','\'2023-11-10 10:01:34\'','\'2023-11-10 10:01:34\'','\'226310f4-cf71-474d-b0d9-d7514f288ce4\''),('9','1','1','\'foto-van-vogel\'','\'foto-van-vogel/\'','\'2023-11-11 21:42:57\'','\'2023-11-11 21:42:57\'','\'4bd40ce2-074f-4457-bc3d-0339eb5bc9ad\''),('10','1','1','\'info\'','\'info/\'','\'2023-11-11 22:02:39\'','\'2023-11-11 22:02:39\'','\'71ebba5d-82f9-42fb-9dd9-968be32e4934\'');

INSERT INTO volumes(id,fieldLayoutId,name,handle,fs,transformFs,transformSubpath,titleTranslationMethod,titleTranslationKeyFormat,sortOrder,dateCreated,dateUpdated,dateDeleted,uid) VALUES('1','6','\'images\'','\'images\'','\'uploads\'','\'\'','\'\'','\'site\'','NULL','1','\'2023-11-07 09:11:03\'','\'2023-11-07 09:11:03\'','NULL','\'d7e1b0ea-7a60-4464-acb3-f76cab0a3805\'');

INSERT INTO wheelform_form_fields(id,form_id,name,type,required,index_view,order,active,options,dateCreated,dateUpdated,uid) VALUES('1','1','\'email\'','\'email\'','1','0','1','1','NULL','\'2023-11-08 19:06:28\'','\'2023-11-08 19:06:28\'','\'efd8413a-aff3-4a63-b9c7-69914d20d24a\''),('2','1','\'name\'','\'text\'','0','0','2','1','NULL','\'2023-11-08 19:06:28\'','\'2023-11-08 19:06:28\'','\'9a3d7bd7-fe27-4a33-bc36-8afd418e351c\''),('3','1','\'message\'','\'text\'','1','0','3','1','NULL','\'2023-11-08 19:06:28\'','\'2023-11-08 19:06:28\'','\'b123a561-daff-45a0-a303-814cc7ecd78e\'');

INSERT INTO wheelform_forms(id,site_id,name,to_email,active,send_email,recaptcha,save_entry,options,dateCreated,dateUpdated,uid) VALUES('1','1','\'Contact Form\'','\'user@example.com\'','1','1','0','1','NULL','\'2023-11-08 19:06:28\'','\'2023-11-08 19:06:28\'','\'21020416-5327-4a10-9753-e41d6d06d3ef\'');

INSERT INTO wheelform_message_values(id,message_id,field_id,value,dateCreated,dateUpdated,uid) VALUES('1','1','1','X\'6e696b6964796d6f4073747564656e742e6172746576656c646568732e6265\'','\'2023-11-08 19:21:47\'','\'2023-11-08 19:21:47\'','\'415ed121-d6ab-4e21-a5a5-9db809f5897b\''),('2','1','2','X\'4e696b697461\'','\'2023-11-08 19:21:47\'','\'2023-11-08 19:21:47\'','\'b80e776a-1a1c-4c4b-ac98-0c72d9d4f25e\''),('3','1','3','X\'746572736574\'','\'2023-11-08 19:21:47\'','\'2023-11-08 19:21:47\'','\'9af158ab-3e8f-48e7-87a9-deb25f64e1c5\''),('4','2','1','X\'6e696b6964796d6f4073747564656e742e6172746576656c646568732e6265\'','\'2023-11-08 19:22:17\'','\'2023-11-08 19:22:17\'','\'fb7c97b2-c501-4a7d-bebd-d36523b9877a\''),('5','2','2','X\'4e696b697461\'','\'2023-11-08 19:22:17\'','\'2023-11-08 19:22:17\'','\'dbb599ad-1878-436d-afdb-6404b622765f\''),('6','2','3','X\'746572736574373737\'','\'2023-11-08 19:22:17\'','\'2023-11-08 19:22:17\'','\'a7f43572-2880-4134-bbca-5524abb5a29b\''),('7','3','1','X\'64796d6f7669636832303135406d61696c2e7275\'','\'2023-11-08 19:22:55\'','\'2023-11-08 19:22:55\'','\'ab0af83e-6ad6-434f-bd33-d00a6ed31c42\''),('8','3','2','X\'4e696b697461\'','\'2023-11-08 19:22:55\'','\'2023-11-08 19:22:55\'','\'d0be06b1-a716-4b5f-976b-0da18470bc9f\''),('9','3','3','X\'746572736574373737\'','\'2023-11-08 19:22:55\'','\'2023-11-08 19:22:55\'','\'11a705ff-bbc6-4370-a1b8-14f2e724ef1e\''),('10','4','1','X\'6e696b6964796d6f4073747564656e742e6172746576656c646568732e6265\'','\'2023-11-08 19:24:08\'','\'2023-11-08 19:24:08\'','\'c1fba551-63f1-47fc-bcc9-7ef6d752db01\''),('11','4','2','X\'626c6f6e642068616972\'','\'2023-11-08 19:24:08\'','\'2023-11-08 19:24:08\'','\'dade0caa-2d13-4e64-9029-a2c4c3bd2973\''),('12','4','3','X\'6665726774796e75692c\'','\'2023-11-08 19:24:08\'','\'2023-11-08 19:24:08\'','\'948f60f7-b502-47b6-a611-5a2573601c71\''),('13','5','1','X\'6e696b6964796d6f4073747564656e742e6172746576656c646568732e6265\'','\'2023-11-08 20:11:13\'','\'2023-11-08 20:11:13\'','\'d241f009-f3c6-4e5d-839d-dffa507d0b22\''),('14','5','2','X\'4e696b697461\'','\'2023-11-08 20:11:13\'','\'2023-11-08 20:11:13\'','\'b26b92df-eba3-4c8a-b30d-685b25e594d6\''),('15','5','3','X\'746572736574373737\'','\'2023-11-08 20:11:13\'','\'2023-11-08 20:11:13\'','\'add8e9c6-c17b-43dd-bf7b-d8dbe66047dc\''),('16','6','1','X\'6e696b6964796d6f4073747564656e742e6172746576656c646568732e6265\'','\'2023-11-10 19:41:44\'','\'2023-11-10 19:41:44\'','\'84f52507-8720-4b1e-a4d4-f250b21fc77d\''),('17','6','2','X\'626c6f6e642068616972\'','\'2023-11-10 19:41:44\'','\'2023-11-10 19:41:44\'','\'b3b5d158-ef18-4a76-b7c8-87bcd57af5b6\''),('18','6','3','X\'6665726774796e75692c\'','\'2023-11-10 19:41:44\'','\'2023-11-10 19:41:44\'','\'49c2f27e-16a3-49f2-8eff-61767c17821a\''),('19','7','1','X\'64796d6f7669636832303135406d61696c2e7275\'','\'2023-11-10 21:17:58\'','\'2023-11-10 21:17:58\'','\'5397d24e-eeb7-4929-9dc2-025bda614668\''),('20','7','2','X\'626c6f6e642068616972\'','\'2023-11-10 21:17:58\'','\'2023-11-10 21:17:58\'','\'d370ebe0-0797-43de-b934-38cf76da336d\''),('21','7','3','X\'6b69\'','\'2023-11-10 21:17:58\'','\'2023-11-10 21:17:58\'','\'0f267b91-07f7-430c-add4-161ffe77e713\'');

INSERT INTO wheelform_messages(id,form_id,read,options,dateCreated,dateUpdated,uid) VALUES('1','1','0','NULL','\'2023-11-08 19:21:47\'','\'2023-11-08 19:21:47\'','\'5f270137-d3bd-4fcb-9ebe-68109afff3c7\''),('2','1','0','NULL','\'2023-11-08 19:22:17\'','\'2023-11-08 19:22:17\'','\'d6f1b1be-48f4-47e4-b6d5-16b0c7b686d8\''),('3','1','0','NULL','\'2023-11-08 19:22:55\'','\'2023-11-08 19:22:55\'','\'efa79286-7790-4a8a-8fac-6a9752ee91fe\''),('4','1','0','NULL','\'2023-11-08 19:24:08\'','\'2023-11-08 19:24:08\'','\'4038a9c3-0390-4e12-80be-9acc03d420a7\''),('5','1','0','NULL','\'2023-11-08 20:11:13\'','\'2023-11-08 20:11:13\'','\'1c98c64b-169e-4996-b3e7-de6880cbb698\''),('6','1','0','NULL','\'2023-11-10 19:41:44\'','\'2023-11-10 19:41:44\'','\'ffadee7e-7134-49cc-b655-38d5cf76bc04\''),('7','1','0','NULL','\'2023-11-10 21:17:58\'','\'2023-11-10 21:17:58\'','\'4384a6a5-85c0-419f-9d50-cca8c5847b66\'');
INSERT INTO widgets(id,userId,type,sortOrder,colspan,settings,enabled,dateCreated,dateUpdated,uid) VALUES('1','1','\'craft\\\\widgets\\\\RecentEntries\'','1','NULL','X\'7b22736974654964223a312c2273656374696f6e223a222a222c226c696d6974223a31307d\'','1','\'2023-10-31 12:11:50\'','\'2023-10-31 12:11:50\'','\'020a4726-9dc8-4eb7-b688-b463cd6c0212\''),('2','1','\'craft\\\\widgets\\\\CraftSupport\'','2','NULL','X\'5b5d\'','1','\'2023-10-31 12:11:50\'','\'2023-10-31 12:11:50\'','\'1b68d1e1-0a34-453b-aa19-87e829f845eb\''),('3','1','\'craft\\\\widgets\\\\Updates\'','3','NULL','X\'5b5d\'','1','\'2023-10-31 12:11:50\'','\'2023-10-31 12:11:50\'','\'9f2b4b0b-faf9-4f65-a41d-8f4b160ffb5e\''),('4','1','\'craft\\\\widgets\\\\Feed\'','4','NULL','X\'7b2275726c223a2268747470733a5c2f5c2f6372616674636d732e636f6d5c2f6e6577732e727373222c227469746c65223a224372616674204e657773222c226c696d6974223a357d\'','1','\'2023-10-31 12:11:50\'','\'2023-10-31 12:11:50\'','\'def30fb7-31f3-4213-a0a9-766d8108ed99\'');